eid,probe,cls,spec,Dn_mem,EB_mem,beta_near,T_near,n_mem,R_PB,R_Pth,R_stat,R_Pdyn,R_Ptot,R_v,r_nB,n_in,xcheck
2007-08-08_tha,tha,BOUNDARY_LAYER,,0.0949,3.2952,0.0795,647.8,202,10.859,0.171,1.82,0.011,1.134,0.316,-0.829,992,1.0
2007-08-09_tha,tha,CONFIRMED_PDL,SHAPE_FLAG,0.8514,2.2147,0.9786,164.9,41,4.905,0.701,1.238,0.631,1.04,0.907,-0.669,994,1.0
2007-08-10_tha,tha,AMBIGUOUS,,1.1834,2.2647,1.0615,144.0,265,5.129,0.866,1.423,0.618,1.163,0.748,-0.44,1218,1.0
2007-08-11_tha,tha,AMBIGUOUS,,0.5486,4.5966,0.4319,443.4,353,21.129,0.488,1.503,0.087,1.084,0.472,-0.799,1294,1.0
2007-08-11_thb,thb,AMBIGUOUS,,0.8955,1.3618,4.0804,481.8,30,1.872,1.042,1.134,1.017,1.133,1.102,-0.648,145,1.0
2007-08-11_thc,thc,BOUNDARY_LAYER,,0.0741,3.4887,0.1088,783.2,10,12.171,0.126,1.158,0.011,0.784,0.421,-0.804,124,1.0
2007-08-11_thd,thd,BOUNDARY_LAYER,,0.064,3.4134,0.0892,868.4,17,11.652,0.123,1.338,0.005,0.895,0.284,-0.816,127,1.0
2007-08-12_tha,tha,AMBIGUOUS,,0.524,3.1595,0.4809,327.4,384,9.982,0.563,1.618,0.237,1.353,0.902,-0.75,986,1.0
2007-08-12_thc,thc,AMBIGUOUS,,1.373,2.035,3.3521,253.2,14,4.141,1.115,1.331,0.271,1.015,0.632,-0.808,59,1.0
2007-08-13_tha,tha,AMBIGUOUS,,0.2429,4.802,0.1196,164.4,47,23.059,0.262,2.187,0.188,1.917,1.151,-0.662,496,1.0
2007-08-13_thb,thb,BOUNDARY_LAYER,,0.1346,4.0183,0.08,209.9,22,16.147,0.182,2.162,0.179,1.799,0.907,-0.764,55,1.0
2007-08-13_thc,thc,AMBIGUOUS,,1.6133,2.684,1.1824,112.1,24,7.204,0.921,1.626,1.166,1.531,1.196,-0.913,43,1.0
2007-08-13_thd,thd,BOUNDARY_LAYER,,0.0568,4.9269,0.0603,360.4,8,24.269,0.129,2.03,0.234,1.75,1.46,-0.895,46,1.0
2007-08-15_tha,tha,BOUNDARY_LAYER,,0.0668,4.9721,0.0654,438.1,121,24.722,0.146,1.888,0.006,1.051,0.333,-0.88,712,1.0
2007-08-15_thc,thc,BOUNDARY_LAYER,,0.1217,2.1919,0.081,308.8,76,4.804,0.266,2.043,0.015,1.559,0.361,-0.722,141,1.0
2007-08-15_thd,thd,BOUNDARY_LAYER,,0.1161,2.2257,0.0663,305.0,12,4.954,0.242,2.187,0.012,1.641,0.313,-0.794,76,1.0
2007-08-15_the,the,BOUNDARY_LAYER,,0.1056,2.2817,0.0681,299.1,9,5.206,0.218,2.078,0.01,1.46,0.311,-0.894,73,1.0
2007-08-16_thb,thb,AMBIGUOUS,,0.2262,2.963,0.1813,305.0,33,8.779,0.333,1.762,0.064,1.301,0.492,-0.914,133,1.0
2007-08-16_thc,thc,CONFIRMED_PDL,AMBIGUOUS_SPEC,0.5695,2.2192,0.3562,186.0,288,4.925,0.447,1.36,0.189,0.936,0.512,-0.73,981,1.0
2007-08-16_thd,thd,CONFIRMED_PDL,HOT_BOUNDARY_FLAG,0.6024,2.9145,0.248,195.0,29,8.494,0.415,1.692,0.195,1.241,0.559,-0.795,135,1.0
2007-08-16_the,the,BOUNDARY_LAYER,,0.086,3.0098,0.0946,435.5,11,9.059,0.161,1.529,0.048,1.098,0.61,-0.833,116,1.0
2007-08-17_tha,tha,BOUNDARY_LAYER,,0.0663,2.3209,0.0664,384.6,198,5.387,0.13,1.516,0.025,1.241,0.617,-0.928,1188,1.0
2007-08-17_thb,thb,BOUNDARY_LAYER,,0.1647,3.1891,0.0981,289.3,59,10.17,0.232,2.107,0.057,1.777,0.682,-0.866,190,1.0
2007-08-17_thc,thc,CONFIRMED_PDL,HOT_BOUNDARY_FLAG,0.5784,2.1638,0.4852,210.8,28,4.707,0.622,1.535,0.226,1.299,0.743,-0.919,957,1.0
2007-08-17_thd,thd,BOUNDARY_LAYER,,0.0784,2.4423,0.0775,356.0,31,5.965,0.161,1.625,0.109,1.412,0.954,-0.903,168,1.0
2007-08-17_the,the,BOUNDARY_LAYER,,0.1538,2.229,0.0903,286.3,39,4.969,0.174,1.49,0.15,1.285,0.991,-0.87,175,1.0
2007-08-19_tha,tha,AMBIGUOUS,,0.9715,1.5537,0.6368,130.9,696,2.414,0.959,1.516,0.563,1.352,0.774,-0.647,1735,1.0
2007-08-19_thb,thb,CONFIRMED_PDL,HOT_BOUNDARY_FLAG,0.4758,2.1514,0.1696,103.2,48,4.629,0.345,1.63,0.219,1.349,0.706,-0.776,171,1.0
2007-08-19_thc,thc,CONFIRMED_PDL,HOT_BOUNDARY_FLAG,0.5519,1.9411,0.2323,112.0,78,3.768,0.501,1.615,0.489,1.408,0.889,-0.911,210,1.0
2007-08-19_thd,thd,CONFIRMED_PDL,SHEATH_CONSISTENT,0.6792,1.7965,0.2359,109.6,78,3.227,0.546,1.698,0.472,1.486,0.817,-0.908,210,1.0
2007-08-19_the,the,CONFIRMED_PDL,SHEATH_CONSISTENT,0.7803,1.7737,0.2529,108.2,64,3.146,0.609,1.645,0.496,1.435,0.788,-0.869,195,1.0
2007-08-21_thb,thb,CONFIRMED_PDL,AMBIGUOUS_SPEC,0.773,2.8887,1.1236,133.2,85,8.341,0.601,1.077,0.147,0.807,0.444,-0.915,214,1.0
2007-08-21_thc,thc,CONFIRMED_PDL,HOT_BOUNDARY_FLAG,0.8609,2.1712,1.653,126.5,87,4.714,0.794,1.138,0.202,0.892,0.477,-0.845,217,1.0
2007-08-21_thd,thd,CONFIRMED_PDL,HOT_BOUNDARY_FLAG,0.8529,2.2566,1.3726,124.0,85,5.089,0.766,1.18,0.144,0.869,0.407,-0.766,217,1.0
2007-08-21_the,the,AMBIGUOUS,,0.93,2.2786,1.935,133.1,83,5.192,0.77,1.088,0.16,0.816,0.403,-0.745,212,1.0
2007-08-22_thb,thb,CONFIRMED_PDL,AMBIGUOUS_SPEC,0.6394,3.1886,0.4399,129.4,603,10.167,0.463,1.359,0.163,1.064,0.54,-0.912,1764,1.0
2007-08-22_thc,thc,CONFIRMED_PDL,AMBIGUOUS_SPEC,0.7531,2.7925,0.8293,117.8,345,7.798,0.587,1.142,0.315,0.925,0.644,-0.889,1572,1.0
2007-08-22_thd,thd,CONFIRMED_PDL,SHEATH_CONSISTENT,0.6074,3.1977,0.4355,114.4,664,10.225,0.436,1.306,0.225,1.052,0.63,-0.903,1869,1.0
2007-08-22_the,the,CONFIRMED_PDL,SHEATH_CONSISTENT,0.4018,3.6272,0.2429,119.1,737,13.157,0.317,1.395,0.161,1.059,0.666,-0.922,1954,1.0
2007-08-25_tha,tha,AMBIGUOUS,,3.8764,3.5307,2.0004,126.3,101,12.466,4.074,5.281,0.249,1.011,0.237,0.009,273,1.0
2007-08-25_thb,thb,AMBIGUOUS,,0.9804,1.7454,1.0911,121.7,491,3.046,0.824,1.224,0.207,0.956,0.484,-0.688,1223,1.0
2007-08-25_thc,thc,AMBIGUOUS,,0.7655,1.7052,1.1127,132.6,487,2.908,0.713,1.116,0.158,0.823,0.452,-0.662,1221,1.0
2007-08-25_thd,thd,AMBIGUOUS,,0.7315,1.7991,0.862,125.6,474,3.237,0.683,1.148,0.134,0.839,0.428,-0.759,1175,1.0
2007-08-25_the,the,AMBIGUOUS,,0.715,1.7898,0.917,132.8,492,3.203,0.668,1.099,0.134,0.801,0.434,-0.844,1202,1.0
2007-08-26_thb,thb,AMBIGUOUS,,0.254,1.8808,0.1957,309.3,454,3.537,0.255,1.115,0.09,0.697,0.578,-0.873,1174,1.0
2007-08-26_thc,thc,AMBIGUOUS,,0.2597,1.8662,0.2222,413.3,384,3.483,0.417,1.179,0.048,0.674,0.508,-0.757,1131,1.0
2007-08-26_thd,thd,AMBIGUOUS,,0.2949,1.8089,0.2185,354.0,365,3.272,0.429,1.265,0.064,0.77,0.527,-0.623,1105,1.0
2007-08-26_the,the,CONFIRMED_PDL,AMBIGUOUS_SPEC,0.5904,1.6306,0.4228,291.8,421,2.659,0.667,1.284,0.267,0.856,0.722,-0.559,1126,1.0
2007-08-27_thb,thb,AMBIGUOUS,,0.3127,1.7442,0.2285,264.6,505,3.042,0.248,0.953,0.128,0.659,0.644,-0.835,1288,1.0
2007-08-27_thc,thc,AMBIGUOUS,,0.3852,1.6601,0.2783,207.0,556,2.756,0.278,0.936,0.186,0.635,0.692,-0.884,1384,1.0
2007-08-27_thd,thd,CONFIRMED_PDL,SHEATH_CONSISTENT,0.4205,1.5451,0.2715,207.5,534,2.387,0.322,1.015,0.22,0.724,0.725,-0.893,1368,1.0
2007-08-27_the,the,CONFIRMED_PDL,SHEATH_CONSISTENT,0.4759,1.3515,0.283,232.5,526,1.826,0.463,1.082,0.312,0.832,0.785,-0.902,1354,1.0
2007-08-30_tha,tha,BOUNDARY_LAYER,,0.0964,4.4697,0.0989,374.4,239,19.978,0.163,1.628,0.038,1.221,0.604,-0.313,1422,1.0
2007-09-04_thc,thc,AMBIGUOUS,,2.004,1.3774,4.7378,364.8,935,1.897,2.126,2.118,1.623,1.861,0.881,0.008,2446,1.0
2007-09-04_thd,thd,AMBIGUOUS,,2.032,1.5926,3.5753,345.4,512,2.536,2.132,2.204,1.208,1.748,0.803,-0.066,1995,1.0
2008-06-14_thc,thc,AMBIGUOUS,,2.3651,1.1896,3.7096,134.6,411,1.415,1.476,1.461,0.635,1.02,0.518,-0.726,996,1.0
2008-06-28_thb,thb,AMBIGUOUS,,1.0545,1.9993,1.87,427.4,504,3.997,1.018,1.348,0.817,1.095,0.882,-0.711,1206,1.0
2008-07-10_thc,thc,AMBIGUOUS,,1.3895,1.0658,3.3316,126.9,540,1.136,1.439,1.361,0.759,1.174,0.752,-0.632,1309,1.0
2008-07-12_thc,thc,AMBIGUOUS,,0.9986,2.3179,0.4795,190.8,517,5.373,0.999,2.22,0.999,2.219,1.0,-0.794,1252,1.0
2008-07-14_thc,thc,AMBIGUOUS,,2.5099,3.7286,2.9564,561.6,393,13.902,1.888,2.431,0.335,0.924,0.432,-0.357,1252,1.0
2008-07-16_thc,thc,BOUNDARY_LAYER,,0.0871,4.5897,0.0988,719.0,91,21.065,0.134,1.402,0.01,1.005,0.366,-0.884,878,1.0
2008-07-18_thc,thc,AMBIGUOUS,,0.3506,3.1549,0.2692,284.8,85,9.953,0.323,1.325,0.227,1.008,0.734,-0.749,1074,1.0
2008-07-20_thc,thc,AMBIGUOUS,,1.1942,2.233,2.7632,118.4,457,4.986,1.244,1.563,0.825,1.23,0.842,-0.49,1384,1.0
2008-07-24_thc,thc,AMBIGUOUS,,1.2409,1.9375,4.9237,495.5,709,3.754,1.384,1.484,0.46,1.072,0.623,-0.576,1732,1.0
2008-08-18_thd,thd,AMBIGUOUS,,0.9188,1.2617,6.8265,560.8,714,1.592,0.9,1.026,0.232,0.718,0.539,-0.625,1826,1.0
2008-08-18_the,the,AMBIGUOUS,,0.8758,2.3789,1.8967,552.7,652,5.659,0.938,1.238,0.112,0.642,0.391,-0.507,1783,1.0
2008-08-26_thc,thc,AMBIGUOUS,,3.4521,6.9147,4.4061,119.2,255,47.813,3.632,4.502,0.228,0.964,0.245,-0.889,1066,1.0
2008-08-28_thb,thb,CONFIRMED_PDL,SHEATH_CONSISTENT,0.711,2.1813,0.8021,109.9,433,4.758,0.693,1.302,0.501,1.031,0.85,-0.842,1030,1.0
2008-08-28_thc,thc,CONFIRMED_PDL,SHEATH_CONSISTENT,0.4762,2.3371,0.4923,119.9,512,5.462,0.528,1.287,0.378,0.954,0.763,-0.893,1262,1.0
2008-08-30_thc,thc,AMBIGUOUS,,0.9162,1.927,1.5407,143.0,376,3.713,0.818,1.172,0.552,0.969,0.831,-0.668,1124,1.0
2008-09-01_thb,thb,AMBIGUOUS,,0.5797,2.1072,0.7559,173.8,298,4.44,0.751,1.367,0.482,1.158,0.742,-0.546,889,1.0
2008-09-03_thc,thc,AMBIGUOUS,,1.1143,2.7835,1.562,106.1,479,7.748,1.03,1.527,0.8,1.301,0.896,-0.769,940,1.0
2008-09-05_thb,thb,BOUNDARY_LAYER,,0.1298,3.2385,0.0689,435.5,277,10.488,0.131,1.672,0.013,1.286,0.306,-0.839,833,1.0
2008-09-05_thc,thc,BOUNDARY_LAYER,,0.1845,3.189,0.0953,451.6,363,10.17,0.134,1.413,0.031,1.106,0.399,-0.732,1058,1.0
2008-09-06_thc,thc,AMBIGUOUS,,1.08,1.3191,7.9281,573.5,12,1.74,1.159,1.181,0.361,0.898,0.598,-0.465,609,1.0
2008-09-07_thc,thc,CONFIRMED_PDL,SHEATH_CONSISTENT,0.8621,2.5192,1.5837,508.1,420,6.347,0.837,1.267,0.224,0.952,0.52,-0.715,1013,1.0
2008-09-08_thc,thc,BOUNDARY_LAYER,,0.172,4.8167,0.0674,387.9,237,23.201,0.134,1.828,0.016,1.116,0.285,-0.891,893,1.0
2008-09-09_thb,thb,BOUNDARY_LAYER,,0.197,4.4887,0.0951,320.2,328,20.148,0.127,1.447,0.073,1.133,0.578,-0.821,782,1.0
2008-09-09_thc,thc,BOUNDARY_LAYER,,0.2729,4.9063,0.0806,388.3,251,24.072,0.147,1.865,0.022,1.058,0.27,-0.861,924,1.0
2008-09-10_thc,thc,AMBIGUOUS,,0.2462,3.3697,0.1647,231.8,69,11.355,0.208,1.28,0.07,1.053,0.553,-0.948,575,1.0
2008-09-12_thb,thb,CONFIRMED_PDL,HOT_BOUNDARY_FLAG,0.6956,4.1482,0.3866,107.9,110,17.207,0.551,1.785,0.071,1.344,0.333,-0.934,704,1.0
2008-09-14_thc,thc,AMBIGUOUS,,0.5874,2.1526,0.8067,215.4,153,4.633,0.834,1.258,0.094,0.808,0.527,-0.788,600,1.0
2008-09-14_the,the,AMBIGUOUS,,0.2758,4.7602,0.1567,147.3,80,22.659,0.241,1.313,0.033,0.749,0.391,-0.744,699,1.0
2008-09-15_thc,thc,AMBIGUOUS,,0.7202,2.0318,1.2047,208.7,212,4.128,1.154,1.349,0.101,0.815,0.508,-0.757,655,1.0
2008-09-16_thb,thb,AMBIGUOUS,,0.3729,3.9375,0.3796,465.8,69,15.504,0.48,1.57,0.244,1.315,0.856,-0.701,755,1.0
2008-09-16_thc,thc,AMBIGUOUS,,0.1283,4.2097,0.1146,564.9,115,17.721,0.173,1.452,0.101,1.355,0.932,-0.772,970,1.0
2008-09-17_thb,thb,AMBIGUOUS,,0.4356,3.4344,0.5194,428.6,96,11.795,0.55,1.427,0.434,1.311,1.033,-0.711,788,1.0
2008-09-18_thc,thc,AMBIGUOUS,,0.7085,2.0575,3.8093,275.8,110,4.233,1.045,1.283,0.917,1.315,1.533,-0.784,767,1.0
2008-09-20_thb,thb,CONFIRMED_PDL,HOT_BOUNDARY_FLAG,0.5475,3.3108,0.4993,174.8,19,10.962,0.461,1.132,0.16,0.753,0.556,-0.803,599,1.0
2008-09-20_thc,thc,AMBIGUOUS,,1.048,1.8794,1.7194,127.4,547,3.532,0.995,1.356,0.262,1.197,0.508,-0.703,1336,1.0
2008-09-21_thb,thb,CONFIRMED_PDL,HOT_BOUNDARY_FLAG,0.5475,3.3108,0.4993,174.8,19,10.962,0.461,1.132,0.16,0.753,0.556,-0.803,599,1.0
2008-09-24_thb,thb,CONFIRMED_PDL,HOT_BOUNDARY_FLAG,0.5921,2.961,0.4057,96.2,267,8.767,0.418,1.352,0.147,1.12,0.604,-0.748,903,1.0
2008-09-25_thb,thb,CONFIRMED_PDL,HOT_BOUNDARY_FLAG,0.5862,2.9563,0.4064,96.0,266,8.74,0.418,1.353,0.161,1.135,0.629,-0.746,904,1.0
2008-09-28_thb,thb,CONFIRMED_PDL,SHAPE_FLAG,0.6211,2.519,0.4703,150.1,260,6.346,0.537,1.435,0.139,1.181,0.594,-0.819,866,1.0
2008-09-29_thb,thb,CONFIRMED_PDL,SHAPE_FLAG,0.7131,2.216,0.6172,149.0,282,4.911,0.616,1.346,0.177,1.234,0.642,-0.828,896,1.0
2008-09-30_thc,thc,AMBIGUOUS,,1.161,0.8608,8.2441,316.2,452,0.741,1.196,1.143,0.486,0.992,0.649,-0.481,1094,1.0
2009-06-23_thb,thb,CONFIRMED_PDL,SHEATH_CONSISTENT,0.7012,3.757,1.7214,103.2,395,14.115,0.725,1.107,0.286,0.801,0.671,-0.791,983,1.0
2009-07-17_thb,thb,CONFIRMED_PDL,HOT_BOUNDARY_FLAG,0.5168,4.7572,0.427,149.1,220,22.631,0.482,1.499,0.102,1.187,0.466,-0.966,989,1.0
2009-07-21_thb,thb,AMBIGUOUS,,0.928,1.6522,0.269,85.2,96,2.73,1.029,1.998,0.458,1.762,0.681,-0.553,644,1.0
2009-07-23_thc,thc,BOUNDARY_LAYER,,0.1917,2.745,0.0872,366.0,424,7.535,0.145,1.519,0.087,1.185,0.649,-0.905,997,1.0
2009-07-25_thb,thb,BOUNDARY_LAYER,,0.2792,3.147,0.0864,282.0,384,9.903,0.185,1.828,0.088,1.463,0.538,-0.805,1029,1.0
2009-07-30_thc,thc,AMBIGUOUS,,0.9942,2.3285,1.1666,170.0,516,5.422,1.13,1.795,0.146,1.236,0.405,-0.786,1461,1.0
2009-08-05_thc,thc,CONFIRMED_PDL,SHEATH_CONSISTENT,0.6413,2.0302,0.2519,131.4,425,4.122,0.454,1.537,0.155,1.226,0.534,-0.922,1018,1.0
2009-08-07_thc,thc,AMBIGUOUS,,1.1172,1.6123,2.885,244.3,427,2.599,0.964,1.15,0.247,0.894,0.476,-0.361,1059,1.0
2009-08-08_thc,thc,AMBIGUOUS,,1.266,1.5664,3.6109,261.5,67,2.453,1.127,1.26,0.8,1.102,0.762,-0.149,699,1.0
2009-08-30_tha,tha,AMBIGUOUS,,1.055,1.5331,3.136,183.0,631,2.351,1.131,1.316,0.568,1.024,0.733,-0.782,1596,1.0
2009-09-03_tha,tha,BOUNDARY_LAYER,,0.1564,4.0575,0.0901,146.0,71,16.463,0.096,1.245,0.06,0.731,0.564,-0.602,1033,1.0
2009-09-13_tha,tha,AMBIGUOUS,,1.1477,1.9977,0.8073,131.2,631,3.991,0.861,1.5,0.432,1.197,0.61,-0.366,1868,1.0
2009-09-13_thd,thd,AMBIGUOUS,,1.2187,2.803,2.7454,217.9,58,7.857,1.595,1.897,0.116,1.186,0.354,-0.538,716,1.0
2009-09-13_the,the,AMBIGUOUS,,0.7669,1.9667,2.2881,139.9,381,3.868,0.904,1.176,0.181,0.889,0.498,-0.493,1499,1.0
2009-09-14_tha,tha,AMBIGUOUS,,1.212,1.855,0.8306,128.0,689,3.441,0.927,1.552,0.45,1.232,0.596,-0.308,1945,1.0
2009-09-15_tha,tha,AMBIGUOUS,,0.9572,1.4773,2.1296,259.7,836,2.183,1.184,1.408,0.618,1.183,0.782,-0.784,2270,1.0
2009-09-16_tha,tha,AMBIGUOUS,,1.5981,0.832,1.6257,244.1,917,0.692,2.223,1.206,1.838,1.282,1.068,-0.491,2511,1.0
2009-09-17_tha,tha,AMBIGUOUS,,1.0445,1.3746,1.6524,240.4,448,1.889,1.157,1.37,0.404,1.221,0.635,-0.67,1792,1.0
2009-09-25_thc,thc,AMBIGUOUS,,0.9686,1.5204,2.1369,99.5,419,2.312,0.944,1.125,0.571,0.995,0.806,-0.74,1087,1.0
2009-10-01_thc,thc,AMBIGUOUS,,0.107,2.4991,0.1206,253.9,82,6.246,0.183,1.343,0.24,1.073,1.567,-0.662,779,1.0
2009-10-02_thc,thc,AMBIGUOUS,,0.0966,2.5221,0.1237,278.8,95,6.361,0.178,1.34,0.185,1.048,1.437,-0.639,872,1.0
2009-10-05_thc,thc,AMBIGUOUS,,0.0834,4.2908,0.1579,356.3,124,18.411,0.198,1.666,0.04,1.134,0.466,-0.52,798,1.0
2009-10-12_thb,thb,AMBIGUOUS,,0.2569,2.7588,0.1801,260.2,431,7.611,0.266,1.456,0.233,1.056,0.972,-0.938,1103,1.0
2009-10-13_thc,thc,CONFIRMED_PDL,SHEATH_CONSISTENT,0.7315,2.8071,0.4723,130.6,329,7.88,0.626,1.662,0.094,1.299,0.362,-0.921,919,1.0
2009-10-20_thc,thc,AMBIGUOUS,,1.0247,2.2025,2.3907,96.5,373,4.851,0.888,1.166,0.135,0.896,0.357,-0.553,1082,1.0
2009-10-22_tha,tha,AMBIGUOUS,,1.0453,1.873,0.4429,93.6,654,3.508,0.931,1.808,0.545,1.519,0.758,-0.871,1654,1.0
2009-10-23_tha,tha,AMBIGUOUS,,1.9979,6.7808,1.5642,257.3,40,45.985,4.318,7.028,0.212,0.931,0.288,-0.822,211,1.0
2009-11-11_thc,thc,AMBIGUOUS,,0.8144,1.9072,2.2066,104.6,272,3.637,0.923,1.257,0.341,0.769,0.624,-0.706,500,1.0
2009-11-13_tha,tha,AMBIGUOUS,,0.9883,1.9047,2.6224,110.5,733,3.628,0.932,1.159,0.251,0.794,0.486,-0.235,1857,1.0
2009-12-01_thb,thb,AMBIGUOUS,,2.2345,0.9681,23.9649,81.4,374,0.937,2.303,2.05,0.606,1.48,0.528,-0.225,1270,1.0
2009-12-02_thb,thb,AMBIGUOUS,,1.9926,1.8676,6.5582,89.5,171,3.488,1.887,2.063,0.402,1.516,0.449,-0.275,979,1.0
2010-10-11_tha,tha,AMBIGUOUS,,0.5544,1.9835,0.1686,79.0,632,3.934,0.332,1.525,0.258,1.271,0.654,-0.801,1827,1.0
2010-10-11_thd,thd,AMBIGUOUS,,0.5844,1.9584,0.1689,81.1,611,3.835,0.353,1.561,0.264,1.295,0.647,-0.756,1849,1.0
2010-10-11_the,the,AMBIGUOUS,,0.7081,1.8928,0.3661,100.6,702,3.583,0.627,1.549,0.461,1.363,0.771,-0.779,1903,1.0
2010-10-23_tha,tha,AMBIGUOUS,,1.3104,1.2275,4.6112,588.6,758,1.507,1.398,1.414,0.716,1.231,0.736,-0.126,1979,1.0
2010-10-23_thd,thd,AMBIGUOUS,,1.303,1.271,4.2362,582.0,722,1.615,1.34,1.378,0.699,1.185,0.725,-0.136,1885,1.0
2010-10-23_the,the,AMBIGUOUS,,1.3188,1.2687,4.7984,600.0,746,1.61,1.411,1.448,0.632,1.224,0.695,-0.268,1979,1.0
2011-11-22_tha,tha,CONFIRMED_PDL,SHEATH_CONSISTENT,0.7345,1.4498,1.8143,140.1,832,2.102,0.67,0.868,0.629,0.771,0.929,-0.59,2257,1.0
2011-11-22_thd,thd,AMBIGUOUS,,0.8657,1.0402,3.3507,146.3,829,1.082,0.875,0.913,0.698,0.867,0.881,-0.615,2234,1.0
2011-11-22_the,the,AMBIGUOUS,,0.8869,0.9985,4.2803,157.2,839,0.997,0.918,0.943,0.631,0.865,0.824,-0.66,2250,1.0
2011-12-18_the,the,CONFIRMED_PDL,SHEATH_CONSISTENT,0.5259,1.9984,0.7795,101.8,850,3.994,0.528,0.994,0.222,0.661,0.647,-0.869,2255,1.0
2012-12-30_tha,tha,AMBIGUOUS,,0.1953,2.0534,0.154,184.7,609,4.216,0.238,1.317,0.057,0.784,0.558,-0.807,1783,1.0
2013-01-19_tha,tha,AMBIGUOUS,,1.1612,1.8986,4.665,271.6,533,3.605,1.763,1.811,0.573,0.968,0.826,-0.582,1663,1.0
2013-01-26_tha,tha,AMBIGUOUS,,1.157,1.3261,1.8898,331.1,784,1.759,1.004,1.18,0.553,0.976,0.7,0.04,2080,1.0
2013-01-26_thd,thd,CONFIRMED_PDL,SHEATH_CONSISTENT,0.7332,1.4678,1.2551,241.2,616,2.155,0.89,1.235,0.687,1.159,0.95,-0.681,1582,1.0
2013-01-26_the,the,AMBIGUOUS,,0.8029,1.5677,2.2746,342.0,521,2.458,1.074,1.293,0.916,1.212,1.131,-0.471,1347,1.0
2014-02-16_tha,tha,AMBIGUOUS,,1.8346,1.288,1.6066,224.4,463,1.659,2.163,1.895,0.525,1.688,0.532,-0.724,1152,1.0
2014-02-19_the,the,AMBIGUOUS,,3.273,0.7069,4.8089,350.7,473,0.5,6.222,2.051,4.873,2.457,1.23,-0.11,829,1.0
2014-02-27_the,the,AMBIGUOUS,,1.8828,0.9613,7.6092,326.4,373,0.924,2.41,2.09,1.764,1.966,0.961,-0.095,1106,1.0
2014-02-28_tha,tha,AMBIGUOUS,,0.2113,2.0747,0.135,366.4,502,4.304,0.349,1.84,0.102,1.562,0.561,-0.893,1879,1.0
2014-03-25_thd,thd,AMBIGUOUS,,1.9101,1.2556,2.8057,321.2,628,1.577,3.364,2.668,3.645,2.698,1.143,-0.449,1622,1.0
2014-03-26_the,the,AMBIGUOUS,,0.2844,2.8829,0.2905,389.6,127,8.311,0.267,1.043,0.026,0.797,0.326,-0.905,971,1.0
2015-03-16_tha,tha,AMBIGUOUS,,1.0426,1.8695,1.1111,167.7,590,3.495,0.952,1.472,0.574,0.895,0.733,-0.637,1512,1.0
2015-03-17_tha,tha,AMBIGUOUS,,3.2655,1.6346,1.1444,383.2,601,2.672,4.63,3.656,1.717,3.114,0.749,0.111,1530,1.0
2015-03-17_the,the,AMBIGUOUS,,0.9643,1.3969,0.4275,370.0,323,1.951,1.421,1.708,0.551,1.608,0.723,-0.247,1188,1.0
2015-04-14_the,the,AMBIGUOUS,,9.5887,3.081,11.5376,122.9,38,9.493,10.654,10.325,0.501,1.682,0.218,0.134,191,1.0
2015-04-15_tha,tha,AMBIGUOUS,,5.3166,6.1187,2.6689,413.8,246,37.439,14.293,17.07,0.484,1.307,0.295,0.274,424,1.0
2015-04-15_thd,thd,AMBIGUOUS,,1.3532,1.1687,8.6881,518.0,509,1.366,1.454,1.455,0.886,1.359,0.772,-0.083,1244,1.0
2015-04-15_the,the,AMBIGUOUS,,1.5077,0.9795,15.5085,528.2,396,0.959,1.581,1.512,0.747,1.291,0.703,-0.06,993,1.0
2015-04-16_tha,tha,AMBIGUOUS,,0.7719,1.6135,0.9808,420.1,644,2.603,0.665,1.113,0.273,0.914,0.613,-0.745,1670,1.0
2015-04-16_thd,thd,AMBIGUOUS,,1.5118,1.1376,4.4432,559.5,565,1.294,1.356,1.388,0.241,1.082,0.405,-0.584,1462,1.0
2015-04-16_the,the,AMBIGUOUS,,1.2085,1.3914,5.3981,577.2,464,1.936,1.241,1.335,0.356,1.035,0.528,-0.232,1173,1.0
2015-04-20_thd,thd,AMBIGUOUS,,1.2387,1.0461,3.1723,194.3,329,1.094,1.21,1.154,0.106,1.012,0.312,-0.389,939,1.0
2015-04-20_the,the,AMBIGUOUS,,1.8407,0.6378,27.2526,233.8,264,0.407,2.117,1.801,0.159,1.258,0.305,-0.429,765,1.0
2015-04-21_tha,tha,AMBIGUOUS,,1.1684,2.6608,1.1334,378.2,743,7.08,1.147,1.793,0.46,1.506,0.681,-0.613,1945,1.0
2015-05-01_tha,tha,AMBIGUOUS,,1.0064,1.4423,0.4537,168.5,841,2.08,0.993,1.534,0.237,1.268,0.477,-0.22,2268,1.0
2015-05-01_thd,thd,AMBIGUOUS,,0.9394,1.7977,0.4466,161.5,793,3.232,0.728,1.707,0.146,1.081,0.394,-0.309,2201,1.0
2015-05-01_the,the,AMBIGUOUS,,0.9666,1.8389,0.5448,161.2,610,3.382,0.801,1.562,0.151,1.181,0.388,-0.281,1634,1.0
2015-05-07_thd,thd,AMBIGUOUS,,1.7516,1.183,0.3677,211.9,350,1.4,2.486,1.579,0.617,1.515,0.511,-0.665,1362,1.0
2015-05-29_tha,tha,CONFIRMED_PDL,HOT_BOUNDARY_FLAG,0.5291,1.738,0.3131,130.8,557,3.021,0.436,1.268,0.172,1.124,0.637,-0.935,1970,1.0
2015-05-29_thd,thd,CONFIRMED_PDL,SHEATH_CONSISTENT,0.5018,1.6668,0.2735,120.2,693,2.778,0.508,1.408,0.951,1.417,1.362,-0.887,2089,1.0
2015-05-29_the,the,AMBIGUOUS,,0.2929,1.7892,0.3985,160.5,344,3.201,0.448,1.17,0.244,1.033,0.718,-0.934,1392,1.0
2015-06-08_tha,tha,AMBIGUOUS,,0.6217,1.7372,0.1202,263.4,294,3.018,0.532,2.106,0.268,1.692,0.573,-0.634,1073,1.0
2015-06-08_thd,thd,AMBIGUOUS,,1.6054,1.4074,0.5734,238.1,487,1.981,1.402,1.736,1.519,1.69,0.978,-0.435,1214,1.0
2015-06-08_the,the,AMBIGUOUS,,1.2739,1.5301,0.5347,252.4,368,2.341,1.155,1.818,1.324,1.584,1.07,-0.668,923,1.0
2015-06-23_tha,tha,AMBIGUOUS,,0.3066,0.9785,0.1067,307.1,621,0.957,0.26,0.764,0.069,0.63,0.476,-0.147,1987,1.0
2015-07-11_tha,tha,AMBIGUOUS,,1.3958,1.4093,2.6009,377.4,567,1.986,1.429,1.631,0.976,1.38,0.835,-0.416,1437,1.0
2015-07-11_thd,thd,AMBIGUOUS,,1.2281,1.4811,2.7358,355.6,546,2.194,1.191,1.349,0.892,1.151,0.854,-0.45,1389,1.0
2015-07-11_the,the,AMBIGUOUS,,1.1597,1.6647,2.295,342.0,409,2.771,0.975,1.266,0.604,0.943,0.736,-0.602,1037,1.0
2016-05-27_tha,tha,AMBIGUOUS,,1.6367,1.0825,3.0075,164.8,381,1.172,1.98,1.685,0.585,1.397,0.595,-0.59,1211,1.0
2016-06-10_tha,tha,AMBIGUOUS,,0.4448,2.1352,0.1387,159.7,553,4.559,0.305,1.694,0.216,1.131,0.689,-0.859,1544,1.0
2016-06-11_tha,tha,CONFIRMED_PDL,AMBIGUOUS_SPEC,0.5548,3.2065,0.1748,166.2,642,10.282,0.393,2.022,0.146,1.051,0.519,-0.847,1649,1.0
2016-06-12_tha,tha,CONFIRMED_PDL,SHEATH_CONSISTENT,0.7979,2.3959,0.7135,282.5,377,5.734,0.729,1.484,0.147,1.028,0.413,-0.696,987,1.0
2016-06-15_tha,tha,AMBIGUOUS,,2.9667,3.6002,2.3786,491.3,121,12.961,3.589,4.438,0.164,0.961,0.236,0.162,869,1.0
2016-06-19_tha,tha,CONFIRMED_PDL,SHEATH_CONSISTENT,0.4995,4.0849,0.2688,535.9,812,16.687,0.597,2.36,0.32,1.701,0.743,-0.693,2338,1.0
2016-06-22_tha,tha,AMBIGUOUS,,1.4975,0.6973,16.0388,139.2,722,0.486,1.634,1.388,0.675,1.204,0.701,-0.528,1897,1.0
2016-06-23_tha,tha,AMBIGUOUS,,1.0825,2.2156,0.4401,101.3,816,4.909,0.654,1.556,0.741,1.27,0.805,-0.557,2083,1.0
2016-06-24_tha,tha,AMBIGUOUS,,1.0691,2.2646,0.8878,328.1,834,5.128,0.967,1.631,0.46,1.383,0.663,-0.696,2142,1.0
2016-06-24_thd,thd,BOUNDARY_LAYER,,0.8061,1.8681,2.1478,1927.8,723,3.49,0.715,0.975,0.216,0.682,0.523,-0.229,1895,1.0
2016-06-25_tha,tha,AMBIGUOUS,,0.6466,2.0368,0.7535,267.9,477,4.148,0.63,1.167,0.102,0.855,0.578,-0.785,1651,1.0
2016-06-26_tha,tha,AMBIGUOUS,,1.0606,1.4993,1.3746,297.3,848,2.248,1.065,1.311,0.586,1.128,0.73,-0.219,2163,1.0
2016-06-27_tha,tha,AMBIGUOUS,,1.1574,1.5897,1.6055,294.2,662,2.527,1.156,1.387,0.483,1.101,0.637,-0.198,1991,1.0
2016-06-28_tha,tha,AMBIGUOUS,,1.2176,2.37,0.8717,280.4,1000,5.617,1.334,2.131,0.439,1.466,0.593,-0.55,2648,1.0
2016-06-29_tha,tha,AMBIGUOUS,,0.1952,3.3595,0.1709,196.6,732,11.286,0.202,1.277,0.116,0.952,0.722,-0.832,2563,1.0
2016-07-01_thd,thd,AMBIGUOUS,,1.094,2.0,1.2815,1083.6,659,4.0,0.73,1.125,0.61,0.922,0.762,-0.63,1873,1.0
2016-07-03_the,the,CONFIRMED_PDL,SHEATH_CONSISTENT,0.8091,1.8107,1.4558,254.9,191,3.279,0.721,1.072,0.274,0.789,0.611,-0.536,1121,1.0
2016-07-16_tha,tha,BOUNDARY_LAYER,,0.0444,3.3833,0.0391,596.6,130,11.447,0.077,1.677,0.005,1.189,0.331,-0.79,1572,1.0
2016-07-17_tha,tha,AMBIGUOUS,,0.1899,3.0381,0.1483,277.8,250,9.23,0.178,1.13,0.037,0.797,0.567,-0.852,1321,1.0
2016-07-18_tha,tha,AMBIGUOUS,,0.1717,3.374,0.1421,289.5,256,11.384,0.16,1.108,0.03,0.766,0.542,-0.848,1353,1.0
2016-07-24_tha,tha,AMBIGUOUS,,1.2811,1.478,1.1083,178.1,351,2.185,1.03,1.366,1.008,1.247,0.906,-0.138,1146,1.0
2016-07-24_the,the,AMBIGUOUS,,1.1925,1.6439,1.6773,223.5,458,2.702,1.077,1.428,0.495,0.99,0.646,-0.773,1163,1.0
2016-07-25_tha,tha,BOUNDARY_LAYER,,0.0394,5.8948,0.0583,486.6,34,34.748,0.086,1.466,0.004,0.981,0.319,-0.897,356,1.0
2016-07-26_tha,tha,BOUNDARY_LAYER,,0.0387,6.5593,0.0583,480.1,32,43.024,0.081,1.401,0.004,0.946,0.311,-0.9,413,1.0
2016-07-27_the,the,CONFIRMED_PDL,SHEATH_CONSISTENT,0.838,2.0605,1.9437,156.2,584,4.246,0.822,1.119,0.747,1.02,0.946,-0.854,1556,1.0
2016-07-28_thd,thd,AMBIGUOUS,,3.1146,0.8941,8.5291,1094.1,694,0.799,3.145,2.435,2.017,2.446,0.742,0.002,1803,1.0
2016-07-28_the,the,AMBIGUOUS,,0.3216,2.6214,0.1664,362.9,217,6.872,0.378,2.052,0.035,1.106,0.392,-0.717,664,1.0
2016-07-29_tha,tha,BOUNDARY_LAYER,,0.1037,3.2712,0.0743,738.8,591,10.701,0.156,1.781,0.058,1.249,0.557,-0.778,1738,1.0
2016-08-02_tha,tha,AMBIGUOUS,,0.9694,1.6196,0.1485,85.6,529,2.623,0.769,1.808,0.523,1.444,0.752,-0.405,1307,1.0
2016-08-02_thd,thd,AMBIGUOUS,,1.2383,3.4492,5.0063,1082.7,469,11.897,1.135,1.372,0.598,1.11,0.712,-0.091,1167,1.0
2016-08-02_the,the,AMBIGUOUS,,2.4445,1.1926,0.5989,140.6,469,1.422,4.299,1.861,2.466,1.968,1.009,-0.349,1202,1.0
2016-08-03_tha,tha,CONFIRMED_PDL,SHEATH_CONSISTENT,0.8573,1.5544,0.1408,83.3,509,2.416,0.685,1.683,0.489,1.313,0.769,-0.477,1265,1.0
2017-07-26_tha,tha,AMBIGUOUS,,0.9407,1.9464,2.0801,544.9,778,3.78,0.93,1.264,0.663,1.071,0.814,-0.622,2005,1.0
2017-08-01_tha,tha,AMBIGUOUS,,0.9136,1.3801,0.3598,205.2,318,1.905,1.17,1.685,0.62,1.289,0.83,-0.835,1890,1.0
2017-08-02_tha,tha,AMBIGUOUS,,1.1639,1.2776,0.4611,205.8,432,1.632,1.846,1.697,0.892,1.424,0.874,-0.8,2053,1.0
2017-08-03_thd,thd,AMBIGUOUS,,1.0103,1.1446,1.2925,159.1,513,1.31,1.067,1.114,0.605,0.941,0.811,-0.822,1326,1.0
2017-08-05_tha,tha,AMBIGUOUS,,1.3188,2.0069,1.8049,550.8,799,4.028,1.407,1.714,0.747,1.287,0.79,-0.71,2138,1.0
2017-08-06_tha,tha,BOUNDARY_LAYER,,0.2986,2.9287,0.0858,329.6,351,8.577,0.195,1.968,0.045,1.465,0.376,-0.771,1701,1.0
2017-08-06_the,the,AMBIGUOUS,,0.5452,2.8323,0.2264,375.4,343,8.022,0.426,1.865,0.225,1.417,0.588,-0.717,1030,1.0
2017-08-09_tha,tha,AMBIGUOUS,,0.2188,3.105,0.2252,307.8,353,9.641,0.337,1.58,0.156,1.242,0.854,-0.872,2055,1.0
2017-08-12_the,the,AMBIGUOUS,,1.3801,1.4569,1.8298,349.2,452,2.122,1.33,1.539,0.56,1.129,0.653,-0.252,1137,1.0
2017-08-16_the,the,AMBIGUOUS,,0.7853,1.9546,1.0723,170.6,254,3.82,0.716,1.089,0.327,0.842,0.681,-0.814,956,1.0
2017-08-17_thd,thd,AMBIGUOUS,,0.9029,1.8629,0.791,191.1,429,3.47,0.741,1.315,0.27,0.961,0.565,-0.696,1636,1.0
2017-08-18_thd,thd,AMBIGUOUS,,1.4657,1.1586,1.8183,386.5,761,1.342,1.29,1.373,0.891,1.309,0.773,-0.388,2052,1.0
2017-08-21_the,the,AMBIGUOUS,,0.581,1.745,2.49,586.3,360,3.045,0.88,1.176,0.317,0.903,0.75,-0.72,1382,1.0
2017-08-22_thd,thd,AMBIGUOUS,,1.984,0.439,52.7672,367.6,733,0.193,2.592,2.083,0.404,1.761,0.461,-0.485,2076,1.0
2017-08-25_the,the,AMBIGUOUS,,0.5601,1.6817,1.9823,189.9,331,2.828,0.651,0.876,0.568,0.799,1.06,-0.594,1235,1.0
2017-08-30_tha,tha,CONFIRMED_PDL,SHAPE_FLAG,0.7382,2.3872,0.9876,150.2,392,5.699,0.66,1.19,0.462,0.979,0.79,-0.684,1519,1.0
2017-09-01_tha,tha,AMBIGUOUS,,0.9234,3.4164,0.486,364.7,623,11.672,0.659,1.623,0.351,1.39,0.582,-0.687,1678,1.0
2017-09-02_tha,tha,AMBIGUOUS,,2.3961,4.2219,1.5601,663.2,316,17.825,5.132,7.45,0.247,1.165,0.305,-0.624,503,1.0
2017-09-03_tha,tha,AMBIGUOUS,,1.0097,1.7903,2.0851,334.0,941,3.205,0.959,1.21,0.767,1.158,0.882,-0.543,2514,1.0
2017-09-04_tha,tha,AMBIGUOUS,,1.2269,1.3384,3.2533,301.6,762,1.791,1.311,1.434,0.189,1.115,0.393,-0.535,2003,1.0
2017-09-07_tha,tha,AMBIGUOUS,,1.2452,2.2071,0.256,370.6,547,4.871,2.452,3.913,2.964,3.812,1.602,0.583,1816,1.0
2017-09-08_tha,tha,AMBIGUOUS,,1.2572,2.205,0.2538,362.6,432,4.862,3.072,4.32,2.695,4.053,1.491,0.71,1648,1.0
2017-09-11_tha,tha,CONFIRMED_PDL,HOT_BOUNDARY_FLAG,0.5873,3.6501,0.2279,225.6,258,13.323,0.366,1.808,0.043,1.602,0.269,-0.65,1075,1.0
2017-09-14_tha,tha,AMBIGUOUS,,0.3719,1.1632,1.5954,467.9,576,1.353,0.551,0.743,0.126,0.536,0.615,0.041,1486,1.0
2017-09-15_tha,tha,AMBIGUOUS,,1.2989,1.9628,1.1875,506.5,474,3.853,1.278,1.765,0.91,1.498,0.826,-0.314,1418,1.0
2017-09-15_thd,thd,AMBIGUOUS,,0.9855,2.2245,0.9785,516.7,588,4.948,1.112,1.869,0.4,1.706,0.653,-0.61,1816,1.0
2017-09-16_tha,tha,AMBIGUOUS,,1.1566,1.8102,1.2105,512.7,476,3.277,0.994,1.447,1.251,1.476,1.045,-0.307,1417,1.0
2017-09-17_the,the,BOUNDARY_LAYER,,0.2515,4.84,0.0803,520.0,224,23.426,0.119,1.618,0.019,0.817,0.291,-0.841,881,1.0
2017-09-18_tha,tha,AMBIGUOUS,,1.4487,1.6169,1.7197,548.5,673,2.614,1.605,1.785,0.402,1.383,0.479,-0.581,1713,1.0
2017-09-18_the,the,AMBIGUOUS,,1.8322,2.2883,7.0741,602.3,433,5.236,2.071,2.036,0.293,1.214,0.447,-0.192,1063,1.0
2017-09-19_the,the,AMBIGUOUS,,0.1125,3.7687,0.1064,483.2,388,14.203,0.132,1.483,0.061,1.238,0.583,-0.816,1310,1.0
2017-09-20_the,the,BOUNDARY_LAYER,,0.1259,3.134,0.076,281.6,374,9.822,0.123,1.46,0.052,1.11,0.598,-0.752,1080,1.0
2017-09-22_the,the,AMBIGUOUS,,0.7103,1.9459,1.1258,157.9,459,3.786,0.694,1.134,0.168,0.878,0.498,-0.775,1315,1.0
2017-09-23_the,the,AMBIGUOUS,,0.0638,3.9449,0.1025,328.8,88,15.562,0.123,1.304,0.064,1.069,0.942,-0.826,492,1.0
2017-09-27_tha,tha,AMBIGUOUS,,2.4384,2.7655,2.6816,395.3,49,7.648,5.954,6.281,0.146,0.996,0.255,-0.142,569,1.0
2017-09-27_thd,thd,AMBIGUOUS,,1.7146,1.4029,3.0102,540.4,615,1.968,1.819,1.773,0.668,1.399,0.647,-0.174,1606,1.0
2017-09-27_the,the,AMBIGUOUS,,1.915,2.966,3.2197,371.0,51,8.797,2.644,3.228,0.331,0.951,0.343,-0.692,189,1.0
2017-09-28_the,the,BOUNDARY_LAYER,,0.1265,4.972,0.0652,611.1,293,24.72,0.069,1.108,0.029,0.788,0.445,-0.705,947,1.0
2017-10-11_the,the,AMBIGUOUS,,0.888,2.3751,1.2848,179.7,397,5.641,0.821,1.294,0.144,1.064,0.4,-0.525,1024,1.0
2017-10-12_the,the,BOUNDARY_LAYER,,0.1136,4.15,0.0998,362.0,279,17.223,0.095,0.997,0.035,0.822,0.457,-0.879,855,1.0
2017-11-07_thd,thd,AMBIGUOUS,,0.7046,1.2311,3.0438,222.6,495,1.516,0.949,1.052,0.295,0.637,0.669,-0.462,1239,1.0
2018-08-15_thd,thd,AMBIGUOUS,,1.1532,1.6827,1.1332,232.3,489,2.832,0.991,1.339,0.808,1.171,0.827,-0.487,1260,1.0
2018-08-17_thd,thd,AMBIGUOUS,,0.1845,2.1145,0.1384,382.8,22,4.471,0.349,1.86,0.025,1.114,0.375,-0.612,648,1.0
2018-08-26_tha,tha,AMBIGUOUS,,1.3298,1.4255,0.1445,120.1,562,2.032,1.604,1.941,1.257,1.981,0.865,-0.732,1550,1.0
2018-08-26_thd,thd,AMBIGUOUS,,0.712,1.6495,0.2662,317.1,460,2.721,0.649,1.595,0.666,1.397,0.941,-0.607,1163,1.0
2018-08-31_thd,thd,CONFIRMED_PDL,SHEATH_CONSISTENT,0.6183,2.3074,0.9327,222.6,490,5.324,0.724,1.309,0.313,0.968,0.722,-0.827,1393,1.0
2018-09-04_thd,thd,AMBIGUOUS,,1.928,1.0241,12.6749,169.1,413,1.049,2.153,1.866,0.356,1.465,0.453,-0.163,1011,1.0
2018-09-07_the,the,AMBIGUOUS,,1.189,1.3161,9.3471,190.5,257,1.732,1.06,1.086,0.109,0.763,0.318,-0.6,736,1.0
2018-09-10_thd,thd,CONFIRMED_PDL,HOT_BOUNDARY_FLAG,0.5004,2.3147,0.1964,248.1,113,5.358,0.319,1.572,0.124,1.112,0.501,-0.54,720,1.0
2018-09-10_the,the,AMBIGUOUS,,1.1398,1.6917,1.955,212.5,337,2.862,1.127,1.414,0.117,1.009,0.33,-0.78,822,1.0
2018-09-11_tha,tha,AMBIGUOUS,,2.475,4.0397,0.9898,395.8,242,16.321,3.699,6.66,0.202,1.297,0.261,-0.228,913,1.0
2018-09-11_thd,thd,CONFIRMED_PDL,HOT_BOUNDARY_FLAG,0.6807,2.557,0.2192,241.1,108,6.538,0.385,1.599,0.112,1.076,0.445,-0.527,716,1.0
2018-09-13_tha,tha,AMBIGUOUS,,1.012,1.6191,1.0715,263.7,738,2.622,0.782,1.185,0.25,1.025,0.495,-0.686,1910,1.0
2018-09-13_the,the,AMBIGUOUS,,0.9913,1.6495,1.8271,314.9,424,2.721,0.981,1.258,0.398,1.153,0.642,-0.73,1066,1.0
2018-09-14_tha,tha,AMBIGUOUS,,1.1333,2.069,1.4394,451.3,669,4.281,0.811,1.185,0.155,0.959,0.383,-0.45,1865,1.0
2018-09-17_tha,tha,AMBIGUOUS,,1.8838,0.852,2.6462,185.0,441,0.726,1.962,1.249,0.21,1.03,0.38,-0.475,1317,1.0
2018-09-17_thd,thd,BOUNDARY_LAYER,,0.1229,3.5557,0.0851,563.4,385,12.643,0.134,1.631,0.018,1.19,0.407,-0.877,1120,1.0
2018-09-18_tha,tha,AMBIGUOUS,,1.4958,2.0959,2.9047,407.7,863,4.393,1.838,2.059,0.273,1.683,0.434,-0.57,2294,1.0
2018-09-18_thd,thd,AMBIGUOUS,,0.1796,3.8361,0.1235,462.3,410,14.716,0.225,1.735,0.031,1.339,0.453,-0.881,1178,1.0
2018-09-21_thd,thd,CONFIRMED_PDL,SHEATH_CONSISTENT,0.6366,4.0377,0.4179,115.6,797,16.303,0.549,1.717,0.245,1.225,0.688,-0.91,2037,1.0
2018-09-22_thd,thd,AMBIGUOUS,,1.5923,1.5665,1.3977,145.6,486,2.454,1.458,1.832,0.169,1.421,0.322,-0.183,1227,1.0
2018-09-23_thd,thd,AMBIGUOUS,,0.2737,2.0452,0.2923,256.5,420,4.183,0.411,1.225,0.08,0.904,0.427,-0.755,1104,1.0
2018-09-23_the,the,AMBIGUOUS,,1.5907,1.6484,2.3497,272.5,393,2.717,1.818,2.033,0.367,1.672,0.507,-0.54,1118,1.0
2018-09-24_the,the,AMBIGUOUS,,0.0771,4.0607,0.1316,576.6,135,16.489,0.167,1.57,0.063,1.193,0.772,-0.796,431,1.0
2018-09-25_the,the,AMBIGUOUS,,5.256,0.9936,99.1051,269.4,369,0.987,5.582,4.729,0.629,2.19,0.363,0.237,891,1.0
2018-09-26_tha,tha,AMBIGUOUS,,0.9237,2.183,1.5174,241.5,380,4.766,0.96,1.35,0.108,0.899,0.359,-0.573,1814,1.0
2018-09-26_thd,thd,AMBIGUOUS,,5.6914,7.2293,1.7583,146.6,12,52.286,13.831,20.008,0.319,1.053,0.23,-0.473,14,1.0
2018-09-26_the,the,CONFIRMED_PDL,AMBIGUOUS_SPEC,0.8084,2.696,1.298,292.8,544,7.269,0.831,1.367,0.504,1.202,0.936,-0.531,1517,1.0
2018-09-27_the,the,AMBIGUOUS,,1.2512,1.7425,6.2627,273.7,248,3.036,1.544,1.603,0.727,1.259,0.782,-0.204,1210,1.0
2018-09-28_the,the,AMBIGUOUS,,3.2242,5.7696,4.1785,379.6,77,33.288,7.755,9.007,0.401,1.5,0.273,-0.758,186,1.0
2018-09-30_thd,thd,BOUNDARY_LAYER,,0.5153,9.9659,0.0638,206.8,36,99.32,0.727,9.223,0.05,0.841,0.242,-0.516,121,1.0
2018-09-30_the,the,AMBIGUOUS,,1.9681,4.2639,3.1713,199.8,59,18.181,3.309,4.106,0.136,0.632,0.261,-0.609,371,1.0
2018-10-01_thd,thd,AMBIGUOUS,,1.5405,3.038,1.1906,239.1,407,9.23,1.072,1.694,0.368,1.29,0.593,-0.756,1102,1.0
2018-10-03_the,the,BOUNDARY_LAYER,,0.0561,4.8821,0.0975,437.0,38,23.835,0.105,1.13,0.025,0.883,0.685,-0.811,641,1.0
2018-10-15_tha,tha,AMBIGUOUS,,0.7572,6.1593,0.1694,355.5,12,37.939,0.624,3.834,0.068,1.068,0.27,-0.399,1200,1.0
2018-10-16_tha,tha,CONFIRMED_PDL,AMBIGUOUS_SPEC,0.537,6.1399,0.1553,478.4,341,37.698,0.614,3.831,0.107,1.159,0.347,-0.589,1560,1.0
2018-10-21_tha,tha,AMBIGUOUS,,1.4405,3.0032,1.2608,151.5,513,9.019,1.151,1.714,0.443,1.108,0.613,-0.75,1460,1.0
2018-10-23_tha,tha,AMBIGUOUS,,0.2358,5.1872,0.2141,210.3,20,26.907,0.363,1.678,0.019,0.965,0.29,-0.658,1026,1.0
2018-10-24_tha,tha,AMBIGUOUS,,0.134,3.1991,0.2136,210.8,27,10.234,0.245,1.245,0.023,0.865,0.473,-0.677,1055,1.0
2018-10-25_tha,tha,AMBIGUOUS,,1.3001,2.4147,3.0537,139.8,789,5.831,1.306,1.639,0.805,1.436,0.796,-0.487,1949,1.0
2018-10-25_thd,thd,AMBIGUOUS,,1.8488,1.0375,22.4535,146.3,624,1.076,1.877,1.741,0.714,1.435,0.669,-0.376,1548,1.0
2018-10-26_tha,tha,AMBIGUOUS,,2.7831,9.2526,0.7191,138.2,500,85.611,4.376,9.691,0.298,0.989,0.317,-0.867,967,1.0
2018-10-29_the,the,AMBIGUOUS,,1.2283,3.3016,1.5218,113.3,562,10.9,1.062,1.594,0.758,1.184,0.862,-0.746,1427,1.0
2018-10-30_the,the,AMBIGUOUS,,1.3674,1.8801,5.9588,124.9,530,3.535,1.461,1.589,0.63,1.312,0.681,-0.528,1337,1.0
2018-10-31_the,the,AMBIGUOUS,,2.4343,2.5936,3.7074,131.0,295,6.727,2.025,2.25,0.507,1.056,0.488,-0.384,913,1.0
2018-11-01_tha,tha,CONFIRMED_PDL,SHEATH_CONSISTENT,0.8827,2.0923,1.0146,139.2,470,4.378,0.944,1.584,0.84,1.382,0.972,-0.799,1449,1.0
2018-11-01_thd,thd,AMBIGUOUS,,1.4487,0.9225,12.5878,135.7,465,0.851,1.659,1.544,1.085,1.389,0.887,-0.564,1135,1.0
2018-11-02_thd,thd,AMBIGUOUS,,4.8291,6.9685,3.4038,160.7,328,48.56,6.032,7.465,0.298,1.221,0.248,-0.672,1061,1.0
2018-11-02_the,the,AMBIGUOUS,,1.8604,3.7856,2.4572,146.7,265,14.331,1.666,2.117,0.285,0.963,0.357,-0.444,1046,1.0
2018-11-03_thd,thd,AMBIGUOUS,,1.2596,1.8324,3.4865,147.8,532,3.358,1.412,1.5,0.536,1.216,0.678,-0.606,1310,1.0
2018-11-03_the,the,AMBIGUOUS,,1.0912,1.9177,6.1524,166.9,464,3.678,1.049,1.185,0.363,0.972,0.597,-0.459,1156,1.0
2018-11-04_the,the,AMBIGUOUS,,4.0157,7.7208,1.6129,167.8,449,59.61,7.753,11.376,0.311,1.198,0.28,-0.642,1136,1.0
2018-11-05_the,the,AMBIGUOUS,,0.1983,3.1468,0.2922,473.4,150,9.902,0.38,1.448,0.088,0.753,0.274,-0.684,805,1.0
2018-11-06_thd,thd,AMBIGUOUS,,1.0563,1.7122,2.1367,309.5,465,2.932,1.181,1.453,0.41,1.111,0.61,-0.654,1430,1.0
2018-11-07_thd,thd,AMBIGUOUS,,0.2802,2.875,0.4878,331.5,234,8.265,0.523,1.487,0.196,1.095,0.72,-0.806,983,1.0
2018-11-07_the,the,AMBIGUOUS,,0.7508,2.6444,1.2072,300.1,486,6.993,0.675,1.067,0.216,0.837,0.632,-0.758,1283,1.0
2018-11-08_thd,thd,AMBIGUOUS,,0.2746,2.8743,0.477,332.0,235,8.262,0.507,1.484,0.195,1.095,0.722,-0.804,994,1.0
2018-11-09_thd,thd,AMBIGUOUS,,1.0595,2.337,0.7082,225.7,404,5.462,1.082,1.894,1.721,1.781,1.117,-0.854,1289,1.0
2018-11-09_the,the,AMBIGUOUS,,1.0575,2.4079,1.8653,157.5,503,5.798,0.82,1.168,0.941,1.077,0.917,-0.338,1275,1.0
2018-11-10_thd,thd,AMBIGUOUS,,0.902,2.0849,0.8753,364.5,360,4.347,0.798,1.411,0.432,0.965,0.621,-0.518,1196,1.0
2018-11-11_the,the,CONFIRMED_PDL,SHEATH_CONSISTENT,0.415,2.3979,0.6713,572.2,388,5.75,0.488,1.0,0.115,0.703,0.507,-0.82,1098,1.0
2018-11-12_thd,thd,AMBIGUOUS,,1.2577,1.5991,3.9406,519.8,539,2.557,1.518,1.633,0.634,1.297,0.727,-0.67,1328,1.0
2018-11-19_thd,thd,AMBIGUOUS,,1.2305,0.9435,8.092,138.4,462,0.89,1.273,1.239,0.523,0.989,0.666,-0.688,1132,1.0
2018-12-07_thd,thd,AMBIGUOUS,,0.9037,2.1054,2.339,215.4,438,4.433,1.036,1.292,0.453,0.866,0.705,-0.578,1077,1.0
2019-10-04_thd,thd,AMBIGUOUS,,3.0333,2.1752,17.7361,198.0,566,4.732,2.848,2.901,0.668,1.366,0.48,-0.257,1412,1.0
2019-10-11_thd,thd,AMBIGUOUS,,0.8374,2.6345,1.0407,307.8,623,6.941,1.081,1.738,0.344,1.053,0.615,-0.739,1622,1.0
2019-10-16_tha,tha,AMBIGUOUS,,1.6267,1.5292,5.8324,172.8,573,2.338,1.745,1.781,0.499,1.318,0.564,-0.36,1421,1.0
2019-10-18_thd,thd,AMBIGUOUS,,1.231,2.0293,3.274,168.0,272,4.118,1.335,1.506,0.395,0.943,0.543,-0.756,1159,1.0
2019-10-22_thd,thd,CONFIRMED_PDL,SHEATH_CONSISTENT,0.6676,4.1707,1.2376,146.8,471,17.395,0.58,0.973,0.211,0.726,0.574,-0.84,1334,1.0
2019-10-24_thd,thd,AMBIGUOUS,,2.1571,2.2578,3.3276,355.1,408,5.098,1.666,1.952,0.387,1.107,0.442,-0.602,994,1.0
2019-10-24_the,the,AMBIGUOUS,,0.9169,1.669,2.3512,442.6,379,2.786,0.88,1.117,0.578,0.944,0.784,-0.642,937,1.0
2019-10-25_tha,tha,AMBIGUOUS,,1.3274,1.8945,1.0528,327.6,643,3.589,0.967,1.523,0.764,1.276,0.762,-0.594,1632,1.0
2019-10-25_the,the,AMBIGUOUS,,0.9423,1.8422,2.3601,446.3,401,3.394,0.916,1.161,0.442,0.9,0.686,-0.612,992,1.0
2019-10-26_tha,tha,AMBIGUOUS,,0.9994,3.0477,1.0233,400.6,562,9.289,0.886,1.511,0.151,0.974,0.444,-0.722,1534,1.0
2019-10-27_thd,thd,CONFIRMED_PDL,SHEATH_CONSISTENT,0.6106,2.9747,0.4074,392.9,440,8.849,0.551,1.587,0.131,1.097,0.425,-0.919,1281,1.0
2019-10-29_the,the,CONFIRMED_PDL,SHEATH_CONSISTENT,0.8023,1.6457,1.842,217.1,357,2.708,0.896,1.176,0.447,0.955,0.718,-0.808,944,1.0
2019-10-30_tha,tha,AMBIGUOUS,,1.3744,1.6598,0.1876,175.9,269,2.755,1.357,2.102,0.479,1.921,1.058,-0.858,1008,1.0
2019-10-30_thd,thd,CONFIRMED_PDL,SHEATH_CONSISTENT,0.7562,1.4063,0.1172,60.4,400,1.978,0.597,1.574,1.264,1.491,1.269,0.091,1236,1.0
2019-10-30_the,the,AMBIGUOUS,,8.7884,1.0434,3.0367,172.8,291,1.089,10.271,2.813,15.022,2.944,1.221,-0.668,665,1.0
2019-10-31_the,the,AMBIGUOUS,,8.5105,1.018,2.6113,171.1,282,1.036,8.755,2.651,17.909,2.929,1.337,-0.734,684,1.0
2019-11-01_the,the,AMBIGUOUS,,0.9842,2.3871,2.1855,220.5,471,5.698,0.915,1.226,0.18,0.951,0.473,-0.899,1249,1.0
2019-11-02_thd,thd,CONFIRMED_PDL,SHEATH_CONSISTENT,0.4171,3.1737,0.3621,137.6,447,10.072,0.348,1.221,0.069,0.757,0.439,-0.889,1652,1.0
2019-11-03_tha,tha,CONFIRMED_PDL,SHEATH_CONSISTENT,0.7969,3.344,0.5149,123.5,834,11.182,0.625,1.676,0.306,1.342,0.606,-0.805,2455,1.0
2019-11-03_thd,thd,CONFIRMED_PDL,SHEATH_CONSISTENT,0.7156,4.3897,0.786,122.3,478,19.27,0.598,1.286,0.243,0.95,0.582,-0.915,1291,1.0
2019-11-03_the,the,CONFIRMED_PDL,SHEATH_CONSISTENT,0.855,2.8512,1.4914,115.2,543,8.129,0.749,1.225,0.438,1.0,0.728,-0.738,1379,1.0
2019-11-04_thd,thd,AMBIGUOUS,,0.8313,1.8162,3.4394,289.4,138,3.299,1.454,1.653,0.204,1.036,0.514,-0.659,598,1.0
2019-11-04_the,the,AMBIGUOUS,,1.4575,1.1857,8.9007,172.7,153,1.406,1.55,1.538,1.044,1.4,0.961,-0.176,735,1.0
2019-11-05_tha,tha,AMBIGUOUS,,1.0916,1.1093,4.234,206.8,1004,1.231,1.264,1.278,0.889,1.139,0.914,-0.282,2646,1.0
2019-11-05_thd,thd,AMBIGUOUS,,0.871,1.7544,3.3285,266.7,160,3.078,1.393,1.624,0.167,1.02,0.496,-0.659,598,1.0
2019-11-05_the,the,AMBIGUOUS,,1.4279,1.2764,8.7673,172.7,154,1.629,1.529,1.521,1.233,1.47,1.022,-0.184,727,1.0
2019-11-06_tha,tha,AMBIGUOUS,,1.0605,1.6452,2.9636,179.2,896,2.707,0.981,1.072,0.213,0.688,0.518,-0.55,2568,1.0
2019-11-06_thd,thd,AMBIGUOUS,,1.2052,3.5446,2.0165,236.7,132,12.565,1.423,1.958,0.153,1.138,0.462,-0.691,1085,1.0
2019-11-06_the,the,AMBIGUOUS,,0.9238,3.0705,1.1435,196.2,234,9.428,0.797,1.366,0.287,1.043,0.597,-0.686,1160,1.0
2019-11-07_thd,thd,AMBIGUOUS,,0.2479,8.1597,0.2526,226.8,507,66.58,0.348,1.481,0.063,0.806,0.498,-0.901,1665,1.0
2019-11-08_the,the,AMBIGUOUS,,0.6541,2.6934,1.5954,143.9,530,7.254,0.66,1.022,0.185,0.732,0.597,-0.733,1486,1.0
2019-11-09_the,the,AMBIGUOUS,,0.8069,1.9468,2.3224,163.3,431,3.79,0.974,1.256,0.959,1.185,1.032,-0.737,1444,1.0
2019-11-10_the,the,AMBIGUOUS,,0.8083,1.9347,2.5355,159.1,468,3.743,0.994,1.242,0.862,1.16,0.985,-0.732,1492,1.0
2019-11-23_tha,tha,AMBIGUOUS,,1.6157,1.6783,0.9835,191.8,279,2.817,1.054,1.465,0.712,1.261,0.661,-0.727,1810,1.0
2019-11-24_tha,tha,BOUNDARY_LAYER,,0.0878,2.1643,0.0561,363.3,406,4.684,0.111,1.442,0.009,1.02,0.329,-0.841,1882,1.0
2019-11-27_tha,tha,AMBIGUOUS,,0.4472,3.0673,0.2056,149.1,928,9.408,0.346,1.593,0.21,1.079,0.659,-0.735,2701,1.0
2019-11-28_tha,tha,AMBIGUOUS,,1.4668,1.4493,4.0567,123.2,846,2.1,1.449,1.53,0.683,1.177,0.685,-0.324,2172,1.0
2019-11-28_thd,thd,AMBIGUOUS,,1.5486,1.722,2.7921,149.5,508,2.965,1.346,1.573,0.472,1.239,0.578,-0.657,1294,1.0
2019-11-29_tha,tha,AMBIGUOUS,,0.8047,2.8509,0.3218,140.7,510,8.127,0.763,2.236,0.209,1.539,0.565,-0.613,1005,1.0
2019-11-30_tha,tha,AMBIGUOUS,,0.7693,2.6138,0.3197,141.2,514,6.832,0.742,2.193,0.276,1.562,0.624,-0.614,1013,1.0
2019-12-01_tha,tha,AMBIGUOUS,,3.7815,4.8422,2.1693,160.6,436,23.447,3.421,4.799,0.312,1.492,0.275,-0.356,1313,1.0
2019-12-02_the,the,CONFIRMED_PDL,SHEATH_CONSISTENT,0.7941,3.3996,1.6748,143.2,521,11.557,0.7,1.108,0.561,0.936,0.808,-0.626,1407,1.0
2019-12-03_thd,thd,AMBIGUOUS,,0.8312,3.3223,1.9603,128.5,462,11.037,0.848,1.216,0.412,0.916,0.741,-0.729,1380,1.0
2019-12-03_the,the,AMBIGUOUS,,0.2287,4.8064,0.3009,156.3,235,23.101,0.265,0.975,0.112,0.694,0.609,-0.681,1173,1.0
2019-12-04_tha,tha,AMBIGUOUS,,1.1295,1.1066,13.44,122.7,739,1.225,1.231,1.235,0.44,0.958,0.639,-0.107,1931,1.0
2019-12-04_the,the,CONFIRMED_PDL,AMBIGUOUS_SPEC,0.5016,4.9397,0.5625,117.4,394,24.401,0.393,1.07,0.347,0.856,0.788,-0.797,1121,1.0
2019-12-05_the,the,CONFIRMED_PDL,AMBIGUOUS_SPEC,0.6924,4.2867,0.9651,122.1,428,18.376,0.557,1.032,0.451,0.868,0.811,-0.81,1183,1.0
2019-12-06_thd,thd,AMBIGUOUS,,1.6639,1.7914,6.1694,169.2,694,3.209,1.773,1.857,0.663,1.425,0.624,-0.249,1721,1.0
2019-12-08_the,the,AMBIGUOUS,,1.6639,0.9737,6.3129,171.2,541,0.948,1.938,1.757,2.457,1.847,1.201,-0.476,1375,1.0
2019-12-09_thd,thd,CONFIRMED_PDL,SHEATH_CONSISTENT,0.8019,2.6355,0.7524,121.7,643,6.946,0.616,1.29,0.303,1.024,0.588,-0.775,1685,1.0
2019-12-09_the,the,AMBIGUOUS,,1.3654,1.0875,31.8785,152.9,525,1.183,1.383,1.378,0.816,1.204,0.787,-0.478,1329,1.0
2019-12-10_thd,thd,AMBIGUOUS,,1.1015,1.5156,0.6726,167.1,606,2.297,0.939,1.439,0.628,1.279,0.759,-0.646,1507,1.0
2019-12-11_thd,thd,AMBIGUOUS,,0.9055,1.4147,1.8391,259.0,546,2.001,1.281,1.525,0.636,1.433,0.891,-0.661,1508,1.0
2019-12-11_the,the,AMBIGUOUS,,2.0452,8.2766,0.8199,248.5,88,68.502,2.648,5.839,0.136,0.697,0.281,-0.725,227,1.0
2019-12-14_thd,thd,AMBIGUOUS,,1.5712,0.9725,8.2329,179.3,541,0.946,1.677,1.602,0.476,1.193,0.558,-0.216,1320,1.0
2019-12-18_thd,thd,AMBIGUOUS,,1.8537,1.4767,4.0038,340.6,445,2.181,1.755,1.793,0.824,1.652,0.662,-0.569,1067,1.0
2019-12-18_the,the,AMBIGUOUS,,1.0635,1.1539,2.3946,334.6,401,1.331,1.612,1.508,0.637,1.213,0.789,-0.605,1060,1.0
2019-12-19_thd,thd,AMBIGUOUS,,1.5332,1.3169,3.9612,335.8,451,1.734,1.559,1.539,0.992,1.496,0.821,-0.581,1084,1.0
2019-12-22_thd,thd,AMBIGUOUS,,1.0594,1.6726,0.9391,127.9,827,2.797,0.979,1.463,0.271,1.114,0.57,-0.765,2272,1.0
2019-12-26_the,the,AMBIGUOUS,,1.1745,2.105,3.4366,201.3,569,4.431,1.113,1.357,0.306,1.022,0.518,-0.782,1464,1.0
2019-12-29_thd,thd,AMBIGUOUS,,1.6772,1.3498,4.9088,107.3,594,1.822,1.868,1.796,0.238,1.347,0.395,-0.59,1607,1.0
2020-11-22_tha,tha,AMBIGUOUS,,1.4621,0.8111,8.6462,371.4,685,0.658,1.894,1.584,0.785,1.288,0.777,-0.321,1747,1.0
2020-11-22_thd,thd,AMBIGUOUS,,1.2783,1.1637,3.6527,324.3,571,1.354,1.451,1.431,0.445,1.018,0.576,-0.378,1430,1.0
2020-12-06_tha,tha,AMBIGUOUS,,2.3634,0.7926,4.624,166.9,759,0.628,2.608,1.68,0.831,1.657,0.578,-0.617,1909,1.0
2020-12-06_thd,thd,AMBIGUOUS,,1.9841,1.0126,4.2186,179.4,615,1.025,2.408,2.012,0.479,1.72,0.485,-0.609,1517,1.0
2020-12-09_tha,tha,BOUNDARY_LAYER,,0.1286,4.8255,0.0761,275.7,185,23.285,0.168,2.004,0.008,0.957,0.261,-0.718,979,1.0
2020-12-09_thd,thd,AMBIGUOUS,,1.0105,10.4094,0.2384,201.0,128,108.356,2.013,10.665,0.105,1.011,0.284,-0.774,337,1.0
2020-12-09_the,the,AMBIGUOUS,,1.1834,1.6969,3.7145,162.5,516,2.879,1.018,1.215,0.275,0.922,0.491,-0.628,1314,1.0
2020-12-10_tha,tha,AMBIGUOUS,,1.2486,1.7742,1.4798,379.3,495,3.148,1.315,1.7,0.795,1.555,0.786,-0.293,1214,1.0
2020-12-10_thd,thd,AMBIGUOUS,,1.3207,1.8245,1.9929,403.5,395,3.329,1.408,1.77,0.555,1.51,0.664,-0.502,964,1.0
2020-12-10_the,the,AMBIGUOUS,,1.0002,2.0705,0.9933,347.3,336,4.287,1.029,1.624,1.001,1.475,0.992,-0.348,824,1.0
2020-12-12_tha,tha,CONFIRMED_PDL,SHEATH_CONSISTENT,0.5539,2.2792,0.5241,172.6,723,5.195,0.496,1.22,0.15,0.946,0.512,-0.923,2170,1.0
2020-12-13_tha,tha,AMBIGUOUS,,0.3009,2.9452,0.2196,143.1,479,8.674,0.322,1.453,0.089,1.185,0.645,-0.601,1090,1.0
2020-12-15_thd,thd,AMBIGUOUS,,1.3476,1.4487,7.381,86.3,626,2.099,1.066,1.148,0.195,0.884,0.395,-0.15,1600,1.0
2020-12-16_tha,tha,AMBIGUOUS,,2.1015,2.5417,3.6524,92.3,299,6.46,2.122,1.97,0.266,1.371,0.397,-0.61,1426,1.0
2020-12-16_thd,thd,AMBIGUOUS,,1.71,1.1893,7.0644,84.2,663,1.415,1.552,1.513,0.311,1.027,0.44,-0.146,1682,1.0
2020-12-16_the,the,AMBIGUOUS,,1.9847,1.0763,11.7206,103.8,436,1.159,1.916,1.825,0.312,1.213,0.442,-0.386,1424,1.0
2020-12-17_thd,thd,CONFIRMED_PDL,SHEATH_CONSISTENT,0.5267,3.0734,0.4581,83.1,494,9.446,0.488,1.344,0.277,1.048,0.74,-0.917,1625,1.0
2020-12-17_the,the,CONFIRMED_PDL,AMBIGUOUS_SPEC,0.6904,4.217,0.5921,87.0,516,17.783,0.563,1.366,0.09,0.879,0.411,-0.706,1400,1.0
2020-12-18_thd,thd,AMBIGUOUS,,1.2364,1.2191,5.6239,91.6,478,1.486,1.197,1.265,0.18,0.961,0.388,-0.157,1378,1.0
2020-12-18_the,the,AMBIGUOUS,,0.8852,1.4498,2.834,104.5,341,2.102,0.934,1.09,0.193,0.803,0.574,-0.557,1055,1.0
2020-12-20_thd,thd,AMBIGUOUS,,0.3167,1.9848,0.3962,174.3,777,3.94,0.383,0.991,0.21,0.816,0.747,-0.756,2297,1.0
2020-12-21_the,the,AMBIGUOUS,,1.5492,1.8262,1.5461,169.8,114,3.335,1.591,1.575,0.103,0.792,0.303,-0.327,1018,1.0
2021-01-04_tha,tha,AMBIGUOUS,,1.5857,1.2776,2.2729,105.7,445,1.632,1.733,1.562,1.131,1.476,0.852,-0.263,1774,1.0
2021-01-07_tha,tha,AMBIGUOUS,,0.2611,2.8368,0.1273,303.9,593,8.047,0.219,1.584,0.164,1.362,0.623,-0.825,2082,1.0
2021-01-07_thd,thd,AMBIGUOUS,,0.1296,2.8011,0.1261,483.3,627,7.846,0.183,1.313,0.04,1.111,0.536,-0.893,1964,1.0
2021-01-09_the,the,AMBIGUOUS,,1.0616,1.5188,1.439,124.1,718,2.307,1.057,1.351,0.786,1.3,0.865,-0.768,1995,1.0
2021-01-11_tha,tha,AMBIGUOUS,,0.5348,1.9798,0.2436,189.2,428,3.92,0.454,1.524,0.135,1.104,0.498,-0.76,1156,1.0
2021-01-12_thd,thd,CONFIRMED_PDL,SHEATH_CONSISTENT,0.7571,2.3989,0.4477,174.9,707,5.755,0.569,1.494,0.228,1.248,0.549,-0.843,1917,1.0
2021-01-12_the,the,CONFIRMED_PDL,SHEATH_CONSISTENT,0.7684,2.5134,0.7479,230.4,545,6.317,0.627,1.267,0.131,1.089,0.525,-0.867,1534,1.0
2021-01-13_tha,tha,AMBIGUOUS,,1.3613,1.5702,3.8081,155.5,405,2.466,1.259,1.448,1.214,1.485,0.905,-0.703,1496,1.0
2021-01-13_thd,thd,AMBIGUOUS,,1.1613,2.3501,1.6363,171.9,442,5.523,0.991,1.688,1.56,1.696,1.408,-0.912,894,1.0
2021-01-13_the,the,CONFIRMED_PDL,HOT_BOUNDARY_FLAG,0.7422,3.1397,0.6953,193.9,264,9.858,0.677,1.482,0.609,1.354,0.999,-0.886,1119,1.0
2021-01-14_tha,tha,AMBIGUOUS,,1.4331,1.87,2.489,150.1,335,3.497,1.183,1.591,1.023,1.57,0.798,-0.706,1400,1.0
2021-01-14_thd,thd,AMBIGUOUS,,1.1887,2.3172,1.6363,171.9,442,5.369,1.01,1.715,1.765,1.752,1.429,-0.909,852,1.0
2021-01-14_the,the,CONFIRMED_PDL,HOT_BOUNDARY_FLAG,0.747,3.1289,0.6953,194.6,266,9.79,0.682,1.491,0.617,1.362,1.004,-0.886,1122,1.0
2021-01-15_thd,thd,CONFIRMED_PDL,HOT_BOUNDARY_FLAG,0.7272,2.1418,1.6382,124.2,256,4.587,0.735,1.079,0.14,0.907,0.472,-0.782,1351,1.0
2021-01-15_the,the,CONFIRMED_PDL,AMBIGUOUS_SPEC,0.4421,3.422,0.6665,131.1,365,11.71,0.421,1.012,0.124,0.787,0.549,-0.911,1230,1.0
2021-01-16_tha,tha,AMBIGUOUS,,1.2942,1.8623,7.5887,114.4,564,3.468,1.11,1.215,4.397,1.39,1.99,0.028,1780,1.0
2021-01-16_thd,thd,AMBIGUOUS,,1.1488,1.183,10.5292,106.1,550,1.399,1.052,1.051,0.702,0.964,0.76,-0.455,1466,1.0
2021-01-16_the,the,AMBIGUOUS,,0.8188,2.7826,2.3862,128.9,532,7.743,0.784,1.04,0.22,0.866,0.516,-0.705,1213,1.0
2021-01-17_thd,thd,AMBIGUOUS,,0.8781,3.9948,2.3543,117.0,499,15.959,0.796,1.094,0.202,0.974,0.518,-0.845,1545,1.0
2021-01-17_the,the,AMBIGUOUS,,0.831,3.0365,3.8394,127.8,331,9.22,0.763,0.943,0.183,0.837,0.478,-0.762,1200,1.0
2021-01-18_tha,tha,AMBIGUOUS,,0.9213,2.9898,2.1889,100.6,720,8.939,0.956,1.32,0.169,1.129,0.42,-0.705,1841,1.0
2021-01-18_thd,thd,AMBIGUOUS,,1.0836,3.1298,2.2018,98.9,593,9.796,0.984,1.374,0.254,1.207,0.49,-0.6,1520,1.0
2021-01-18_the,the,AMBIGUOUS,,1.2953,2.1143,6.5958,101.4,497,4.47,1.179,1.306,0.482,1.16,0.605,-0.356,1256,1.0
2021-01-19_tha,tha,AMBIGUOUS,,1.0317,2.9209,2.1248,122.2,611,8.532,0.825,1.165,0.132,0.925,0.36,-0.73,1684,1.0
2021-01-19_thd,thd,AMBIGUOUS,,0.9717,2.2906,1.4105,121.5,547,5.247,0.784,1.212,0.156,0.995,0.407,-0.756,1418,1.0
2021-01-19_the,the,AMBIGUOUS,,0.7132,2.3912,0.9093,117.0,395,5.718,0.527,0.985,0.121,0.791,0.4,-0.844,1099,1.0
2021-01-20_the,the,AMBIGUOUS,,0.2124,2.3842,0.2907,196.7,70,5.684,0.282,1.052,0.087,0.86,0.668,-0.783,878,1.0
2021-01-21_the,the,AMBIGUOUS,,0.645,4.4404,2.9336,160.0,319,19.717,0.785,0.996,0.126,0.829,0.489,-0.71,1381,1.0
2021-01-23_the,the,AMBIGUOUS,,0.9113,2.5952,1.526,121.6,489,6.734,0.948,1.465,0.141,0.976,0.4,-0.595,1253,1.0
2021-02-06_tha,tha,AMBIGUOUS,,1.4595,0.9806,8.154,349.4,530,0.962,2.153,1.886,0.768,1.651,0.713,-0.516,1368,1.0
2021-02-06_thd,thd,AMBIGUOUS,,1.8139,1.3007,3.9735,297.4,428,1.692,2.41,2.254,1.099,2.078,0.753,-0.773,1103,1.0
2021-02-06_the,the,AMBIGUOUS,,1.0287,0.7881,11.4259,374.2,372,0.621,1.514,1.307,0.492,1.127,0.696,-0.542,922,1.0
2021-02-07_tha,tha,AMBIGUOUS,,0.9769,1.3248,6.0335,357.7,589,1.755,1.277,1.328,0.321,1.118,0.597,-0.281,1435,1.0
2021-02-07_thd,thd,AMBIGUOUS,,1.6774,1.1235,3.8441,297.8,433,1.262,2.408,2.067,0.66,1.849,0.626,-0.787,1121,1.0
2021-02-07_the,the,AMBIGUOUS,,0.9097,0.6611,10.8641,348.9,379,0.437,1.189,1.058,0.295,0.914,0.593,-0.471,973,1.0
2021-12-19_tha,tha,AMBIGUOUS,,2.0547,0.6707,2.9647,177.4,477,0.45,2.417,1.304,1.844,1.392,0.88,-0.07,1237,1.0
2021-12-19_thd,thd,AMBIGUOUS,,0.7317,0.2604,7.0348,158.6,390,0.068,0.565,0.291,4.436,1.852,2.762,0.783,956,1.0
2021-12-19_the,the,AMBIGUOUS,,2.6927,0.9132,0.9734,172.9,355,0.834,3.261,1.227,1.032,1.277,0.645,-0.485,889,1.0
2021-12-29_tha,tha,AMBIGUOUS,,7.3453,1.414,0.9543,171.0,422,1.999,4.999,2.85,0.91,2.555,0.372,-0.737,1049,1.0
2021-12-29_thd,thd,AMBIGUOUS,,5.2941,1.2649,0.6238,152.3,329,1.6,4.303,2.153,0.505,1.948,0.376,-0.776,898,1.0
2021-12-30_tha,tha,AMBIGUOUS,,6.7775,1.4708,0.9423,171.0,427,2.163,4.624,3.047,0.912,2.647,0.376,-0.736,1054,1.0
2021-12-30_thd,thd,AMBIGUOUS,,4.6347,1.3105,0.6263,152.5,326,1.717,3.393,2.291,0.44,2.049,0.337,-0.768,893,1.0
2021-12-30_the,the,AMBIGUOUS,,12.0579,1.5158,0.8031,161.1,326,2.298,5.408,3.167,2.493,3.086,0.609,-0.628,748,1.0
2022-01-14_tha,tha,AMBIGUOUS,,1.381,1.9866,0.8212,233.7,561,3.947,1.131,1.824,0.192,1.516,0.376,-0.735,1379,1.0
2022-01-14_thd,thd,AMBIGUOUS,,1.4795,1.594,0.3891,83.6,54,2.541,0.507,1.205,0.805,1.096,0.711,-0.61,716,1.0
2022-01-14_the,the,AMBIGUOUS,,0.7262,2.5054,0.488,299.2,446,6.277,0.706,1.74,0.373,1.422,0.683,-0.438,922,1.0
2022-01-15_tha,tha,AMBIGUOUS,,1.3781,2.057,0.7794,232.9,555,4.231,1.117,1.859,0.176,1.543,0.367,-0.73,1366,1.0
2022-01-15_thd,thd,AMBIGUOUS,,1.36,1.6165,0.8634,160.3,104,2.613,0.763,1.199,1.435,1.251,1.004,-0.831,887,1.0
2022-01-15_the,the,AMBIGUOUS,,0.7041,2.5243,0.4801,312.4,356,6.372,0.703,1.759,0.484,1.51,0.803,-0.671,901,1.0
2022-01-17_tha,tha,AMBIGUOUS,,0.3787,3.5075,0.2783,446.6,743,12.302,0.396,1.565,0.093,1.255,0.501,-0.803,1897,1.0
2022-01-19_tha,tha,AMBIGUOUS,,13.0844,3.3743,27.6701,541.5,253,11.386,8.288,8.411,0.753,3.15,0.227,-0.353,786,1.0
2022-01-19_thd,thd,AMBIGUOUS,,1.4214,1.6245,8.375,542.5,437,2.639,1.412,1.779,0.31,1.293,0.422,-0.495,1392,1.0
2022-01-19_the,the,AMBIGUOUS,,6.3008,6.1254,11.1565,556.5,202,37.519,3.342,3.903,0.413,1.809,0.246,-0.335,718,1.0
2022-01-21_tha,tha,AMBIGUOUS,,0.7032,1.9253,0.8014,416.4,323,3.707,1.001,1.901,0.597,1.78,1.073,-0.641,1800,1.0
2022-01-21_thd,thd,AMBIGUOUS,,0.3089,2.1792,0.2067,333.3,607,4.749,0.443,1.758,0.269,1.554,0.875,-0.842,1796,1.0
2022-01-22_tha,tha,AMBIGUOUS,,0.9941,1.8784,0.8719,234.9,671,3.528,1.067,1.679,0.305,1.442,0.55,-0.579,2330,1.0
2022-01-24_tha,tha,AMBIGUOUS,,0.3246,3.3152,0.2985,168.5,646,10.99,0.493,1.816,0.158,1.291,0.718,-0.765,2008,1.0
2022-01-25_the,the,AMBIGUOUS,,1.7471,1.2069,8.3997,138.7,336,1.457,1.711,1.64,0.311,1.272,0.421,-0.317,814,1.0
2022-01-26_tha,tha,AMBIGUOUS,,1.4306,1.5846,3.1403,242.1,507,2.511,1.247,1.432,0.68,1.235,0.826,-0.365,1641,1.0
2022-01-26_thd,thd,AMBIGUOUS,,1.051,1.5923,2.2557,264.6,508,2.536,1.058,1.291,0.29,1.064,0.579,-0.54,1370,1.0
2022-01-26_the,the,AMBIGUOUS,,1.2653,1.3608,4.4055,285.7,499,1.852,1.243,1.305,0.532,1.112,0.763,-0.518,1232,1.0
2022-01-27_thd,thd,CONFIRMED_PDL,AMBIGUOUS_SPEC,0.6712,3.6813,0.5362,284.4,526,13.552,0.65,1.514,0.123,0.833,0.515,-0.91,1269,1.0
2022-01-27_the,the,AMBIGUOUS,,2.1048,7.5785,1.3669,266.8,9,57.434,6.593,11.794,0.138,0.708,0.248,0.182,126,1.0
2022-01-28_thd,thd,AMBIGUOUS,,0.2827,2.2287,0.2635,277.1,405,4.967,0.421,1.479,0.055,1.085,0.45,-0.92,1384,1.0
2022-01-28_the,the,AMBIGUOUS,,0.2797,2.231,0.3609,287.6,320,4.977,0.414,1.184,0.205,0.913,1.01,-0.865,1192,1.0
2022-02-01_thd,thd,AMBIGUOUS,,0.1372,2.3606,0.1795,422.7,156,5.572,0.284,1.444,0.158,1.275,1.063,-0.846,1243,1.0
2022-02-01_the,the,AMBIGUOUS,,0.2876,2.1395,0.5622,324.9,162,4.577,0.486,1.137,0.204,0.905,0.943,-0.793,1211,1.0
2022-02-13_tha,tha,AMBIGUOUS,,0.889,1.8682,0.6931,303.7,271,3.49,0.805,1.402,0.208,1.131,0.478,-0.507,1526,1.0
2022-02-16_tha,tha,AMBIGUOUS,,0.2145,2.75,0.106,219.4,503,7.562,0.171,1.495,0.152,1.247,0.859,-0.813,2014,1.0
2022-02-19_tha,tha,AMBIGUOUS,,1.5708,2.0103,1.8379,247.3,681,4.041,2.175,2.599,1.29,2.213,0.905,-0.197,1706,1.0
2022-02-20_tha,tha,AMBIGUOUS,,0.9282,1.5346,0.3255,210.2,887,2.355,0.782,1.505,0.375,1.368,0.668,-0.478,2255,1.0
2022-02-20_thd,thd,AMBIGUOUS,,0.2912,2.4695,0.1334,338.6,386,6.099,0.396,1.781,0.037,0.995,0.407,-0.832,1455,1.0
2022-02-20_the,the,AMBIGUOUS,,1.0863,1.658,0.6352,225.8,311,2.749,0.975,1.414,0.571,1.176,0.782,-0.412,1280,1.0
2022-02-21_tha,tha,CONFIRMED_PDL,AMBIGUOUS_SPEC,0.8805,1.415,0.3092,209.7,901,2.002,0.736,1.447,0.461,1.38,0.736,-0.491,2296,1.0
2022-02-21_thd,thd,AMBIGUOUS,,0.219,1.8541,0.1293,344.6,434,3.438,0.323,1.468,0.067,1.195,0.589,-0.84,1508,1.0
2022-02-21_the,the,AMBIGUOUS,,0.9704,1.4581,0.5318,230.3,598,2.126,0.845,1.364,0.605,1.248,0.844,-0.449,1567,1.0
2022-02-22_tha,tha,AMBIGUOUS,,1.155,1.8608,1.3246,349.9,791,3.463,1.04,1.466,0.306,1.175,0.514,-0.45,1962,1.0
2022-02-22_thd,thd,AMBIGUOUS,,1.3235,1.5196,3.0808,385.7,530,2.309,1.334,1.505,0.389,1.122,0.552,-0.324,1515,1.0
2022-02-23_thd,thd,AMBIGUOUS,,0.7612,1.3196,2.6989,328.9,788,1.741,0.813,0.984,0.512,0.935,0.824,-0.404,2035,1.0
2022-02-23_the,the,AMBIGUOUS,,0.3536,2.032,0.6357,351.7,581,4.129,0.439,0.949,0.258,0.847,0.782,-0.752,1624,1.0
2022-02-25_the,the,CONFIRMED_PDL,HOT_BOUNDARY_FLAG,0.5355,2.1178,0.2752,146.2,106,4.485,0.356,1.271,0.42,1.112,0.947,-0.638,850,1.0
2022-02-26_thd,thd,AMBIGUOUS,,1.0298,2.3673,1.7,164.8,723,5.604,0.943,1.338,0.322,1.176,0.559,-0.708,1887,1.0
2022-02-26_the,the,AMBIGUOUS,,1.0494,2.0483,2.2264,187.4,570,4.196,1.004,1.309,0.371,1.168,0.61,-0.758,1515,1.0
2022-02-27_tha,tha,CONFIRMED_PDL,HOT_BOUNDARY_FLAG,0.4132,2.0367,0.1835,221.3,252,4.148,0.349,1.53,0.336,1.43,1.027,-0.654,1024,1.0
2022-02-27_thd,thd,CONFIRMED_PDL,HOT_BOUNDARY_FLAG,0.4762,2.9199,0.1747,222.7,197,8.526,0.328,1.68,0.05,1.405,0.449,-0.859,1142,1.0
2022-02-27_the,the,AMBIGUOUS,,0.2367,2.6614,0.2305,382.4,114,7.083,0.302,1.345,0.243,1.159,0.948,-0.666,717,1.0
2022-03-04_thd,thd,AMBIGUOUS,,0.7146,2.6344,0.5349,210.8,539,6.94,0.568,1.358,0.408,1.177,0.755,-0.52,1502,1.0
2022-03-04_the,the,AMBIGUOUS,,1.3264,2.5256,1.7796,257.4,411,6.379,1.191,1.583,0.167,1.021,0.423,-0.718,1111,1.0
2022-03-05_thd,thd,AMBIGUOUS,,1.6761,5.1607,0.2428,184.8,29,26.633,3.239,11.564,0.156,0.84,0.293,-0.773,249,1.0
2022-03-11_the,the,AMBIGUOUS,,1.8893,1.2156,2.295,161.2,479,1.478,2.382,2.054,0.688,1.84,0.624,-0.247,1246,1.0
2022-03-13_the,the,AMBIGUOUS,,2.1284,2.0645,1.156,252.7,217,4.262,1.735,2.011,0.212,1.246,0.418,-0.729,624,1.0
2023-02-15_tha,tha,AMBIGUOUS,,1.4647,1.0796,4.2948,147.6,483,1.166,1.795,1.598,0.187,1.026,0.366,-0.613,1304,1.0
2023-02-15_thd,thd,AMBIGUOUS,,0.8648,1.3662,2.3933,173.5,352,1.867,1.165,1.349,0.159,0.88,0.471,-0.563,1055,1.0
2023-02-15_the,the,AMBIGUOUS,,0.9129,1.3116,3.663,170.5,353,1.72,1.262,1.318,0.156,0.795,0.426,-0.58,949,1.0
2023-02-20_tha,tha,AMBIGUOUS,,0.1192,1.776,0.1167,393.6,297,3.154,0.228,1.394,0.021,1.096,0.445,-0.926,1314,1.0
2023-02-23_tha,tha,AMBIGUOUS,,1.1662,1.683,1.1834,379.8,651,2.832,1.089,1.5,0.345,1.274,0.541,-0.446,1655,1.0
2023-02-23_thd,thd,AMBIGUOUS,,0.9532,1.4888,1.3184,413.0,501,2.217,0.921,1.266,0.33,1.141,0.613,-0.586,1338,1.0
2023-02-24_tha,tha,AMBIGUOUS,,1.2733,1.4892,2.284,344.0,580,2.218,1.428,1.567,0.232,1.334,0.436,-0.82,1443,1.0
2023-02-24_thd,thd,AMBIGUOUS,,1.3527,1.2149,6.7311,368.4,493,1.476,1.507,1.551,0.33,1.313,0.495,-0.659,1235,1.0
2023-02-24_the,the,AMBIGUOUS,,1.2499,1.3909,4.6147,394.5,375,1.935,1.508,1.542,0.295,1.295,0.528,-0.672,996,1.0
2023-02-27_tha,tha,AMBIGUOUS,,6.2893,6.45,4.435,975.4,171,41.602,17.787,20.07,0.327,1.588,0.218,0.238,518,1.0
2023-02-27_thd,thd,AMBIGUOUS,,9.2208,4.4062,12.5496,988.0,344,19.415,23.677,23.399,0.642,2.311,0.25,-0.604,800,1.0
2023-02-27_the,the,AMBIGUOUS,,8.8823,4.8273,13.3925,963.6,50,23.304,27.62,27.114,0.581,2.227,0.231,-0.523,138,1.0
2023-03-02_tha,tha,CONFIRMED_PDL,SHEATH_CONSISTENT,0.5418,2.8781,0.2381,349.4,726,8.283,0.562,2.242,0.164,1.778,0.512,-0.799,2007,1.0
2023-03-02_thd,thd,CONFIRMED_PDL,SHEATH_CONSISTENT,0.5114,3.0603,0.1908,384.3,397,9.365,0.508,2.391,0.186,2.009,0.552,-0.797,1380,1.0
2023-03-02_the,the,CONFIRMED_PDL,SHEATH_CONSISTENT,0.6719,2.7813,0.2503,330.5,481,7.735,0.566,2.217,0.228,1.798,0.528,-0.606,1199,1.0
2023-03-03_tha,tha,BOUNDARY_LAYER,,0.1289,2.0861,0.0488,375.6,469,4.352,0.112,1.583,0.012,1.236,0.331,-0.779,1539,1.0
2023-03-03_the,the,BOUNDARY_LAYER,,0.1301,2.0497,0.06,341.0,359,4.201,0.107,1.353,0.03,1.161,0.484,-0.841,1187,1.0
2023-03-04_tha,tha,BOUNDARY_LAYER,,0.0953,2.2652,0.0943,902.1,468,5.131,0.131,1.274,0.008,1.0,0.29,-0.119,1399,1.0
2023-03-05_tha,tha,AMBIGUOUS,,0.2154,2.2208,0.2166,520.4,611,4.932,0.356,1.417,0.085,0.935,0.629,-0.853,1817,1.0
2023-03-05_thd,thd,AMBIGUOUS,,0.256,2.7416,0.315,504.9,553,7.517,0.421,1.297,0.073,0.814,0.537,-0.821,1648,1.0
2023-03-06_tha,tha,AMBIGUOUS,,1.0932,1.5015,1.0936,466.2,1016,2.255,1.009,1.436,0.469,1.149,0.659,-0.583,2488,1.0
2023-03-09_tha,tha,AMBIGUOUS,,0.4817,1.6485,0.6074,240.3,195,2.718,0.554,1.094,0.434,0.901,0.822,-0.593,2021,1.0
2023-03-10_tha,tha,BOUNDARY_LAYER,,0.0455,1.7396,0.052,436.8,26,3.026,0.126,1.412,0.04,1.19,0.9,-0.637,787,1.0
2023-03-10_thd,thd,BOUNDARY_LAYER,,0.0525,1.6778,0.0568,334.0,107,2.815,0.114,1.22,0.054,1.074,0.936,-0.786,828,1.0
2023-03-11_tha,tha,CONFIRMED_PDL,HOT_BOUNDARY_FLAG,0.4991,2.3329,0.5891,200.6,189,5.442,0.686,1.438,1.841,1.578,2.414,-0.649,1662,1.0
2023-03-11_thd,thd,AMBIGUOUS,,0.1634,2.1461,0.2843,317.1,52,4.606,0.417,1.38,0.544,1.317,1.856,-0.657,1202,1.0
2023-03-13_thd,thd,AMBIGUOUS,,0.2306,2.0166,0.1304,107.6,80,4.067,0.204,1.251,0.014,0.868,0.26,-0.881,1089,1.0
2023-03-13_the,the,AMBIGUOUS,,0.2473,2.0435,0.1799,99.4,442,4.176,0.213,1.089,0.025,0.771,0.33,-0.922,1424,1.0
2023-04-01_tha,tha,AMBIGUOUS,,0.2463,2.4721,0.1454,350.1,264,6.111,0.3,1.723,0.238,1.574,0.938,-0.923,1534,1.0
2023-04-02_tha,tha,AMBIGUOUS,,0.1985,2.155,0.1047,368.0,626,4.644,0.171,1.4,0.032,1.137,0.409,-0.766,2080,1.0
2023-04-03_tha,tha,AMBIGUOUS,,1.1313,1.5554,0.8954,309.8,1023,2.419,1.334,1.765,0.808,1.622,0.852,-0.674,2712,1.0
2023-04-03_thd,thd,AMBIGUOUS,,1.1906,1.5982,1.0082,294.2,895,2.554,1.309,1.709,0.645,1.529,0.745,-0.603,2405,1.0
2023-04-04_tha,tha,CONFIRMED_PDL,SHEATH_CONSISTENT,0.8842,2.7074,0.7862,306.5,712,7.33,0.735,1.414,0.298,1.102,0.623,-0.746,1870,1.0
2023-04-04_thd,thd,CONFIRMED_PDL,SHEATH_CONSISTENT,0.8595,2.9619,1.0547,321.4,35,8.773,0.781,1.287,0.204,0.924,0.539,-0.566,962,1.0
2023-04-05_tha,tha,AMBIGUOUS,,0.9474,2.1772,1.1529,215.9,1021,4.74,0.787,1.258,0.419,1.077,0.652,-0.671,2709,1.0
2023-04-05_the,the,AMBIGUOUS,,1.0197,1.7557,3.4151,281.0,213,3.082,0.943,1.107,0.42,0.981,0.636,-0.828,1272,1.0
2023-04-06_tha,tha,AMBIGUOUS,,0.1201,2.4326,0.1013,310.2,248,5.918,0.182,1.398,0.073,1.138,1.062,-0.807,1545,1.0
2023-04-06_thd,thd,AMBIGUOUS,,0.6171,2.1107,1.013,244.7,424,4.455,0.749,1.185,0.754,1.188,1.117,-0.578,1585,1.0
2023-04-06_the,the,AMBIGUOUS,,0.8966,6.5874,0.3184,216.8,72,43.393,1.282,4.637,0.115,1.119,0.301,-0.777,744,1.0
2023-04-07_thd,thd,AMBIGUOUS,,0.796,1.696,0.5754,168.3,461,2.876,0.98,1.704,1.234,1.646,1.192,-0.525,2051,1.0
2023-04-10_tha,tha,CONFIRMED_PDL,HOT_BOUNDARY_FLAG,0.5382,2.1021,0.3396,244.2,189,4.419,0.821,1.861,0.23,1.523,0.782,-0.808,977,1.0
2023-04-10_thd,thd,AMBIGUOUS,,0.271,2.0954,0.2704,368.0,32,4.391,0.647,1.891,0.215,1.526,0.902,-0.848,305,1.0
2023-04-11_tha,tha,AMBIGUOUS,,0.9156,1.6518,1.2321,227.2,722,2.729,0.85,1.181,0.524,1.053,0.746,-0.636,1906,1.0
2023-04-11_thd,thd,CONFIRMED_PDL,SHEATH_CONSISTENT,0.5027,2.3451,0.3271,192.9,613,5.499,0.373,1.345,0.42,1.209,0.856,-0.784,1557,1.0
2023-04-11_the,the,AMBIGUOUS,,0.9272,1.9691,1.1128,250.0,403,3.877,0.688,1.074,0.286,0.92,0.65,-0.783,1177,1.0
2023-04-12_thd,thd,CONFIRMED_PDL,SHEATH_CONSISTENT,0.8329,1.7233,0.6973,117.0,615,2.97,0.749,1.286,0.286,1.079,0.591,-0.296,1760,1.0
2023-04-12_the,the,AMBIGUOUS,,1.0384,1.2965,3.7854,171.3,343,1.681,1.072,1.124,0.38,0.926,0.608,-0.53,1235,1.0
2023-04-13_thd,thd,AMBIGUOUS,,0.9852,1.8192,1.199,165.2,677,3.309,0.988,1.413,0.16,1.058,0.403,-0.469,1869,1.0
2023-04-13_the,the,AMBIGUOUS,,1.193,1.6404,2.795,171.7,583,2.691,1.165,1.334,0.225,0.893,0.444,-0.244,1577,1.0
2023-04-14_thd,thd,AMBIGUOUS,,1.2226,1.4015,1.2428,131.4,710,1.964,1.125,1.382,0.613,1.269,0.722,-0.613,1831,1.0
2023-04-14_the,the,CONFIRMED_PDL,SHEATH_CONSISTENT,0.6859,1.8423,0.4339,131.0,581,3.394,0.615,1.399,0.185,1.208,0.506,-0.812,1511,1.0
2023-04-15_the,the,AMBIGUOUS,,0.1318,3.7122,0.1711,294.8,22,13.781,0.206,1.23,0.055,0.965,0.69,-0.662,614,1.0
2023-04-17_tha,tha,CONFIRMED_PDL,SHEATH_CONSISTENT,0.7746,2.5902,1.1488,146.9,674,6.709,0.744,1.237,0.097,0.976,0.351,-0.735,1742,1.0
2023-04-17_thd,thd,AMBIGUOUS,,0.262,3.4396,0.2863,164.6,289,11.831,0.301,1.176,0.045,0.954,0.396,-0.857,1113,1.0
2023-04-17_the,the,AMBIGUOUS,,1.0874,2.0164,2.9676,150.3,467,4.066,1.044,1.326,0.28,1.103,0.515,-0.655,1155,1.0
2023-04-19_thd,thd,AMBIGUOUS,,2.2752,1.228,2.8885,233.1,705,1.508,2.424,2.081,0.505,1.687,0.505,-0.47,1842,1.0
2023-04-19_the,the,AMBIGUOUS,,1.2448,1.2969,0.8539,202.0,607,1.682,0.992,1.26,0.731,1.196,0.761,0.22,1565,1.0
2023-04-24_tha,tha,BOUNDARY_LAYER,,0.1288,1.1341,0.0674,390.2,418,1.286,0.1,0.711,0.014,0.559,0.349,-0.009,590,1.0
2023-04-24_thd,thd,BOUNDARY_LAYER,,0.2936,1.1026,0.0896,321.8,365,1.216,0.328,0.711,0.011,0.447,0.259,0.174,769,1.0
2023-04-24_the,the,AMBIGUOUS,,0.5095,1.2736,0.1087,254.4,25,1.622,0.42,0.839,0.012,0.431,0.263,0.536,320,1.0
2023-05-09_tha,tha,AMBIGUOUS,,2.2535,1.4,1.2898,390.3,318,1.96,6.124,3.245,14.208,3.841,2.305,-0.234,1372,1.0
2023-05-09_the,the,AMBIGUOUS,,4.3252,1.354,2.2417,376.8,520,1.833,8.431,3.992,16.475,4.666,1.786,-0.002,1307,1.0
2023-05-10_tha,tha,CONFIRMED_PDL,SHEATH_CONSISTENT,0.4993,1.7997,0.365,414.5,523,3.239,0.571,1.453,0.061,1.006,0.368,-0.768,1317,1.0
2023-05-10_thd,thd,CONFIRMED_PDL,HOT_BOUNDARY_FLAG,0.5976,2.8805,0.141,239.6,131,8.298,0.313,1.93,0.051,1.208,0.308,-0.828,795,1.0
2023-05-10_the,the,CONFIRMED_PDL,SHEATH_CONSISTENT,0.6143,1.9703,0.9635,504.6,363,3.882,0.73,1.228,0.215,0.888,0.617,-0.402,900,1.0
2023-05-12_tha,tha,AMBIGUOUS,,65.0622,1.6297,0.4707,332.4,411,2.656,24.773,3.678,308.409,3.927,2.192,-0.625,1238,1.0
2023-05-12_thd,thd,AMBIGUOUS,,1.0061,1.3171,1.3351,413.3,460,1.735,1.071,1.248,0.335,1.062,0.582,-0.76,1145,1.0
2023-05-12_the,the,BOUNDARY_LAYER,,27.6663,1.1929,0.049,295.9,385,1.423,16.425,1.485,10.981,1.489,0.641,-0.831,965,1.0
2024-03-03_tha,tha,AMBIGUOUS,,1.6382,1.2725,1.4285,128.8,668,1.619,2.133,1.915,0.601,1.421,0.615,-0.652,1656,1.0
2024-03-03_thd,thd,AMBIGUOUS,,1.5609,1.3901,0.7903,113.0,390,1.932,1.715,1.798,0.279,1.264,0.42,-0.264,1270,1.0
2024-03-03_the,the,AMBIGUOUS,,1.1226,1.5286,0.7872,113.5,438,2.337,1.177,1.654,0.531,1.177,0.668,-0.84,1184,1.0
2024-03-23_thd,thd,AMBIGUOUS,,1.435,1.7319,2.9539,172.8,427,3.0,1.698,1.971,0.321,1.355,0.477,-0.529,1073,1.0
2024-03-25_tha,tha,AMBIGUOUS,,2.2559,12.8304,0.2828,561.0,297,164.602,0.891,3.933,0.227,1.956,0.323,-0.842,903,1.0
2024-03-25_thd,thd,AMBIGUOUS,,2.7542,2.1588,11.6005,875.4,432,4.66,2.773,2.637,0.846,2.238,0.663,0.507,972,1.0
2024-03-25_the,the,CONFIRMED_PDL,AMBIGUOUS_SPEC,0.8761,8.0697,0.2257,455.0,274,65.12,0.401,2.088,0.297,1.393,0.544,-0.738,759,1.0
2024-04-14_tha,tha,BOUNDARY_LAYER,,0.0875,2.4124,0.087,222.2,217,5.82,0.127,1.29,0.063,0.995,0.84,-0.802,1668,1.0
2024-04-15_tha,tha,BOUNDARY_LAYER,,0.0875,2.4146,0.087,222.2,217,5.83,0.127,1.29,0.061,0.987,0.82,-0.802,1665,1.0
2024-04-15_the,the,AMBIGUOUS,,0.6535,1.6332,2.6222,197.4,116,2.667,0.861,1.013,0.113,0.785,0.562,-0.56,1129,1.0
2024-04-17_tha,tha,AMBIGUOUS,,1.195,1.9386,3.9634,186.4,545,3.758,1.246,1.418,0.138,1.186,0.341,-0.73,1301,1.0
2024-04-17_thd,thd,CONFIRMED_PDL,HOT_BOUNDARY_FLAG,0.5415,3.1612,0.4527,159.9,33,9.993,0.503,1.411,0.089,1.205,0.405,-0.916,601,1.0
2024-04-17_the,the,AMBIGUOUS,,1.2807,1.8475,4.293,188.6,177,3.413,1.328,1.517,0.123,1.325,0.341,-0.577,683,1.0
2024-04-18_tha,tha,CONFIRMED_PDL,SHEATH_CONSISTENT,0.6072,2.8445,0.2577,123.4,781,8.091,0.527,2.029,0.119,1.689,0.44,-0.909,2002,1.0
2024-04-18_thd,thd,CONFIRMED_PDL,SHEATH_CONSISTENT,0.7032,2.4283,0.3657,128.3,601,5.897,0.622,1.768,0.1,1.557,0.385,-0.897,1573,1.0
2024-04-18_the,the,CONFIRMED_PDL,SHEATH_CONSISTENT,0.4788,2.3751,0.1996,115.5,447,5.641,0.356,1.675,0.061,1.489,0.354,-0.91,1150,1.0
2024-04-19_thd,thd,AMBIGUOUS,,1.2728,1.5806,0.1976,99.7,436,2.498,0.786,1.923,0.155,1.578,0.424,-0.634,1334,1.0
2024-04-19_the,the,AMBIGUOUS,,1.5809,1.1098,1.7463,168.0,451,1.232,1.483,1.348,0.338,1.151,0.453,-0.866,1126,1.0
2024-04-26_the,the,AMBIGUOUS,,3.1858,1.595,0.3615,124.6,12,2.544,4.257,2.885,0.216,1.162,0.212,-0.112,205,1.0
2024-04-27_the,the,AMBIGUOUS,,0.22,1.4633,1.192,418.0,417,2.141,0.418,0.699,0.091,0.506,0.572,0.433,1270,1.0
2024-04-28_thd,thd,AMBIGUOUS,,1.1967,1.541,1.3641,190.4,218,2.375,1.004,1.316,0.199,1.096,0.397,-0.577,1280,1.0
2024-04-28_the,the,AMBIGUOUS,,1.0995,0.8155,6.0864,172.7,451,0.665,0.881,0.832,0.351,0.746,0.568,-0.401,1340,1.0
2024-05-16_tha,tha,AMBIGUOUS,,4.0906,2.5088,2.2757,234.3,201,6.294,3.9,4.515,16.343,6.165,1.819,0.738,1213,1.0
2024-05-17_tha,tha,CONFIRMED_PDL,SHEATH_CONSISTENT,0.4044,1.9281,0.1435,136.6,207,3.717,0.395,1.691,0.771,1.468,1.319,-0.547,1323,1.0
2024-05-18_tha,tha,AMBIGUOUS,,1.8157,1.2326,2.0097,212.3,890,1.519,2.211,1.902,0.951,1.735,0.725,-0.453,2418,1.0
2024-05-19_tha,tha,AMBIGUOUS,,0.4827,1.4559,0.1897,130.1,825,2.12,0.443,1.331,0.836,1.28,1.277,-0.179,2561,1.0
2024-05-19_thd,thd,AMBIGUOUS,,0.3419,1.4179,0.2143,249.0,633,2.01,0.568,1.34,0.431,1.252,1.203,-0.726,2068,1.0
2024-05-20_the,the,AMBIGUOUS,,1.4787,1.2937,0.7861,146.7,256,1.674,1.268,1.484,3.901,1.73,1.675,-0.7,1331,1.0
2024-05-22_the,the,AMBIGUOUS,,1.3312,1.2058,2.9191,168.8,287,1.454,1.191,1.304,0.3,1.125,0.52,-0.356,1129,1.0
2024-05-23_tha,tha,CONFIRMED_PDL,SHEATH_CONSISTENT,0.8888,2.0653,0.8058,161.0,772,4.265,0.734,1.313,0.287,1.09,0.573,-0.669,2032,1.0
2024-05-23_thd,thd,CONFIRMED_PDL,SHEATH_CONSISTENT,0.7809,2.4058,0.6209,151.2,676,5.788,0.559,1.237,0.401,1.005,0.774,-0.846,1707,1.0
2024-05-23_the,the,AMBIGUOUS,,1.0628,1.6815,1.2274,165.9,567,2.828,0.903,1.344,0.354,1.167,0.607,-0.589,1402,1.0
2024-05-24_tha,tha,AMBIGUOUS,,0.1626,3.06,0.1024,361.2,179,9.363,0.369,2.544,0.039,1.672,0.517,-0.016,1488,1.0
2024-05-24_the,the,AMBIGUOUS,,0.6753,1.6944,0.3869,130.4,121,2.871,0.522,1.381,0.919,1.303,1.05,-0.184,1175,1.0
2024-05-31_tha,tha,AMBIGUOUS,,1.2283,2.0125,2.7847,148.3,614,4.05,1.107,1.183,0.78,1.089,0.884,-0.508,1527,1.0
2024-05-31_thd,thd,AMBIGUOUS,,1.5228,1.4275,2.2759,176.1,500,2.038,1.898,1.886,0.861,1.509,0.741,-0.488,1247,1.0
2024-05-31_the,the,AMBIGUOUS,,0.9418,1.6961,3.5354,154.7,416,2.877,0.767,0.948,0.681,0.893,0.878,-0.183,1033,1.0
2024-06-03_thd,thd,AMBIGUOUS,,0.7812,1.8769,1.4379,98.4,631,3.523,0.703,1.084,0.181,0.675,0.472,-0.71,1613,1.0
2024-06-03_the,the,AMBIGUOUS,,1.1749,1.4959,6.6541,102.1,525,2.238,1.078,1.133,0.602,0.914,0.712,-0.271,1332,1.0
2024-06-08_tha,tha,AMBIGUOUS,,2.7242,2.8393,0.4922,283.7,595,8.062,3.224,5.172,4.142,4.918,1.157,-0.932,1491,1.0
2024-06-08_the,the,AMBIGUOUS,,2.7269,1.9857,0.8413,321.8,400,3.943,3.014,3.185,2.242,3.077,0.994,-0.691,995,1.0
2025-04-16_tha,tha,AMBIGUOUS,,0.3029,1.1626,0.1093,238.6,395,1.352,0.34,1.008,0.042,0.738,0.351,-0.377,1232,1.0
2025-04-21_tha,tha,CONFIRMED_PDL,HOT_BOUNDARY_FLAG,0.4474,1.9479,0.1646,289.2,239,3.794,0.625,2.053,0.102,1.328,0.501,-0.671,976,1.0
2025-04-21_thd,thd,AMBIGUOUS,,1.2051,1.2205,1.0332,160.0,469,1.49,0.947,1.15,0.62,0.867,0.707,-0.496,1177,1.0
2025-04-21_the,the,AMBIGUOUS,,0.4815,1.1129,0.3393,280.6,144,1.239,0.649,1.033,0.092,0.715,0.476,0.217,238,1.0
2025-05-17_tha,tha,CONFIRMED_PDL,SHEATH_CONSISTENT,0.5909,1.7152,0.2789,213.3,520,2.942,0.367,1.179,0.482,0.956,0.917,-0.52,1262,1.0
2025-05-17_thd,thd,AMBIGUOUS,,0.2862,1.8866,0.2189,281.9,328,3.559,0.248,1.031,0.122,0.7,0.619,-0.896,926,1.0
2025-05-17_the,the,CONFIRMED_PDL,SHEATH_CONSISTENT,0.6332,1.4315,0.3942,205.0,132,2.049,0.407,0.958,0.413,0.784,0.806,-0.276,673,1.0
2025-05-25_tha,tha,AMBIGUOUS,,1.1651,0.8909,3.8534,275.1,658,0.794,1.63,1.348,1.129,1.284,0.999,-0.055,1646,1.0
2025-05-27_thd,thd,AMBIGUOUS,,7.8452,5.5463,6.939,255.3,375,30.761,14.967,16.001,0.384,1.577,0.229,-0.429,1001,1.0
2025-05-29_tha,tha,AMBIGUOUS,,0.2573,3.4291,0.1408,904.6,352,11.759,0.313,2.079,0.14,1.363,0.537,-0.844,1284,1.0
2025-05-29_thd,thd,AMBIGUOUS,,1.0518,2.2608,1.1702,716.5,462,5.111,1.059,1.642,0.307,1.198,0.536,-0.561,1225,1.0
2025-05-29_the,the,BOUNDARY_LAYER,,0.1315,3.6178,0.0907,884.2,120,13.088,0.144,1.537,0.008,1.011,0.293,-0.753,370,1.0
2025-05-31_the,the,AMBIGUOUS,,0.7063,1.4457,0.9233,642.2,475,2.09,0.818,1.268,0.259,0.994,0.611,-0.304,676,1.0
2025-06-01_tha,tha,AMBIGUOUS,,1.0462,1.4202,3.6771,687.1,664,2.017,1.105,1.18,0.586,1.046,0.778,-0.37,1588,1.0
2025-06-01_thd,thd,AMBIGUOUS,,1.0136,2.1692,0.989,447.6,208,4.706,0.747,1.36,0.339,0.934,0.597,-0.657,895,1.0
2025-06-01_the,the,AMBIGUOUS,,1.0245,1.4277,4.1785,728.2,337,2.038,1.058,1.203,0.772,1.088,0.89,0.109,829,1.0
2025-06-02_tha,tha,BOUNDARY_LAYER,,0.1154,1.1697,0.0567,388.0,19,1.368,0.099,0.739,0.008,0.482,0.313,0.128,34,1.0
2025-06-03_tha,tha,AMBIGUOUS,,1.2928,1.5027,0.7722,311.9,884,2.258,0.92,1.352,0.402,1.074,0.562,-0.262,2270,1.0
2025-06-03_thd,thd,AMBIGUOUS,,1.436,1.4529,1.011,311.7,714,2.111,1.012,1.391,0.229,0.978,0.402,-0.229,1845,1.0
2025-06-03_the,the,AMBIGUOUS,,1.1606,1.0972,1.0336,322.0,597,1.204,0.83,0.962,0.33,0.844,0.533,-0.171,1530,1.0
2025-06-04_thd,thd,AMBIGUOUS,,1.2421,2.2993,0.6572,369.1,558,5.287,0.716,1.379,0.119,0.65,0.351,-0.558,1405,1.0
2025-06-04_the,the,AMBIGUOUS,,1.0083,0.4987,5.5443,490.7,13,0.249,0.95,0.565,0.259,0.414,0.533,0.093,257,1.0
2025-06-05_tha,tha,AMBIGUOUS,,1.7011,1.0696,12.9831,471.9,670,1.144,1.748,1.844,0.999,1.469,0.874,-0.732,1560,1.0
2025-06-06_thd,thd,AMBIGUOUS,,0.5067,2.661,0.3647,209.7,488,7.081,0.597,1.652,0.168,1.215,0.653,-0.673,1626,1.0
2025-06-06_the,the,AMBIGUOUS,,1.0502,1.858,1.3388,259.5,35,3.452,1.332,1.856,0.652,1.534,0.769,0.474,357,1.0
2025-06-07_tha,tha,AMBIGUOUS,,1.1966,1.2212,0.2353,154.6,607,1.491,1.376,1.325,0.906,1.213,0.888,-0.583,795,1.0
2025-06-07_thd,thd,AMBIGUOUS,,0.096,1.2331,0.1087,321.0,123,1.52,0.199,0.958,0.007,0.603,0.261,0.646,219,1.0
2025-06-07_the,the,AMBIGUOUS,,2.0419,0.6361,1.2521,188.8,182,0.405,3.847,0.819,2.078,0.901,1.027,-0.645,227,1.0
2025-06-08_tha,tha,BOUNDARY_LAYER,,0.2724,1.3919,0.0834,171.9,521,1.937,0.353,1.447,0.075,1.113,0.595,0.141,724,1.0
2025-06-08_thd,thd,AMBIGUOUS,,0.0995,1.2924,0.1076,314.5,129,1.67,0.221,0.989,0.007,0.631,0.251,0.131,263,1.0
2025-06-08_the,the,AMBIGUOUS,,1.9689,0.5944,1.2521,188.8,182,0.353,3.566,0.728,1.949,0.811,0.999,-0.653,229,1.0
2025-06-09_the,the,AMBIGUOUS,,0.1791,2.3499,0.274,540.4,65,5.522,0.425,1.294,0.021,0.623,0.278,-0.536,427,1.0
2025-06-10_tha,tha,AMBIGUOUS,,0.9868,1.5578,1.8741,260.6,601,2.427,1.034,1.275,0.907,1.177,0.975,-0.649,2057,1.0
2025-06-10_thd,thd,AMBIGUOUS,,0.9426,1.654,2.3274,260.6,719,2.736,0.951,1.166,0.969,1.13,1.012,-0.714,1887,1.0
2025-06-11_thd,thd,CONFIRMED_PDL,SHEATH_CONSISTENT,0.5929,2.1205,0.3213,195.2,315,4.497,0.557,1.587,0.363,1.191,0.809,-0.911,1298,1.0
2025-06-27_tha,tha,AMBIGUOUS,,1.3329,1.8678,1.6699,534.9,451,3.489,1.042,1.49,0.744,1.338,0.747,-0.832,1877,1.0
2025-06-28_tha,tha,AMBIGUOUS,,0.5626,2.5355,0.374,444.1,913,6.429,0.649,1.798,0.364,1.237,0.809,-0.788,2676,1.0
2025-06-28_thd,thd,AMBIGUOUS,,0.9689,1.8451,1.2631,396.0,294,3.404,0.853,1.263,0.66,1.093,0.804,-0.711,1656,1.0
2025-07-01_thd,thd,AMBIGUOUS,,0.0942,2.9767,0.123,531.2,308,8.861,0.128,1.041,0.009,0.683,0.336,-0.776,1443,1.0
2025-07-02_thd,thd,AMBIGUOUS,,2.2712,1.3977,3.3381,162.6,721,1.953,2.165,2.17,0.973,1.686,0.708,-0.55,1856,1.0
2025-07-02_the,the,BOUNDARY_LAYER,,0.2183,2.4359,0.0753,287.0,126,5.934,0.292,2.369,0.066,1.61,0.501,-0.558,1253,1.0
2025-07-03_tha,tha,AMBIGUOUS,,2.6808,6.7146,0.17,107.8,228,45.086,2.17,11.4,0.182,1.508,0.226,-0.621,868,1.0
2025-07-04_thd,thd,AMBIGUOUS,,2.1659,1.313,0.4843,94.6,836,1.724,2.785,1.959,1.843,1.928,0.913,0.389,2213,1.0
2025-07-05_tha,tha,AMBIGUOUS,,0.7045,1.4287,0.2456,143.6,743,2.041,0.577,1.343,0.721,1.163,1.013,-0.382,1826,1.0
2025-07-05_thd,thd,AMBIGUOUS,,0.4211,1.6242,0.2289,168.6,520,2.638,0.483,1.441,0.265,1.058,0.746,-0.788,1402,1.0
2025-07-06_tha,tha,AMBIGUOUS,,1.7001,1.2351,1.8015,274.5,706,1.525,2.562,1.933,1.523,2.018,1.008,-0.272,1775,1.0
2025-07-07_tha,tha,AMBIGUOUS,,1.6348,1.1991,1.7986,272.1,698,1.438,2.418,1.87,1.679,1.967,1.062,-0.244,1751,1.0
2025-07-08_tha,tha,AMBIGUOUS,,0.3547,2.0306,0.1633,358.1,136,4.123,0.37,1.693,0.261,1.221,0.773,-0.883,1126,1.0
2025-07-08_thd,thd,AMBIGUOUS,,1.2085,1.2219,1.4863,342.8,613,1.493,1.128,1.254,1.012,1.195,0.94,-0.758,1443,1.0
2025-07-10_thd,thd,CONFIRMED_PDL,HOT_BOUNDARY_FLAG,0.4758,13.4899,0.4176,217.3,392,181.976,0.391,1.224,0.229,0.958,0.701,-0.518,1293,1.0
2025-07-11_tha,tha,AMBIGUOUS,,0.1252,1.9653,0.1077,444.3,134,3.862,0.245,1.564,0.015,0.99,0.344,-0.793,886,1.0
2025-07-11_thd,thd,AMBIGUOUS,,1.4344,1.2646,2.6855,243.7,363,1.599,1.475,1.51,0.614,1.171,0.703,-0.421,963,1.0
2025-07-11_the,the,AMBIGUOUS,,0.1265,2.2881,0.1282,392.7,27,5.235,0.219,1.367,0.012,0.867,0.308,-0.814,476,1.0
2025-07-12_tha,tha,AMBIGUOUS,,1.2109,1.3025,0.4973,242.3,660,1.696,1.296,1.537,1.401,1.528,1.063,-0.522,1653,1.0
2025-07-12_thd,thd,AMBIGUOUS,,1.0877,1.4572,0.558,246.4,518,2.124,1.132,1.596,1.162,1.508,1.033,-0.735,1288,1.0
2025-07-13_the,the,AMBIGUOUS,,1.1696,1.2531,2.5938,423.3,471,1.57,1.045,1.136,0.972,1.11,0.918,-0.367,1237,1.0
2025-07-14_tha,tha,AMBIGUOUS,,1.0682,1.3688,0.9965,328.6,686,1.874,1.104,1.576,1.391,1.601,1.146,-0.621,1840,1.0
2025-07-14_thd,thd,CONFIRMED_PDL,SHEATH_CONSISTENT,0.5211,1.7252,0.6038,324.2,454,2.976,0.469,0.951,0.523,0.845,1.021,-0.511,1357,1.0
2025-07-15_thd,thd,AMBIGUOUS,,0.3844,1.8652,0.4841,369.5,467,3.479,0.369,0.899,0.363,0.777,1.11,-0.578,1388,1.0
2025-07-22_tha,tha,AMBIGUOUS,,1.1014,1.8496,0.5217,261.4,588,3.421,0.888,1.769,0.502,1.309,0.677,-0.689,1383,1.0
2025-07-22_thd,thd,AMBIGUOUS,,1.1546,1.7668,1.0657,241.2,460,3.121,0.88,1.302,0.638,1.08,0.753,0.011,1141,1.0
2025-07-23_tha,tha,AMBIGUOUS,,0.8789,1.9435,0.5196,261.3,572,3.777,0.693,1.528,0.61,1.282,0.837,-0.695,1341,1.0
2025-07-23_thd,thd,AMBIGUOUS,,1.1077,1.3926,1.0518,239.2,441,1.939,0.918,1.234,0.701,1.074,0.796,-0.007,1089,1.0
2025-08-08_the,the,AMBIGUOUS,,1.1519,2.1058,1.319,225.4,368,4.435,0.891,1.129,0.23,0.764,0.492,-0.146,913,1.0
2025-08-09_tha,tha,AMBIGUOUS,,0.8401,1.2898,0.6394,215.0,714,1.664,0.565,0.939,0.278,0.671,0.568,-0.836,1813,1.0
2025-08-09_thd,thd,AMBIGUOUS,,0.6713,1.5124,0.5067,195.1,546,2.287,0.574,1.154,0.351,0.915,0.693,-0.682,1422,1.0
2025-08-09_the,the,AMBIGUOUS,,0.8239,1.8372,0.6085,225.6,456,3.375,0.568,1.126,0.242,0.747,0.539,-0.405,1147,1.0
