eid,grp,north,n_sw,v_sw,ratio_bg,ratio_near,ratio_v
2007-08-08_tha,NONCAND,True,2.0899999141693115,518.6499938964844,2.766515763290268,0.26315790554403073,0.28900929401923126
2007-08-09_tha,REJ,True,5.949999809265137,388.1000061035156,4.214526399709442,3.5882354091431248,0.25386382335001223
2007-08-10_tha,NONCAND,True,5.96999979019165,387.25,4.200506437821032,4.97152446282535,0.25444491776133293
2007-08-11_tha,NONCAND,False,3.140000104904175,557.25,3.433731292399497,1.885350255483722,0.27620760343063033
2007-08-11_thb,NONCAND,True,3.2300000190734863,556.9000244140625,3.3524923451397526,3.0030959574986036,0.2657925582924624
2007-08-11_thc,NONCAND,True,3.200000047683716,557.0999755859375,3.9171668303435023,0.29062499566935013,0.2749768666777832
2007-08-11_thd,NONCAND,True,3.1500000953674316,557.2000122070312,3.6342427500696712,0.2317460247298339,0.2709942530340946
2007-08-12_thc,NONCAND,False,3.5899999141693115,454.6000061035156,3.5485759935330785,4.87186641174252,0.25386548152488264
2007-08-13_thb,NONCAND,True,4.239999771118164,354.3999938964844,2.9696494257035937,0.39858492717661553,0.17074009390699837
2007-08-13_thc,NONCAND,True,4.329999923706055,353.1000061035156,3.5681040205412202,5.757505875118438,0.1491571723091919
2007-08-15_tha,NONCAND,False,5.130000114440918,421.1499938964844,4.153442290156798,0.27680311273341085,0.2417006443292339
2007-08-15_thc,NONCAND,False,6.989999771118164,386.79998779296875,2.772984438599608,0.3376251898821564,0.23072810541219954
2007-08-15_thd,NONCAND,False,6.56000018119812,390.0500030517578,2.76510358941705,0.3216463325790075,0.23049497038942127
2007-08-15_the,NONCAND,False,6.56000018119812,390.0500030517578,2.8356490282353373,0.2987804795520638,0.24568767572986439
2007-08-16_thb,NONCAND,True,6.610000133514404,442.1000061035156,3.191292852672831,0.7216338734722364,0.23263321343742582
2007-08-16_thd,REJ,True,6.590000152587891,440.70001220703125,3.448743841637391,2.0773899367246513,0.23394996682330094
2007-08-16_the,NONCAND,True,6.590000152587891,440.70001220703125,3.406952068532569,0.29286797500939205,0.2532240639718222
2007-08-17_tha,NONCAND,True,5.419999837875366,389.70001220703125,3.1904242649944288,0.21217712811792233,0.18864592640855024
2007-08-17_thb,NONCAND,True,4.809999942779541,395.79998779296875,3.112569159976489,0.513513519622345,0.15660430519923013
2007-08-17_thc,REJ,True,4.989999771118164,395.79998779296875,3.4704089562062794,2.0080161241680194,0.1850994103584281
2007-08-19_tha,NONCAND,True,6.269999980926514,367.1000061035156,3.4256775517613582,3.3285486544636407,0.20675274352690257
2007-08-19_thb,REJ,True,6.28000020980835,367.6000061035156,3.4627573107751908,1.6480891169135576,0.19265123697056755
2007-08-19_thc,REJ,True,6.25,367.5,3.546275634765625,1.9568,0.18415724566193664
2007-08-19_thd,A,True,6.190000057220459,367.5,3.2405048742540368,2.200323081437238,0.18645790774806018
2007-08-19_the,A,True,6.190000057220459,367.5,3.0997433167883424,2.418416778936524,0.19706367959781568
2007-08-21_thb,BORD,True,8.779999732971191,319.79998779296875,4.6623035884332555,3.6036447565235723,0.28303529150968115
2007-08-21_thc,REJ,True,8.609999656677246,319.6000061035156,5.437383303654234,4.68060413553518,0.23062553967939164
2007-08-21_thd,REJ,True,8.520000457763672,319.70001220703125,5.216893063564404,4.449530277366981,0.25193233440849644
2007-08-21_the,NONCAND,True,8.515000343322754,319.70001220703125,4.9340784275294345,4.588373273600358,0.2880429708865943
2007-08-22_thb,BORD,True,6.630000114440918,320.5,4.399707194659884,2.8129712938282023,0.2272633092823713
2007-08-22_thc,BORD,True,6.670000076293945,320.5,4.738164215566424,3.5682158512393904,0.23254355253555845
2007-08-22_the,A,True,6.5950000286102295,320.29998779296875,4.483904034624379,1.801364662390075,0.24197907168629873
2007-08-25_tha,NONCAND,False,14.335000038146973,349.5500030517578,1.150343246246159,4.459016381576702,0.7739246395239345
2007-08-25_thb,NONCAND,False,17.140000343322754,348.5,3.849611238623164,3.7742122931287656,0.22359907678415306
2007-08-25_thc,NONCAND,False,16.559999465942383,347.8999938964844,4.461092793320225,3.414855182592356,0.24913931919396048
2007-08-25_thd,NONCAND,False,16.34000015258789,347.79998779296875,4.309648826070117,3.152386751467806,0.24902395077175782
2007-08-25_the,NONCAND,False,16.190000534057617,347.8999938964844,4.382976271947615,3.1334155853351167,0.26100251254672485
2007-08-26_thb,NONCAND,True,11.960000038146973,462.8999938964844,2.996622031359778,0.7608695627905626,0.3550935842741052
2007-08-26_thc,NONCAND,True,9.819999694824219,475.65000915527344,2.987608254663293,0.7759674375566669,0.35308160325808263
2007-08-26_thd,NONCAND,True,9.819999694824219,475.65000915527344,2.6854949045432193,0.7922607170854158,0.34176998549252174
2007-08-26_the,BORD,True,9.819999694824219,475.65000915527344,2.823022514483808,1.667006161785123,0.3428646147164658
2007-08-27_thb,NONCAND,True,11.980000019073486,473.79998779296875,3.3544685233941363,1.0492487462426685,0.3404780677284139
2007-08-27_thc,NONCAND,True,6.444999933242798,496.3999938964844,6.411909550093964,2.470131910767897,0.31575442325065695
2007-08-27_thd,A,True,6.199999809265137,502.6000061035156,5.784025062561806,2.4322581393413585,0.3004946749984228
2007-08-27_the,A,True,5.940000057220459,511.5,4.889508242017814,2.3265993041870234,0.29170811747292735
2007-08-30_tha,NONCAND,True,4.679999828338623,404.29998779296875,2.7043231505162018,0.26068377024558437,0.21329934657809851
2007-09-04_thc,NONCAND,False,2.0999999046325684,534.0999755859375,3.1961760382959294,6.404762195621771,0.2911447080654403
2007-09-04_thd,NONCAND,False,2.0999999046325684,534.0999755859375,2.714318898260884,5.514285964706328,0.3072612297950311
2008-06-14_thc,NONCAND,True,27.1299991607666,350.3999938964844,2.486199562385453,5.880206595461326,0.5022533713258608
2008-06-28_thb,NONCAND,True,1.7699999809265137,591.2999877929688,4.23901449342517,4.468926601829384,0.3483407427791837
2008-07-10_thc,NONCAND,True,8.970000267028809,332.20001220703125,3.4561381592300093,4.802675442312965,0.2596704064937582
2008-07-12_thc,NONCAND,False,4.440000057220459,559.5999755859375,4.963504452359512,4.957207143321246,0.007665440550926292
2008-07-14_thc,NONCAND,False,1.409999966621399,671.5999755859375,2.261794935160713,5.6737589995618,0.5870940630312517
2008-07-16_thc,NONCAND,True,2.200000047683716,566.2999877929688,4.182345776507079,0.3636363557547579,0.277866717775393
2008-07-18_thc,NONCAND,False,2.309999942779541,428.79998779296875,5.054676709559305,1.7705628144209595,0.23787135296071046
2008-07-20_thc,NONCAND,True,5.659999847412109,306.6000061035156,4.35114659962864,5.1961132142869175,0.24459635576726974
2008-07-24_thc,NONCAND,False,1.190000057220459,566.3999938964844,4.35326499201999,5.403361084720335,0.39249151189439324
2008-08-18_thd,NONCAND,False,4.440000057220459,614.9499816894531,4.346035136669153,3.993243191780359,0.3024405105713301
2008-08-18_the,NONCAND,False,5.170000076293945,611.6000061035156,3.0941046879824863,2.7098645634920193,0.40282414335597255
2008-08-26_thc,NONCAND,True,6.890000104904175,292.3999938964844,1.5097015771094637,5.211901226886764,0.7534676955669042
2008-08-28_thb,A,True,8.809999942779541,307.4499969482422,4.506398900319329,3.20431330117506,0.25951244930094197
2008-08-28_thc,A,True,8.809999942779541,307.4499969482422,4.924753851082509,2.3450624442889385,0.2624586438174756
2008-08-30_thc,NONCAND,True,6.349999904632568,339.8999938964844,4.485560957624195,4.110236282201996,0.27265482418813053
2008-09-03_thc,NONCAND,True,7.800000190734863,306.20001220703125,4.374517431637753,4.874358855165363,0.21877077402820652
2008-09-05_thb,NONCAND,False,2.190000057220459,556.6499938964844,3.7283589421008663,0.4840182521937231,0.22642520490472007
2008-09-05_thc,NONCAND,False,2.190000057220459,556.6499938964844,4.1465246519361,0.7671232676277874,0.2336838546631918
2008-09-06_thc,NONCAND,True,3.9100000858306885,569.6499938964844,3.4871612817504483,3.7672633444125814,0.29015338397970974
2008-09-07_thc,A,True,3.5999999046325684,600.0999755859375,3.885189397737434,3.3500000887446957,0.2694459810875426
2008-09-08_thc,NONCAND,False,2.9200000762939453,542.5,3.3422367973265765,0.5753424507208406,0.3135277532762097
2008-09-09_thb,NONCAND,True,2.75,541.2999877929688,3.6758318814364346,0.7236363636363636,0.24196487879396422
2008-09-09_thc,NONCAND,True,2.75,541.2999877929688,3.1653431979092685,0.8654545454545454,0.3482410503098608
2008-09-10_thc,NONCAND,True,2.059999942779541,436.0500030517578,5.25665621868586,1.2961165408564967,0.1834578315904907
2008-09-12_thb,REJ,True,2.809999942779541,329.0,3.657911246179151,2.5444840375788416,0.22265601810350968
2008-09-14_thc,NONCAND,False,28.8100004196167,360.70001220703125,2.766759899005196,1.6251301394678326,0.24715205943304483
2008-09-14_the,NONCAND,False,24.989999771118164,364.29998779296875,2.8594300836127,0.7887154934182733,0.3140840470716276
2008-09-15_thc,NONCAND,False,23.280000686645508,371.20001220703125,3.119771413121624,2.246993060872522,0.2687009464066293
2008-09-16_thc,NONCAND,False,2.059999942779541,499.79998779296875,4.379487853730429,0.5631068117578787,0.15686102704902827
2008-09-17_thb,NONCAND,False,2.0899999141693115,496.29998779296875,4.053944886520167,1.7655503117408606,0.22639083573647226
2008-09-18_thc,NONCAND,False,5.570000171661377,357.84999084472656,4.737421023313056,3.3554756596040267,0.16400739389299626
2008-09-20_thb,REJ,True,6.909999847412109,329.6000061035156,2.833348790862392,1.5513748533604945,0.38562843386402995
2008-09-20_thc,NONCAND,True,6.944999933242798,330.1000061035156,5.4668720899930765,5.729301710939115,0.14794260125322684
2008-09-21_thb,REJ,True,6.865000009536743,329.4499969482422,2.8519212942937178,1.5615440619239558,0.3858040228643311
2008-09-24_thb,REJ,True,7.340000152587891,292.0,4.823883642380974,2.8569481694910497,0.17743686127336059
2008-09-25_thb,REJ,True,7.360000133514404,292.0,4.863518647409961,2.850543426550461,0.16962549131210536
2008-09-28_thb,REJ,True,6.460000038146973,351.3999938964844,3.9379854825968463,2.4458204189937085,0.22334974717045858
2008-09-29_thb,REJ,True,6.409999847412109,351.0,3.892585918470217,2.775351080106859,0.20336176119638644
2008-09-30_thc,NONCAND,True,6.9599997997283936,475.0,4.501847144569186,5.227011644658337,0.21948108873869243
2009-06-23_thb,A,True,18.175000190734863,267.79998779296875,4.033499443195879,2.8280604930173463,0.29044488089825155
2009-07-17_thb,REJ,True,2.9100000858306885,342.8999938964844,4.856995639234193,2.5085909913009994,0.20617169746889213
2009-07-21_thb,NONCAND,True,9.855000019073486,336.70001220703125,2.8303079535808826,2.6260781278449046,0.1666524819300958
2009-07-23_thc,NONCAND,True,5.6549999713897705,507.25,3.1876204135042476,0.6100795786833806,0.22769145486153894
2009-07-25_thb,NONCAND,True,2.390000104904175,473.79998779296875,3.826512084978363,1.0669455598631616,0.20540726668769876
2009-07-30_thc,NONCAND,True,3.2100000381469727,359.8000030517578,4.402392326160178,4.376946988483715,0.26188309994977493
2009-08-05_thc,A,True,9.34000015258789,374.70001220703125,4.027725170262515,2.58351173509501,0.21665113775098407
2009-08-07_thc,NONCAND,True,4.389999866485596,475.1999969482422,4.523148815450654,5.052391953204351,0.2221920448341244
2009-08-30_tha,NONCAND,True,13.865000247955322,369.0500030517578,3.8509358578200588,4.0627478537771395,0.29593206599454125
2009-09-03_tha,NONCAND,False,12.899999618530273,371.5,3.3527103203089017,0.5240310232482148,0.3328095201207362
2009-09-13_tha,NONCAND,False,8.430000305175781,349.79998779296875,3.2389208615513825,3.717674835759867,0.25731028194648764
2009-09-13_thd,NONCAND,False,21.515000343322754,303.5500030517578,2.2947872645850667,2.7966534529326164,0.48359885033533395
2009-09-13_the,NONCAND,False,22.414999961853027,304.79998779296875,5.035209791969658,3.8616997612006316,0.24309156795678197
2009-09-14_tha,NONCAND,True,8.039999961853027,350.6000061035156,3.254740645065785,3.945273650559732,0.2597805419716357
2009-09-15_tha,NONCAND,False,5.010000228881836,426.0,3.659317854495575,3.502993851941784,0.25249982663723225
2009-09-16_tha,NONCAND,True,3.819999933242798,454.20001220703125,2.186167840066817,3.49476445897924,0.14789347417018325
2009-09-17_tha,NONCAND,True,4.880000114440918,437.4499969482422,3.3073442105619035,3.4549179517655775,0.18512565069605647
2009-09-25_thc,NONCAND,True,5.2850000858306885,298.84999084472656,5.984012286428723,5.79564796642489,0.23118858286155838
2009-10-01_thc,NONCAND,False,2.4550000429153442,339.9499969482422,5.235698709427143,0.5621181164466426,0.18513091251150243
2009-10-02_thc,NONCAND,False,2.4000000953674316,338.5,5.211775294471769,0.504166646632884,0.19610575418176468
2009-10-05_thc,NONCAND,False,3.299999952316284,362.34999084472656,3.871989306131844,0.3242424289276012,0.31209537730899467
2009-10-12_thb,NONCAND,True,3.1600000858306885,415.0500030517578,4.484198092334534,1.1518987028897916,0.26526133483907793
2009-10-13_thc,A,True,5.174999952316284,358.8000030517578,4.272850370848009,3.12657007711816,0.1930976243111803
2009-10-20_thc,NONCAND,True,4.434999942779541,281.29998779296875,5.098318017380956,5.224351814868052,0.22508159763922167
2009-10-22_tha,NONCAND,False,14.25,337.70001220703125,3.0069170500102795,3.143157894736842,0.21453056881618732
2009-10-23_tha,NONCAND,False,8.074999809265137,380.84999084472656,1.8909635488542857,3.7783282626203003,0.8839209780208928
2009-11-11_thc,NONCAND,False,6.340000152587891,279.3999938964844,4.937483340784227,4.0205046350977405,0.383861061349836
2009-11-13_tha,NONCAND,True,17.200000762939453,303.8999938964844,4.439609241946498,4.387209107722388,0.35133346203805005
2009-12-01_thb,NONCAND,False,7.800000190734863,262.0,3.087077921180776,6.897435728771607,0.31001785511278923
2009-12-02_thb,NONCAND,False,9.125,267.79998779296875,3.0475164962141483,6.072328767123287,0.272626112928719
2010-10-11_tha,NONCAND,False,16.905000686645508,351.5500030517578,3.4915407032469155,1.93552195628409,0.2023767251101504
2010-10-11_thd,NONCAND,False,15.684999942779541,352.6000061035156,3.8373656043508952,2.242269692591884,0.20085265730984697
2010-10-11_the,NONCAND,False,16.260000228881836,351.6000061035156,3.884036020032087,2.750307464360675,0.20085613262265684
2010-10-23_tha,NONCAND,True,4.320000171661377,638.4000244140625,3.442273510913224,4.511573894800234,0.23601668514101856
2010-10-23_thd,NONCAND,True,4.369999885559082,640.3500061035156,3.487169042814304,4.544622544643198,0.24693720947001402
2010-10-23_the,NONCAND,True,4.315000057220459,637.5999755859375,3.637912520771148,4.797218939861166,0.23873018965890574
2011-11-22_tha,A,True,13.40999984741211,352.25,4.527520438215132,3.325876249626282,0.28906200184223074
2011-11-22_thd,NONCAND,True,13.369999885559082,352.20001220703125,4.705593032428279,4.073298464184893,0.22408205736299366
2011-11-22_the,NONCAND,False,12.789999961853027,352.1000061035156,5.024368802188783,4.45582487646413,0.24145311729557925
2012-12-30_tha,NONCAND,True,13.585000038146973,353.3999938964844,3.628179478908424,0.7081339693034105,0.33907618349959256
2013-01-19_tha,NONCAND,False,9.760000228881836,426.5,3.1905478370256617,3.7049179459028254,0.23485106348572135
2013-01-26_tha,NONCAND,False,6.619999885559082,495.29998779296875,4.10350074831742,4.747734221047592,0.2961916489166044
2013-01-26_thd,A,True,10.720000267028809,441.29998779296875,5.759772648318815,4.222947656002922,0.16028367725139583
2013-01-26_the,NONCAND,False,9.349999904632568,487.9499969482422,5.853661173587546,4.699465288574966,0.1815461933222135
2014-02-16_tha,NONCAND,True,27.639999389648438,409.5,2.3624020448102727,4.333936419870654,0.16784129532847794
2014-02-19_the,NONCAND,True,10.25,505.5,2.515135788336033,8.23219512195122,0.19588237275709383
2014-02-27_the,NONCAND,False,14.704999923706055,453.5500030517578,4.563715237581967,8.592995624317819,0.2453307029206476
2014-02-28_tha,NONCAND,True,7.829999923706055,461.6000061035156,3.8276537541030526,0.8084291266511172,0.16835498421925213
2014-03-25_thd,NONCAND,False,10.119999885559082,481.4499969482422,1.8620291456821405,3.5563241508882415,0.10633140866688448
2014-03-26_the,NONCAND,True,7.429999828338623,469.79998779296875,5.290187891172537,1.5047106673352226,0.24351993509850267
2015-03-16_tha,NONCAND,True,23.479999542236328,411.9499969482422,3.028044849013207,3.157155087105234,0.48832573912711724
2015-03-17_tha,NONCAND,False,15.770000457763672,571.0,1.858620114944058,6.06911840341015,0.2722527392065045
2015-03-17_the,NONCAND,False,7.985000133514404,558.0499877929688,4.7557622201537715,4.586098858821508,0.26446898537923336
2015-04-14_the,NONCAND,False,39.864999771118164,328.0,0.9375209711464297,8.989589917410106,0.884844942790706
2015-04-15_tha,NONCAND,False,8.5,588.0,0.9199739904964671,4.890588235294118,0.9549659158096833
2015-04-15_thd,NONCAND,False,8.345000267028809,595.8999938964844,3.442396644620734,4.657878820396904,0.22654843934517338
2015-04-15_the,NONCAND,False,8.420000076293945,595.5,4.75031741950683,7.162707773578238,0.2677300210563602
2015-04-16_tha,NONCAND,False,5.909999847412109,601.5999755859375,3.6225335980599906,2.795262339513229,0.2410274461392117
2015-04-16_thd,NONCAND,False,6.210000038146973,629.5999755859375,2.9159736147036,4.409017686281694,0.25732112898369286
2015-04-16_the,NONCAND,False,6.129999876022339,605.6499938964844,4.6916036947957425,5.670473197881241,0.2634458238534342
2015-04-20_thd,NONCAND,True,22.6299991607666,416.29998779296875,3.2993990460896527,4.087052736632398,0.237345999118267
2015-04-20_the,NONCAND,True,22.809999465942383,411.70001220703125,3.8913652460667936,7.162648129121735,0.25838827534993664
2015-04-21_tha,NONCAND,True,4.829999923706055,564.8999938964844,2.703456644938161,3.1594203397607954,0.2090409960367125
2015-05-01_tha,NONCAND,True,6.489999771118164,434.29998779296875,3.504447590377911,3.526964685247789,0.2095349234797882
2015-05-01_thd,NONCAND,True,6.320000171661377,427.6000061035156,3.7885335907247932,3.558544207141677,0.28488219437084866
2015-05-01_the,NONCAND,True,6.429999828338623,432.20001220703125,4.942660218957993,4.777605104219327,0.24551881646593463
2015-05-07_thd,NONCAND,True,7.569999933242798,401.1999969482422,1.071859517850859,1.877146647993799,0.16142745440305256
2015-05-29_tha,REJ,True,9.449999809265137,362.0,5.037098335328649,2.664550318330438,0.15227453748165573
2015-05-29_thd,A,True,9.65999984741211,363.0,4.6451213930674395,2.330227780079145,0.13816254460778776
2015-05-29_the,NONCAND,True,9.609999656677246,361.29998779296875,6.131874406744592,1.7960458498047251,0.1554430801114749
2015-06-08_tha,NONCAND,False,17.739999771118164,467.9499969482422,1.3510511759707615,0.8399098191792617,0.19656478499715546
2015-06-08_thd,NONCAND,False,18.18000030517578,468.6000061035156,1.511027160728007,2.4257425335380707,0.19018234838817238
2015-06-08_the,NONCAND,False,17.69499969482422,467.8999938964844,1.9810120988100386,2.523311713481414,0.19195315568002316
2015-06-23_tha,NONCAND,False,3.4450000524520874,708.5,7.729816734319524,2.3686501816427734,0.23250049491456973
2015-07-11_tha,NONCAND,False,19.829999923706055,511.70001220703125,2.664579035266328,3.719112470183851,0.31806561857644355
2015-07-11_thd,NONCAND,False,20.190000534057617,512.2000122070312,2.8312819338001725,3.4774639991497702,0.36561764728663465
2015-07-11_the,NONCAND,False,20.230000495910645,513.0999755859375,3.9693532546763395,4.603558957837178,0.3781418356701794
2016-05-27_tha,NONCAND,False,19.899999618530273,357.1000061035156,2.2923754647485066,3.751758865888564,0.2338765963508976
2016-06-10_tha,NONCAND,False,11.0,376.5500030517578,2.9513813365589487,1.3127272727272727,0.367053602214901
2016-06-11_tha,BORD,True,10.390000343322754,405.20001220703125,2.9333422061450953,1.6275264139781664,0.4395053802669369
2016-06-12_tha,A,True,7.159999847412109,466.79998779296875,3.207912193765314,2.5600559204795434,0.3024350909793881
2016-06-15_tha,NONCAND,True,5.909999847412109,622.5999755859375,1.1996397015112268,3.558375726390025,0.6595833139718752
2016-06-19_tha,A,True,2.4700000286102295,597.9000244140625,2.9810689858841726,1.4898785252527262,0.23912703499001733
2016-06-22_tha,NONCAND,False,10.949999809265137,347.3999938964844,3.459609975938666,5.180822008051449,0.28836353481406546
2016-06-23_tha,NONCAND,True,7.740000009536743,350.34999084472656,3.4190434159923973,3.7015503830360803,0.2920216108185971
2016-06-24_tha,NONCAND,False,3.9800000190734863,520.7999877929688,3.10253855881361,3.3165828986786936,0.19287522939456944
2016-06-24_thd,NONCAND,False,6.659999847412109,509.5,0.821944526224326,0.6621621773330225,0.7919139918214089
2016-06-25_tha,NONCAND,False,4.829999923706055,449.0,3.7111346118229553,2.3995859592285465,0.3028466919217184
2016-06-26_tha,NONCAND,False,4.650000095367432,484.6000061035156,3.236555012599268,3.4322579941235207,0.23267374914614072
2016-06-27_tha,NONCAND,False,4.460000038146973,486.75,3.237900898699047,3.7466367392549667,0.26879199419379174
2016-06-28_tha,NONCAND,True,3.559999942779541,468.79998779296875,2.919564936984495,3.556179832439956,0.2912406216055866
2016-06-29_tha,NONCAND,True,4.75,382.70001220703125,5.539846119127776,1.0821052631578947,0.22647400415970445
2016-07-01_thd,NONCAND,False,10.635000228881836,393.1000061035156,0.7025269050933112,0.7682181310925081,0.8543352777064631
2016-07-03_the,A,True,7.480000019073486,446.3999938964844,5.056225156895681,4.090909080477554,0.29239019157915824
2016-07-16_tha,NONCAND,True,2.759999990463257,531.6000061035156,3.5764694337446428,0.15942029040592404,0.24733276886913144
2016-07-17_tha,NONCAND,True,4.315000057220459,438.8999938964844,4.4555318690215096,0.8458864314247949,0.2634859501977315
2016-07-18_tha,NONCAND,True,4.440000057220459,437.3999938964844,4.423416785204731,0.7590089992272876,0.2756206113102165
2016-07-24_the,NONCAND,False,12.860000133514404,432.29998779296875,4.149743625871938,4.948678020161758,0.34006515499583995
2016-07-25_tha,NONCAND,False,8.699999809265137,400.29998779296875,3.7602013283258486,0.1482758653196985,0.2619585759886194
2016-07-26_tha,NONCAND,False,9.109999656677246,367.79998779296875,3.6879855979470144,0.14270033468630866,0.29293396279643247
2016-07-27_the,A,True,14.220000267028809,326.79998779296875,5.632168627857846,4.720112428944726,0.22252444347907127
2016-07-28_thd,NONCAND,False,13.010000228881836,367.1000061035156,0.48201491954170267,1.5011529328526796,0.5622247255891177
2016-07-29_tha,NONCAND,True,4.110000133514404,584.7999877929688,3.021759436241595,0.31386860294258406,0.2870871555539645
2016-08-02_tha,NONCAND,False,18.505000114440918,411.29998779296875,3.050374978760712,2.957038619918605,0.3285354648696143
2016-08-02_thd,NONCAND,True,32.09000015258789,349.1000061035156,0.8065050692440658,0.9987535010159647,0.7365407735729492
2016-08-02_the,NONCAND,True,11.555000305175781,429.0,2.508999284929982,6.133275476267665,0.22095263643420382
2016-08-03_tha,A,True,19.34000015258789,410.1000061035156,3.234848166568538,2.773526348334719,0.3267085657653799
2017-07-26_tha,NONCAND,False,3.180000066757202,617.4000244140625,2.673767591523305,2.5157232176280995,0.320679368022206
2017-08-01_tha,NONCAND,True,4.960000038146973,419.20001220703125,2.1892449379794447,1.9999999846181562,0.3466964759041451
2017-08-02_tha,NONCAND,True,4.860000133514404,416.5,2.0054762685707708,2.3333332692317694,0.3407169813726272
2017-08-03_thd,NONCAND,True,22.200000762939453,411.0,4.889277041004729,4.939639469880818,0.29239882865961453
2017-08-05_tha,NONCAND,False,2.3399999141693115,665.5,2.294420057483333,3.025641136620881,0.3447871276259333
2017-08-06_tha,NONCAND,False,2.5799999237060547,613.4000244140625,2.360072501428663,0.70542637744952,0.2406755469133864
2017-08-09_tha,NONCAND,False,4.670000076293945,397.0,3.7632404504936847,0.8222697938470649,0.21498820883801362
2017-08-12_the,NONCAND,True,5.289999961853027,529.5499877929688,4.345973934944989,5.998109684085015,0.3504063785456839
2017-08-16_the,NONCAND,False,9.119999885559082,396.79998779296875,5.051120603935182,3.967105312938506,0.31795558446316824
2017-08-17_thd,NONCAND,True,10.859999656677246,409.1000061035156,3.5583579765067683,3.2127072838854063,0.2937388090714861
2017-08-18_thd,NONCAND,True,5.380000114440918,567.5,2.6375057411015366,3.866170921478039,0.2029825218973706
2017-08-21_the,NONCAND,False,2.430000066757202,568.2999877929688,5.178279106517079,3.0082303700324924,0.21104080409175058
2017-08-22_thd,NONCAND,False,6.440000057220459,501.79998779296875,3.300845075386547,6.548136587781463,0.1770774607671528
2017-08-25_the,NONCAND,False,6.449999809265137,339.5,7.465959222659302,4.181395472486495,0.2246054310861849
2017-08-30_tha,REJ,True,6.325000047683716,360.0500030517578,5.173396195925112,3.8181817893968226,0.2152832356277825
2017-09-01_tha,NONCAND,False,3.7899999618530273,564.7999877929688,2.904433402959108,2.68073881326176,0.23544549775478585
2017-09-02_tha,NONCAND,False,3.680000066757202,598.9000244140625,0.8843693883766669,2.119565178941239,0.8660031238095394
2017-09-03_tha,NONCAND,True,2.8249999284744263,515.7999877929688,3.7756078545125065,3.812389477056051,0.18588872301504686
2017-09-04_tha,NONCAND,False,4.710000038146973,478.0,3.2289037017749074,3.961783407403388,0.21293073518505656
2017-09-07_tha,NONCAND,False,2.8950001001358032,500.95001220703125,3.968210033666432,4.9395507790584166,0.17744923433442197
2017-09-08_tha,NONCAND,False,2.5799999237060547,669.2999877929688,4.3206929590001355,5.434108687825423,0.14272425906300956
2017-09-11_tha,REJ,True,3.6700000762939453,612.5,4.070084406671667,2.3896457268895093,0.10906617456552933
2017-09-14_tha,NONCAND,True,3.9800000190734863,615.2000122070312,8.123158171557144,3.0201004880392346,0.2205548038050141
2017-09-15_tha,NONCAND,False,3.465000033378601,676.2999877929688,2.679290305305481,3.4805194469913796,0.1944117995046974
2017-09-15_thd,NONCAND,False,3.640000104904175,650.5999755859375,3.1262905142092556,3.0796702409147625,0.1899604622386
2017-09-16_tha,NONCAND,False,3.5199999809265137,676.25,2.955003776089732,3.4176136548823313,0.15406020300225276
2017-09-17_the,NONCAND,False,2.2799999713897705,667.5999755859375,3.703843129775103,0.9298245730712695,0.3097320359065193
2017-09-18_tha,NONCAND,False,3.680000066757202,634.2000122070312,2.3041613305933337,3.3369564612049247,0.22693527732836558
2017-09-18_the,NONCAND,False,3.490000009536743,645.4000244140625,3.553677415291211,6.510028635505882,0.302927190754432
2017-09-19_the,NONCAND,True,3.0049999952316284,509.4499969482422,5.070807898216451,0.5690515816018135,0.1524550341948731
2017-09-20_the,NONCAND,False,4.849999904632568,454.15000915527344,3.9041124698621705,0.4907216591337864,0.2058702742566947
2017-09-22_the,NONCAND,False,6.929999828338623,359.29998779296875,5.972217250867889,4.242424347512324,0.22649077270034795
2017-09-23_the,NONCAND,False,7.679999828338623,343.29998779296875,5.982033545370653,0.3815104251940892,0.1788737390941657
2017-09-27_tha,NONCAND,False,8.09000015258789,504.20001220703125,1.9080135754180725,4.6526575142225965,0.6980661588635404
2017-09-27_thd,NONCAND,False,5.840000152587891,625.9000244140625,2.5288239889582806,4.335616325074906,0.3010581758924112
2017-09-27_the,NONCAND,False,9.875,504.0500030517578,2.640053278283228,5.056202531645569,0.698114010050609
2017-09-28_the,NONCAND,False,3.0299999713897705,672.3999938964844,5.306794748590754,0.6699670030257127,0.25303734777009046
2017-10-12_the,NONCAND,False,9.260000228881836,504.79998779296875,4.32162057893179,0.4913606789996183,0.18960271589524538
2017-11-07_thd,NONCAND,False,26.760000228881836,409.0,4.747653857851351,3.3452914512079053,0.38053864196926573
2018-08-17_thd,NONCAND,False,7.449999809265137,450.8999938964844,2.7751861873136736,0.5114094090662555,0.3404913377521668
2018-08-26_tha,NONCAND,False,20.6200008392334,387.3999938964844,1.4069539967323474,1.8709989539182923,0.1641468493436003
2018-08-26_thd,NONCAND,False,11.130000114440918,453.29998779296875,2.8271655968463114,2.01257859565846,0.24482972598001285
2018-08-31_thd,A,True,6.619999885559082,383.3999938964844,4.6453394641243415,2.87160125810101,0.2566177038889058
2018-09-04_thd,NONCAND,True,18.489999771118164,347.8999938964844,3.3304599660514635,6.42130889506333,0.25080676627087384
2018-09-07_the,NONCAND,True,19.959999084472656,392.5,5.658989365097506,6.728958224476215,0.27763712694690484
2018-09-10_thd,REJ,True,7.820000171661377,493.29998779296875,4.2930706964730945,2.1483375487485192,0.30223396348555914
2018-09-11_tha,NONCAND,False,7.615000009536743,557.5,1.0635741027015815,2.632961257372308,0.718868293249019
2018-09-11_thd,REJ,True,7.769999980926514,494.79998779296875,4.097179290342342,2.788931795777948,0.3430292434637921
2018-09-13_tha,NONCAND,False,4.570000171661377,502.29998779296875,3.3054104320906177,3.345732915900849,0.19752861379958378
2018-09-13_the,NONCAND,False,6.630000114440918,479.65000915527344,5.112919208539513,5.067873215690488,0.14655525009700376
2018-09-14_tha,NONCAND,True,2.859999895095825,604.9500122070312,3.1255259693278656,3.541958171876294,0.2325795558109715
2018-09-17_tha,NONCAND,False,9.539999961853027,410.1000061035156,2.5178965383321597,4.743186601775494,0.20181434663994474
2018-09-17_thd,NONCAND,True,3.40500009059906,546.1000061035156,4.590352534244136,0.5638766369789446,0.2381002821800202
2018-09-18_tha,NONCAND,False,2.9100000858306885,532.5999755859375,2.614330430935424,3.9106528056171745,0.1904902257223659
2018-09-21_thd,A,True,3.990000009536743,331.6000061035156,4.892565780074218,3.1152882131053374,0.23126951466099951
2018-09-22_thd,NONCAND,False,9.664999961853027,379.15000915527344,3.9229683752122826,6.246249377990223,0.21650538927216403
2018-09-23_thd,NONCAND,True,6.875,446.8000030517578,4.150570678710937,1.136,0.26948095357868634
2018-09-23_the,NONCAND,False,5.199999809265137,452.70001220703125,4.5764020617705885,7.278846420832649,0.19305298396111548
2018-09-24_the,NONCAND,True,9.71999979019165,438.65000915527344,3.4753329238355155,0.2674897177079811,0.17917661815776031
2018-09-25_the,NONCAND,True,10.445000171661377,414.5,2.180174868897175,11.459071137665875,0.5160729899481209
2018-09-26_tha,NONCAND,False,4.690000057220459,421.20001220703125,3.5682474445239625,3.2963752263070143,0.2584978628276926
2018-09-26_thd,NONCAND,True,5.989999771118164,425.70001220703125,0.9126533003660263,5.193656291942168,0.9784852155708035
2018-09-26_the,BORD,True,3.490000009536743,430.6000061035156,6.397717029391956,5.1719197566408965,0.17187097024989756
2018-09-27_the,NONCAND,True,3.6350001096725464,421.65000915527344,5.934948853641201,7.425034163872791,0.2649101327368057
2018-09-28_the,NONCAND,False,6.789999961853027,417.20001220703125,1.3792285238231077,4.446244502151806,0.8946829046706084
2018-09-30_thd,NONCAND,False,4.150000095367432,399.6000061035156,1.1894911756977133,0.6120481787061536,0.8831737333773328
2018-09-30_the,NONCAND,False,3.359999895095825,404.0,2.4600001376583505,4.842262055944495,0.8280280840278852
2018-10-01_thd,NONCAND,False,6.460000038146973,462.0,2.5999221116770332,4.004643939200458,0.27557453139003735
2018-10-15_tha,NONCAND,False,2.4800000190734863,591.0499877929688,1.583198085268097,1.1975806359507912,0.6393091714450261
2018-10-16_tha,BORD,True,2.4700000286102295,592.2999877929688,1.6311398212980377,0.8744939169961654,0.633197896013115
2018-10-21_tha,NONCAND,True,13.270000457763672,371.6000061035156,2.670758866008691,3.8470232282571604,0.35170292764254424
2018-10-23_tha,NONCAND,True,10.3100004196167,326.70001220703125,2.6752990684609554,0.6304558424296993,0.40399886747749203
2018-10-24_tha,NONCAND,True,10.25,327.5,4.705419959091559,0.6302439024390244,0.23331075187857825
2018-10-25_tha,NONCAND,False,11.149999618530273,335.29998779296875,3.118277686363791,4.05381179788399,0.22404174073072902
2018-10-25_thd,NONCAND,False,7.409999847412109,333.3999938964844,3.2863975408844435,6.075573674366933,0.25783025553391986
2018-10-26_tha,NONCAND,True,8.164999961853027,361.20001220703125,1.2212860809218065,3.3986528021614593,0.884044951073024
2018-10-29_the,NONCAND,True,8.639999866485596,314.3500061035156,4.2406413945544426,5.208333413818002,0.26921874419027747
2018-10-30_the,NONCAND,True,9.630000114440918,307.3999938964844,5.363059054424499,7.333333246185526,0.291753512872134
2018-10-31_the,NONCAND,False,13.664999961853027,330.0,2.575726312150132,6.270032948348539,0.4875894719904119
2018-11-01_tha,A,True,18.200000762939453,330.70001220703125,3.0116348261724273,2.6582416468089325,0.23918072533091778
2018-11-01_thd,NONCAND,False,14.600000381469727,329.8999938964844,4.342368548083147,6.290410794547857,0.25368465766889914
2018-11-02_thd,NONCAND,False,10.5600004196167,336.3999938964844,0.890066236110425,4.298295283746546,0.8316560004826204
2018-11-02_the,NONCAND,False,8.904999732971191,334.29998779296875,2.8741517197891655,5.346434747630781,0.5107807935885149
2018-11-03_thd,NONCAND,True,9.269999980926514,343.1000061035156,4.013746490012988,5.056094940284504,0.30506365863505575
2018-11-04_the,NONCAND,False,11.289999961853027,353.6000061035156,1.1517383692067769,4.625332167975413,0.8990250514272102
2018-11-05_the,NONCAND,False,3.1049998998641968,541.2000122070312,4.6282637671280815,0.9178744257365838,0.3931556043455857
2018-11-06_thd,NONCAND,False,3.319999933242798,480.8999938964844,3.7033308727865224,3.912650681083618,0.27306623482188336
2018-11-07_thd,NONCAND,True,6.920000076293945,416.34999084472656,4.747190037245668,1.3294797541284311,0.25152035411092893
2018-11-07_the,NONCAND,False,6.03000020980835,421.6000061035156,5.275379142858747,3.960198867183617,0.24904294169181024
2018-11-09_thd,NONCAND,False,6.28000020980835,408.0,2.574381165236598,2.72770691523954,0.19144018958596623
2018-11-09_the,NONCAND,False,8.305000305175781,386.5,4.753148675351591,5.0258878345840765,0.2993598730721418
2018-11-10_thd,NONCAND,False,3.3299999237060547,571.2000122070312,3.6514125549365106,3.2942943697701845,0.26056342543137867
2018-11-11_the,A,True,3.8399999141693115,594.5,5.574335530820042,2.3125000516884042,0.2813181448022892
2018-11-12_thd,NONCAND,False,3.25,620.0,3.257478567270132,4.095384615384615,0.25048909341135334
2018-11-19_thd,NONCAND,True,17.22499942779541,333.5,4.356556277222974,5.360812950216649,0.2635374512450806
2018-12-07_thd,NONCAND,False,17.68000030517578,439.1000061035156,4.492537390721224,4.059954681052045,0.3463235284408048
2019-10-04_thd,NONCAND,False,7.449999809265137,406.6000061035156,2.298576106604662,6.971812259029216,0.5641931542003062
2019-10-16_tha,NONCAND,True,21.3799991607666,360.8999938964844,2.8182165540203887,4.5846587393638325,0.3098978933738295
2019-10-18_thd,NONCAND,False,4.670000076293945,367.70001220703125,3.704229045202528,4.558886435157294,0.407388946976768
2019-10-22_thd,A,True,7.650000095367432,340.79998779296875,6.393207146224388,4.267973803003176,0.25645551346453865
2019-10-24_thd,NONCAND,False,9.710000038146973,514.7999877929688,2.0505427742572366,4.4232749568759475,0.47087407432085643
2019-10-24_the,NONCAND,False,6.789999961853027,562.5999755859375,5.020782656217542,4.603829186395014,0.2777562972206112
2019-10-25_tha,NONCAND,False,5.730000019073486,573.75,2.9898841452144733,3.9685863742242966,0.26794385723039216
2019-10-25_the,NONCAND,False,6.019999980926514,564.0,5.466702627475722,5.151162807018378,0.31676407401443374
2019-10-26_tha,NONCAND,False,5.694999933242798,586.9000244140625,3.041168462885888,3.03950837627903,0.32752770968939565
2019-10-27_thd,A,True,2.2799999713897705,568.0999755859375,4.239543332211302,2.5877193307172126,0.27147479251161666
2019-10-29_the,A,True,8.605000019073486,395.8999938964844,6.802044974748688,5.457292259838514,0.24338776803957743
2019-10-30_tha,NONCAND,False,25.219999313354492,354.79998779296875,0.5161125208668257,0.7093576719697565,0.23052175512894021
2019-10-30_thd,A,True,6.300000190734863,378.5,3.707306310644413,2.803174518307443,0.1995924492335855
2019-10-30_the,NONCAND,True,28.100000381469727,377.6000061035156,0.8242116252829714,7.243416271774234,0.1347096065794475
2019-10-31_the,NONCAND,True,28.05500030517578,380.79998779296875,0.8211180985661742,6.988059093474019,0.11799933907963533
2019-11-01_the,NONCAND,True,6.380000114440918,409.1000061035156,6.025860119298975,5.9310343763710005,0.20831051601710326
2019-11-02_thd,A,True,3.3499999046325684,366.3999938964844,6.954955113964796,2.9014926199128057,0.2769404253387522
2019-11-03_tha,A,True,7.454999923706055,329.70001220703125,3.917748627566062,3.121395068832132,0.2184019971102252
2019-11-03_thd,A,True,9.319999694824219,320.79998779296875,4.6576857557071065,3.3326181348749295,0.2639711865725695
2019-11-03_the,A,True,8.850000381469727,318.0,5.551733003961897,4.7468924507575405,0.2297656940964033
2019-11-04_thd,NONCAND,False,6.559999942779541,372.34999084472656,3.749642317611784,3.1173780759722263,0.25786869564786213
2019-11-04_the,NONCAND,False,6.559999942779541,372.34999084472656,4.497539745576844,6.55487810595627,0.2369665719202458
2019-11-05_tha,NONCAND,False,4.909999847412109,412.70001220703125,4.475356355666535,4.88594719868358,0.3034898738877944
2019-11-05_thd,NONCAND,False,6.679999828338623,373.3999938964844,3.6263392575117024,3.1586827159017705,0.2567691569114347
2019-11-05_the,NONCAND,False,6.579999923706055,373.1000061035156,4.560289174926772,6.512158130218578,0.21868768526995624
2019-11-06_tha,NONCAND,False,5.400000095367432,382.1000061035156,3.284673279573771,3.4833332718154537,0.42134310007632986
2019-11-06_thd,NONCAND,False,4.139999866485596,392.6000061035156,3.095837706740301,3.731884178323742,0.32799854827743197
2019-11-06_the,NONCAND,True,5.065000057220459,390.75,4.982604246345464,4.602171715036845,0.23416791782879479
2019-11-07_thd,NONCAND,False,3.5,364.8999938964844,4.483351298740932,1.1114285714285714,0.4036296223071206
2019-11-08_the,NONCAND,False,6.909999847412109,315.70001220703125,6.449377972469037,4.21852397159127,0.3390858289209963
2019-11-09_the,NONCAND,False,5.71999979019165,339.1000061035156,5.522566444384404,4.456293869749591,0.20154205112499707
2019-11-10_the,NONCAND,False,5.679999828338623,338.1000061035156,5.6374766482007,4.556338165871001,0.20669841421424098
2019-11-23_tha,NONCAND,False,3.509999990463257,473.0,3.2966717105894596,5.327635342110623,0.26046246454025174
2019-11-24_tha,NONCAND,False,3.0399999618530273,509.70001220703125,3.9286290837417037,0.3453947411762381,0.2517220248056353
2019-11-27_tha,NONCAND,False,5.050000190734863,386.1000061035156,3.909085003349191,1.7485147854450043,0.29489361134548847
2019-11-28_tha,NONCAND,True,9.960000038146973,331.0,3.98449379187705,5.844377487656094,0.31401444633921827
2019-11-28_thd,NONCAND,True,7.015000104904175,373.8999938964844,4.593011266713644,7.113328475236229,0.24682471083186316
2019-11-29_tha,NONCAND,False,8.279999732971191,361.4499969482422,2.807629947631991,2.2596619086225638,0.33050440292794825
2019-11-30_tha,NONCAND,False,8.699999809265137,357.20001220703125,2.726263127957555,2.097701195414339,0.30070407433575996
2019-12-01_tha,NONCAND,True,12.109999656677246,371.5,1.011283361375244,3.8241124122960204,0.6371478854727456
2019-12-02_the,A,True,7.2850000858306885,334.5,6.3396733256413205,5.035003372387398,0.24981995085073336
2019-12-03_thd,NONCAND,False,8.0600004196167,307.5,4.768707841178448,3.96401964474332,0.2563860389275279
2019-12-03_the,NONCAND,False,8.130000114440918,305.5,6.30356051309789,1.4415743954520177,0.2773443493632365
2019-12-04_tha,NONCAND,False,13.6899995803833,308.1000061035156,4.102688226162234,4.634039586889729,0.2712517015703824
2019-12-04_the,BORD,True,11.279999732971191,303.70001220703125,5.701936356272442,2.85992914571662,0.2573249469785991
2019-12-05_the,BORD,True,10.760000228881836,304.29998779296875,5.988683892246149,4.146840060489185,0.23685482597959626
2019-12-06_thd,NONCAND,True,4.735000133514404,361.65000915527344,4.55241487550623,7.5755013703403264,0.2581598656095847
2019-12-08_the,NONCAND,True,6.829999923706055,360.29998779296875,3.79224868028508,6.310395385277447,0.15263016132898424
2019-12-09_thd,A,True,4.93999981880188,342.65000915527344,5.748470996016817,4.609311909959241,0.23724336990826156
2019-12-09_the,NONCAND,True,8.850000381469727,346.3999938964844,6.71066470773709,9.162711469457962,0.26862316737050623
2019-12-10_thd,NONCAND,True,4.159999847412109,427.3999938964844,4.198441751129508,4.625000169643995,0.20081525276287976
2019-12-11_thd,NONCAND,False,3.559999942779541,401.8999938964844,3.5532124158218323,3.216292186527448,0.17022403881586937
2019-12-11_the,NONCAND,False,6.110000133514404,437.8999938964844,1.6828762161200768,3.4418984517932865,0.9066542607843122
2019-12-14_thd,NONCAND,True,7.349999904632568,387.3999938964844,4.31670239917862,6.78231301317167,0.2648843108844796
2019-12-18_thd,NONCAND,True,6.849999904632568,520.5999755859375,2.861361021353186,5.303649708875248,0.15629924813969384
2019-12-18_the,NONCAND,False,6.130000114440918,517.4499816894531,5.290430850756818,5.626427301159298,0.2216879344125353
2019-12-19_thd,NONCAND,True,6.855000019073486,517.5499877929688,3.367305331665458,5.1626549819883545,0.13004990601493785
2019-12-22_thd,NONCAND,True,3.0749999284744263,364.25,5.546599726481547,5.876422900915291,0.23619112055352393
2019-12-26_the,NONCAND,True,7.179999828338623,376.9499969482422,5.001533649130592,5.8746519510377215,0.2651403357257458
2019-12-29_thd,NONCAND,False,9.020000457763672,301.79998779296875,3.9884888766901287,6.68957837447384,0.3065048073782568
2020-11-22_tha,NONCAND,False,8.039999961853027,452.09999084472656,3.434558191985316,5.021144302430529,0.3443378534248321
2020-11-22_thd,NONCAND,False,8.039999961853027,452.09999084472656,4.301392400093422,5.498756244995137,0.360550460573445
2020-12-06_tha,NONCAND,False,8.014999866485596,373.75,2.1066517267603455,4.979413682448341,0.16669253856442046
2020-12-06_thd,NONCAND,False,9.329999923706055,372.8999938964844,2.6356160664583235,5.229367674058852,0.19156280610158433
2020-12-09_tha,NONCAND,False,10.960000038146973,356.6000061035156,2.118212107782948,0.27281021802856903,0.474553209741423
2020-12-09_thd,NONCAND,False,9.505000114440918,357.20001220703125,1.2438011922684655,1.2572330201074275,0.8922439902500955
2020-12-09_the,NONCAND,False,10.130000114440918,356.70001220703125,6.156305994826811,7.285291131911609,0.26470092517795074
2020-12-10_tha,NONCAND,True,11.520000457763672,503.70001220703125,2.334876431297868,2.915798495247689,0.19971256707414528
2020-12-10_thd,NONCAND,True,11.800000190734863,523.0,2.8331267981912838,3.7415253632509042,0.1968850305385845
2020-12-10_the,NONCAND,True,11.694999694824219,514.0499877929688,3.242036758091105,3.2424113714840037,0.18889809901100604
2020-12-12_tha,A,True,5.164999961853027,401.15000915527344,4.710779843405383,2.609874172228228,0.23609696693013674
2020-12-13_tha,NONCAND,True,5.889999866485596,347.8999938964844,4.098066866495713,1.2325976510304824,0.20365501293992705
2020-12-15_thd,NONCAND,False,11.59000015258789,280.5,5.107557840058534,6.882657372716983,0.23745752018403243
2020-12-16_tha,NONCAND,False,11.180000305175781,288.20001220703125,2.473058701296929,5.196779822367501,0.2844667545838311
2020-12-16_thd,NONCAND,False,11.199999809265137,284.6000061035156,4.154054508107977,7.103571549544531,0.23135937364119843
2020-12-16_the,NONCAND,False,10.835000038146973,287.29998779296875,4.5411571418499665,9.012459589866355,0.2780802360592659
2020-12-17_thd,A,True,11.809999942779541,276.0,4.7678124822725385,2.511431002853957,0.2117559045985125
2020-12-17_the,BORD,True,12.175000190734863,276.79998779296875,5.375968958547714,3.71170425396703,0.26806041488472887
2020-12-18_thd,NONCAND,False,13.550000190734863,284.70001220703125,4.861063871192737,6.010332018717354,0.23856764622335608
2020-12-18_the,NONCAND,False,13.265000343322754,285.6000061035156,5.6762826128389365,5.024500435354292,0.25079430116296975
2020-12-20_thd,NONCAND,True,4.570000171661377,369.70001220703125,5.299882668848084,1.6783369172635392,0.20896698372918684
2020-12-21_the,NONCAND,False,7.009999990463257,384.34999084472656,3.8729941166389263,6.000000008162691,0.3706465355719561
2021-01-04_tha,NONCAND,True,10.789999961853027,292.8999938964844,3.225037000177212,5.1139944573756635,0.1888875847633825
2021-01-07_tha,NONCAND,False,3.1600000858306885,476.84999084472656,2.878823986809719,0.7531645365048637,0.1787094785705127
2021-01-07_thd,NONCAND,False,2.9700000286102295,481.29998779296875,3.841400912236035,0.4983164935161787,0.1766395494760779
2021-01-09_the,NONCAND,True,5.869999885559082,325.20001220703125,5.185796393616328,5.505962628638402,0.12355990491503782
2021-01-11_tha,NONCAND,False,15.5,405.20001220703125,2.789739301127772,1.4916129032258065,0.2874745228691282
2021-01-12_thd,A,True,4.659999847412109,426.3999938964844,4.454943184748414,3.373390668398834,0.18890085902260012
2021-01-12_the,A,True,4.659999847412109,427.5,5.605670392136157,4.306867093814542,0.18363270899008588
2021-01-13_tha,NONCAND,True,6.860000133514404,377.5,3.2744551596872697,4.457725860762301,0.14323955813780526
2021-01-13_thd,NONCAND,True,6.699999809265137,383.29998779296875,4.125516211823313,4.791044912510343,0.10014667924471818
2021-01-13_the,REJ,True,6.840000152587891,377.8999938964844,4.723737287828383,3.50584787500732,0.14146875699293882
2021-01-14_tha,NONCAND,True,7.309999942779541,374.0,2.8679157799898123,4.109439156654445,0.1602941298867292
2021-01-14_thd,NONCAND,True,6.860000133514404,377.3999938964844,3.9365375631244457,4.679300200473181,0.10024107290070555
2021-01-14_the,REJ,True,6.865000009536743,377.3000030517578,4.676299842289496,3.493080840012729,0.14049520816195168
2021-01-15_thd,REJ,True,9.930000305175781,300.29998779296875,5.667307315536536,4.121852844119873,0.17749085895350006
2021-01-15_the,BORD,True,9.75,300.1000061035156,6.538876655774239,2.89025641025641,0.23071001315174375
2021-01-16_tha,NONCAND,True,11.529999732971191,305.5,4.287294022265029,5.548135427711361,0.08658898286460465
2021-01-16_thd,NONCAND,True,11.960000038146973,302.79998779296875,5.311526087019272,6.102006669500579,0.2494474357876065
2021-01-16_the,NONCAND,True,11.699999809265137,303.0,6.285879123490148,5.1470086309157255,0.19719032564572375
2021-01-17_thd,NONCAND,False,12.020000457763672,284.29998779296875,5.12924016120745,4.504159562242877,0.16216139226714807
2021-01-17_the,NONCAND,False,11.989999771118164,283.8999938964844,6.257800045909994,5.200166904939429,0.16483112406056863
2021-01-18_tha,NONCAND,False,16.219999313354492,280.29998779296875,4.705514413241563,4.335388592902287,0.15354302782728552
2021-01-18_thd,NONCAND,False,15.739999771118164,280.6000061035156,4.50293221532488,4.87928850805467,0.15828096258921306
2021-01-18_the,NONCAND,False,16.09000015258789,280.1000061035156,5.404554686849869,7.000621437650089,0.18623136463907272
2021-01-19_tha,NONCAND,True,12.734999656677246,323.4499969482422,4.28750042591463,4.423243150263056,0.21589526163292208
2021-01-19_thd,NONCAND,False,12.724999904632568,324.0500030517578,4.944021265775769,4.803929309087497,0.20222293314277232
2021-01-19_the,NONCAND,False,12.699999809265137,323.65000915527344,5.595210902825467,3.990551241034429,0.2127833477843546
2021-01-20_the,NONCAND,True,8.850000381469727,349.0,5.814406796281597,1.2350281953530093,0.18356353847208542
2021-01-21_the,NONCAND,False,8.434999942779541,299.6000061035156,6.973513123084419,4.497925341715868,0.19717334503513342
2021-01-23_the,NONCAND,True,10.75,336.20001220703125,5.225752364757449,4.761860465116279,0.20838788357789453
2021-02-06_tha,NONCAND,True,11.829999923706055,484.0,2.9462756478334664,4.300084558585834,0.18568780599546827
2021-02-06_thd,NONCAND,True,11.829999923706055,484.0,3.3881340019641017,6.145393108102814,0.14126619228646775
2021-02-06_the,NONCAND,True,11.829999923706055,484.0,4.9853504982887875,5.128486930792266,0.19148377347583614
2021-02-07_tha,NONCAND,False,11.890000343322754,493.3500061035156,3.9416992999998635,3.851135296704594,0.1913901522155044
2021-02-07_thd,NONCAND,False,11.914999961853027,491.20001220703125,3.54112537411607,5.939571987123515,0.15274421796906268
2021-02-07_the,NONCAND,False,11.390000343322754,497.5,5.807339540951938,5.282703967192935,0.19490972931061556
2021-12-19_tha,NONCAND,True,24.434999465942383,404.34999084472656,1.336683533191887,2.7464702871607685,0.2807928955287841
2021-12-19_thd,NONCAND,True,25.200000762939453,402.6000061035156,1.7324347198596919,1.267460279087482,0.31849716166061404
2021-12-19_the,NONCAND,False,23.760000228881836,405.3500061035156,1.4155056203767769,3.8114477747318536,0.25957505468281633
2021-12-29_tha,NONCAND,True,27.535000801086426,420.75,0.4894419926531579,3.59506072707629,0.26611436015427714
2021-12-29_thd,NONCAND,True,27.1850004196167,409.5,0.6194291572595768,3.27938196151983,0.2468105218349359
2021-12-30_tha,NONCAND,True,27.535000801086426,421.59999084472656,0.5289986773245902,3.585255025527542,0.26149721369655865
2021-12-30_thd,NONCAND,True,27.535000801086426,421.59999084472656,0.6997677828217475,3.243144993715655,0.26883706779777633
2021-12-30_the,NONCAND,True,27.020000457763672,422.20001220703125,0.36012608689575276,4.342338934575684,0.20995722696273486
2022-01-14_tha,NONCAND,False,12.675000190734863,424.1000061035156,2.663790420083937,3.6788954081504057,0.21326194731504683
2022-01-14_thd,NONCAND,False,13.769999980926514,417.1000061035156,3.167682782296688,4.6862745162951045,0.2290795639564214
2022-01-14_the,NONCAND,False,13.779999732971191,420.3999938964844,3.7338073468496256,2.71117566937315,0.24235456257762328
2022-01-15_tha,NONCAND,False,12.230000019073486,425.4499969482422,2.7470667399298563,3.785772684202135,0.21500560158417398
2022-01-15_thd,NONCAND,False,12.675000190734863,424.1000061035156,3.232957238297664,4.396844115295348,0.2487319212495383
2022-01-15_the,NONCAND,False,12.675000190734863,424.1000061035156,3.9953793257406063,2.8126232318370565,0.23077380013066215
2022-01-17_tha,NONCAND,True,3.640000104904175,535.7000122070312,3.6298884404130747,1.3736263340386987,0.21190021880140264
2022-01-19_tha,NONCAND,False,3.1500000953674316,623.4500122070312,0.46803544913290573,6.123809338408899,0.6439075226110065
2022-01-19_thd,NONCAND,True,3.049999952316284,625.0500183105469,3.371381656011701,4.793442697891527,0.3061733487246797
2022-01-19_the,NONCAND,True,3.0399999618530273,623.8500061035156,1.0878512870368366,6.855263243916954,0.601859099435744
2022-01-21_tha,NONCAND,False,4.119999885559082,442.6000061035156,3.322758118789398,2.3373787057018847,0.15568818758064215
2022-01-21_thd,NONCAND,False,4.300000190734863,454.6000061035156,3.8810515345617103,1.1999999467716684,0.16172933298416461
2022-01-22_tha,NONCAND,False,3.859999895095825,430.79998779296875,3.3744145850902036,3.354922370970301,0.18305448733796745
2022-01-24_tha,NONCAND,True,8.539999961853027,314.1000061035156,3.7279093459971753,1.2096018789394203,0.22900000087442915
2022-01-25_the,NONCAND,False,29.25,344.20001220703125,5.904625004173344,10.315897435897437,0.2399051055853195
2022-01-26_tha,NONCAND,True,5.510000228881836,444.0,3.4691270886072445,4.963702153157666,0.21984076285147452
2022-01-26_thd,NONCAND,True,6.295000076293945,440.1000061035156,4.384414219761101,4.608419324607706,0.23433441412664982
2022-01-26_the,NONCAND,True,6.130000114440918,440.1000061035156,5.22461798965769,6.610114069091758,0.2160587987252376
2022-01-27_thd,BORD,True,7.889999866485596,440.79998779296875,2.7599185303455487,1.8529784850949707,0.3044928481001353
2022-01-27_the,NONCAND,True,8.025000095367432,440.6999969482422,1.5341142965285364,3.228660397768343,0.9472652853197949
2022-01-28_thd,NONCAND,True,5.724999904632568,415.29998779296875,4.757324697791431,1.344978188343601,0.24479426536993287
2022-01-28_the,NONCAND,True,5.789999961853027,414.8999938964844,6.00960559225399,1.6804836034724289,0.2598839184570889
2022-02-01_thd,NONCAND,False,4.079999923706055,408.6000061035156,4.591989135592389,0.6299019725631634,0.18247812290756482
2022-02-01_the,NONCAND,False,4.079999923706055,408.20001220703125,5.805632288421038,1.6691176782704835,0.22561739406206596
2022-02-13_tha,NONCAND,False,3.759999990463257,523.7999877929688,3.1973658805131047,2.843085113594088,0.23728678915102985
2022-02-16_tha,NONCAND,False,5.320000171661377,367.70001220703125,3.8268658113056833,0.8214285449233919,0.178588859183749
2022-02-19_tha,NONCAND,False,9.209999561309814,398.1000061035156,3.405636898893277,5.349620233097275,0.19195315831631587
2022-02-20_tha,NONCAND,True,3.334999918937683,497.79998779296875,3.2296303042818084,2.998500822508373,0.14726738009221482
2022-02-20_thd,NONCAND,True,3.3149999380111694,504.0,3.4501566891965636,1.0045249056619379,0.2697814608377124
2022-02-20_the,NONCAND,True,3.319999933242798,504.0,4.558944506566529,4.95180732848458,0.18698100438193668
2022-02-21_tha,BORD,True,3.3399999141693115,491.29998779296875,3.255439887643457,2.865269534708999,0.13793824529077048
2022-02-21_thd,NONCAND,True,3.3299999237060547,497.79998779296875,4.073611630588374,0.891891912326112,0.17988507323789796
2022-02-21_the,NONCAND,True,3.3299999237060547,497.79998779296875,4.759619509714018,4.61861872443623,0.1553359018042645
2022-02-22_tha,NONCAND,False,3.8299999237060547,546.7000122070312,3.03471648482114,3.5039165188844947,0.22842953766567942
2022-02-22_thd,NONCAND,False,3.8299999237060547,545.7999877929688,3.4907403949058353,4.621410013729922,0.27177388431075505
2022-02-23_thd,NONCAND,False,3.299999952316284,481.9499969482422,5.325001302271197,4.05454551313206,0.1585981353534858
2022-02-23_the,NONCAND,False,3.0,484.0,7.099204381306966,2.5100000000000002,0.1578860007041742
2022-02-25_the,REJ,True,4.110000133514404,419.8999938964844,5.785894089945871,3.0973235003558877,0.17080226854844108
2022-02-26_thd,NONCAND,True,6.489999771118164,368.29998779296875,4.375315968916976,4.505393071063581,0.1718353278721533
2022-02-26_the,NONCAND,True,6.489999771118164,368.5,5.234260332231342,5.493066449501253,0.1725383121899381
2022-02-27_tha,REJ,True,4.9649999141693115,479.5,3.8106350438630168,1.5750252034613288,0.13252615506010085
2022-02-27_thd,REJ,True,4.960000038146973,464.79998779296875,4.526436294075471,2.1552419189080734,0.1719781622035583
2022-02-27_the,NONCAND,True,4.96999979019165,464.9499969482422,5.548270937541526,1.3138833552643256,0.14956168270756653
2022-03-04_thd,NONCAND,False,6.255000114440918,444.3999938964844,4.233452607418717,3.0247801205182077,0.21678180631789415
2022-03-04_the,NONCAND,False,6.210000038146973,443.70001220703125,4.121508857115785,5.466988694275513,0.32160402367069024
2022-03-05_thd,NONCAND,False,5.240000009536743,486.0500030517578,1.4404637186755411,2.414122133010904,0.9389968654576649
2022-03-11_the,NONCAND,False,9.729999542236328,379.29998779296875,4.684841301921345,8.850976778176324,0.15680094870809988
2022-03-13_the,NONCAND,True,20.3799991607666,454.8999938964844,2.936931334229731,6.250736273102387,0.25139255320098136
2023-02-15_tha,NONCAND,False,24.510000228881836,347.20001220703125,3.435442241460685,5.031823698421336,0.33398574322869284
2023-02-15_thd,NONCAND,False,24.88499927520752,347.34999084472656,4.169119630005779,3.6053848749510085,0.317016232127591
2023-02-15_the,NONCAND,False,24.84000015258789,347.34999084472656,5.327913309930176,4.863526540172494,0.32934286080403785
2023-02-20_tha,NONCAND,True,9.600000381469727,415.0,3.5131516650060153,0.4187499833603706,0.22289908535509223
2023-02-23_tha,NONCAND,False,5.509999990463257,543.2999877929688,2.6061153283891407,3.039927409980219,0.19000203562866944
2023-02-23_thd,NONCAND,False,5.744999885559082,542.3999938964844,3.49858542456934,3.3350740438066033,0.18094383713425535
2023-02-24_tha,NONCAND,True,6.510000228881836,534.3999938964844,3.482990464722109,4.434715665894645,0.16574155973950186
2023-02-24_thd,NONCAND,True,6.559999942779541,541.5,4.565463164074798,6.175304931913686,0.17494667313876025
2023-02-24_the,NONCAND,True,6.699999809265137,547.5999755859375,5.805971965675125,7.256716624493858,0.17819139287226152
2023-02-27_tha,NONCAND,False,6.269999980926514,784.5,0.6386536369708657,4.015948975533995,0.9445180315512468
2023-02-27_thd,NONCAND,False,6.449999809265137,790.5,0.6402239138647247,5.903876143577521,0.9454357284748577
2023-02-27_the,NONCAND,False,6.870000123977661,802.5499877929688,0.8074513196641636,7.171761151508272,0.9398459758738682
2023-03-02_tha,A,True,3.180000066757202,541.0,3.312909158699575,1.7955974465820561,0.21107587267863331
2023-03-02_thd,A,True,3.7200000286102295,543.2999877929688,2.709667379807395,1.3844085915031594,0.17956782378825328
2023-03-02_the,A,True,4.440000057220459,543.7999877929688,3.3481947579058042,2.249999971003146,0.2112951883801092
2023-03-03_tha,NONCAND,False,3.5299999713897705,567.7000122070312,3.2947731014941146,0.4249291819142554,0.23409683183788066
2023-03-03_the,NONCAND,False,3.5199999809265137,557.7000122070312,5.060109252605163,0.6590909126622617,0.17477830296003538
2023-03-04_tha,NONCAND,True,1.7000000476837158,697.7000122070312,3.8514520462414223,0.364705872123217,0.21082972468919703
2023-03-05_tha,NONCAND,False,3.3399999141693115,571.5,3.5613634830528285,0.7664670855647897,0.31026548851193403
2023-03-05_thd,NONCAND,False,2.7699999809265137,581.3500061035156,4.658384733911953,1.1913357482754245,0.3638184521448841
2023-03-06_tha,NONCAND,False,1.7999999523162842,635.4000244140625,3.0028158559485503,3.2833334203119655,0.2669624823998016
2023-03-09_tha,NONCAND,False,3.890000104904175,405.8999938964844,4.374064153473406,2.1079690948239693,0.2586144680990556
2023-03-10_tha,NONCAND,True,4.769999980926514,399.20001220703125,4.095412016796264,0.1865828099703951,0.17422967962812588
2023-03-10_thd,NONCAND,True,4.75,398.1000061035156,5.1510262740285775,0.2715789473684211,0.15363250780513305
2023-03-11_tha,REJ,True,5.625,346.8999938964844,4.054240587022569,2.023111111111111,0.10838298487959104
2023-03-11_thd,NONCAND,False,5.53000020980835,346.29998779296875,5.093366005443876,0.8318263698871395,0.10707745446200848
2023-03-13_thd,NONCAND,True,8.539999961853027,333.70001220703125,4.864009727031385,1.1217798644956096,0.25259977839318964
2023-03-13_the,NONCAND,True,7.795000076293945,334.1000061035156,6.2433551718020714,1.5432969701418582,0.2383037342060575
2023-04-01_tha,NONCAND,True,3.880000114440918,495.79998779296875,4.027819023098336,0.9922680119700871,0.12274704343258379
2023-04-02_tha,NONCAND,False,2.5999999046325684,558.9000244140625,3.7032847662443293,0.7346154115609173,0.22287579045929581
2023-04-03_tha,NONCAND,False,3.0449999570846558,487.8999938964844,3.048902000214459,3.448275910667963,0.17845965603017405
2023-04-03_thd,NONCAND,False,2.7200000286102295,483.5,3.9493044970739817,4.702205832892945,0.17980446564004735
2023-04-04_tha,A,True,4.630000114440918,495.1000061035156,3.22921561628266,2.8552915060988813,0.26284290129150806
2023-04-04_thd,A,True,4.75,498.1000061035156,3.4385516518040706,2.9557894736842103,0.2817732495571398
2023-04-05_tha,NONCAND,False,3.890000104904175,412.29998779296875,3.4589327685979816,3.2776348730494647,0.249887603823054
2023-04-05_the,NONCAND,False,3.869999885559082,448.70001220703125,5.4585931603067435,5.56589163745885,0.21552198999904917
2023-04-06_tha,NONCAND,False,5.610000133514404,386.6000061035156,4.473316201761781,0.5365418767137131,0.21291830138184
2023-04-06_thd,NONCAND,False,5.809999942779541,384.6000061035156,4.80417922741382,2.963855450876621,0.23548964961361463
2023-04-06_the,NONCAND,False,6.079999923706055,381.5,1.7413740313852966,1.5608552827440474,0.7100534501581954
2023-04-07_thd,NONCAND,False,4.690000057220459,357.8500061035156,3.2585300218806235,2.592750501416125,0.16718580731806137
2023-04-10_tha,REJ,True,10.429999828338623,405.8000030517578,3.9308660172141416,2.1160115400994686,0.2322159999269022
2023-04-10_thd,NONCAND,False,14.729999542236328,362.0,3.4983836093874188,0.9477257592555617,0.21253156925433248
2023-04-11_tha,NONCAND,True,6.429999828338623,419.6000061035156,3.643836004499029,3.3359254389812683,0.18596132515235334
2023-04-11_thd,A,True,6.349999904632568,427.45001220703125,4.180051310682692,2.100787433125465,0.18449360455245575
2023-04-11_the,NONCAND,True,6.329999923706055,431.8999938964844,4.899397904568085,4.543443972612523,0.20882538129838413
2023-04-12_thd,A,True,7.340000152587891,348.20001220703125,4.287214735749066,3.570844612415852,0.21920233521691582
2023-04-12_the,NONCAND,True,8.070000171661377,348.6000061035156,5.328574652223524,5.532837552692129,0.23372665057329886
2023-04-13_thd,NONCAND,False,6.0950000286102295,381.5500030517578,4.193588374843135,4.13125510776109,0.23037276035631063
2023-04-13_the,NONCAND,False,6.159999847412109,374.3000030517578,4.614100322824957,5.504870266229958,0.29219241646750677
2023-04-14_thd,NONCAND,True,7.650000095367432,348.3999938964844,3.8900280137152077,4.755555496271227,0.16887562168398346
2023-04-14_the,A,True,7.46999979019165,356.1000061035156,4.884295619896302,3.3493976844352877,0.17537294262378322
2023-04-15_the,NONCAND,False,7.739999771118164,350.4499969482422,5.863119885243652,0.7726098419685219,0.2302421756416605
2023-04-17_tha,A,True,11.789999961853027,334.29998779296875,5.482967287676627,4.24681935216313,0.21204935221120538
2023-04-17_thd,NONCAND,True,12.220000267028809,335.1000061035156,5.513560397824218,1.4443534872599024,0.19188244503443677
2023-04-17_the,NONCAND,True,13.425000190734863,335.5,5.662096678350627,6.15716937248515,0.20177472224001025
2023-04-19_thd,NONCAND,False,5.055000066757202,462.25,2.9515989538258918,6.716122562146479,0.24134746611343968
2023-04-19_the,NONCAND,False,4.414999961853027,480.29998779296875,4.047063341903802,5.037372636955949,0.13968548086313345
2023-04-24_tha,NONCAND,False,4.03000020980835,570.4000244140625,8.827399274663277,1.1364763676322007,0.2817734307470365
2023-04-24_thd,NONCAND,False,4.075000047683716,571.0499877929688,4.307139527641021,1.2638036661931646,0.3313145575985164
2023-04-24_the,NONCAND,False,5.53000020980835,591.7000122070312,3.6499730841386464,1.8589511048782164,0.29842336766547906
2023-05-09_tha,NONCAND,True,6.519999980926514,526.0500183105469,1.7492872125511147,3.9417178029420707,0.11211702703281262
2023-05-09_the,NONCAND,True,6.46999979019165,525.9000244140625,1.5509523366974551,6.7078827522982705,0.13124589007915885
2023-05-10_tha,A,True,9.115000247955322,563.1499938964844,4.0781487691088625,2.0362040038521534,0.2631220032797388
2023-05-10_thd,REJ,True,8.859999656677246,564.7000122070312,2.472459639177416,1.4774266938187586,0.3177861894316338
2023-05-10_the,A,True,9.360000133514404,563.2000122070312,5.530104395241349,3.3974358489736516,0.27846253127482734
2023-05-12_tha,NONCAND,True,10.170000076293945,537.2999877929688,0.03523261002560198,2.292035381035553,0.06919022516213848
2023-05-12_thd,NONCAND,True,10.420000076293945,541.25,2.909978270503403,2.928023011190938,0.24799993572279158
2023-05-12_the,NONCAND,True,10.020000457763672,537.7999877929688,0.08703058191643225,2.4081835227166732,0.17033930236292766
2024-03-03_tha,NONCAND,False,35.10499954223633,334.34999084472656,2.574166441638826,4.216778291704541,0.3090161122502911
2024-03-03_thd,NONCAND,False,32.08000183105469,336.20001220703125,2.870921972322042,4.481296502322351,0.33373954600520195
2024-03-03_the,NONCAND,False,36.0099983215332,334.6000061035156,3.46554764637617,3.8903084290406422,0.32554590528624455
2024-03-23_thd,NONCAND,False,24.329999923706055,356.0,3.95601997408734,5.676942064657473,0.28339660301637115
2024-03-25_tha,NONCAND,True,5.360000133514404,725.5999755859375,1.0126392980530188,2.283582032669572,0.555600202889749
2024-03-25_thd,NONCAND,True,5.239999771118164,731.7999877929688,2.7083378984729927,7.459923989969676,0.3383943979600679
2024-03-25_the,BORD,True,5.380000114440918,725.7999877929688,2.92816368596179,2.565055707519084,0.4134423837113328
2024-04-14_tha,NONCAND,False,6.289999961853027,361.0,4.028046818889665,0.35294117861107116,0.18789089551592797
2024-04-15_tha,NONCAND,False,6.289999961853027,361.0,4.025959955078755,0.35294117861107116,0.19242595767710677
2024-04-15_the,NONCAND,False,6.289999961853027,361.0,5.439636736505243,3.5548489881727705,0.2251262928970633
2024-04-17_tha,NONCAND,True,17.540000915527344,352.6000061035156,4.144053531030625,4.952109205599123,0.18412891010790464
2024-04-17_thd,REJ,True,17.920000076293945,352.79998779296875,4.50975850433214,2.4419642753176847,0.15747425511761984
2024-04-17_the,NONCAND,True,19.8799991607666,354.9499969482422,5.038523742797672,6.45271657018789,0.16617747835386318
2024-04-18_tha,A,True,8.510000228881836,349.3999938964844,3.6920790794342326,2.2420680948097926,0.1677371656506223
2024-04-18_thd,A,True,8.565000057220459,351.6499938964844,4.24411278699097,2.984238158697084,0.1443294667898189
2024-04-18_the,A,True,8.9399995803833,366.6000061035156,4.887471012406407,2.3400448525639708,0.13732084242332876
2024-04-19_thd,NONCAND,False,10.09000015258789,410.6999969482422,2.8194400599160767,3.588701630565668,0.23923247584535903
2024-04-19_the,NONCAND,False,12.600000381469727,397.3999938964844,4.624517240236154,7.311110889764486,0.24074735276900183
2024-04-26_the,NONCAND,False,10.420000076293945,333.79998779296875,1.424434215784097,4.537427989810146,0.8641552655440805
2024-04-27_the,NONCAND,True,5.139999866485596,423.6000061035156,6.6565088598480004,1.4649805828007803,0.2519289796315341
2024-04-28_thd,NONCAND,True,5.099999904632568,423.5,4.011987499386422,4.801960874107976,0.21579330786622825
2024-04-28_the,NONCAND,True,5.5350000858306885,414.70001220703125,5.000786501313154,5.497741558830182,0.19826454736185223
2024-05-16_tha,NONCAND,False,4.050000190734863,420.5,3.4727119647032203,14.204937602623005,0.18576217633223563
2024-05-17_tha,A,True,8.460000038146973,388.29998779296875,3.552581554653711,1.4361702062901247,0.19903407107334325
2024-05-18_tha,NONCAND,False,5.070000171661377,410.0,3.3556412232198807,6.092701963336961,0.2101467225609756
2024-05-19_tha,NONCAND,False,4.3999998569488525,395.1000061035156,4.3570931724123465,2.102272795621031,0.17827135340243183
2024-05-19_thd,NONCAND,False,4.355000019073486,395.29998779296875,4.577624654594165,1.5660160666201182,0.19917031055670456
2024-05-20_the,NONCAND,True,5.400000095367432,366.84999084472656,4.1096294525,6.075925818621215,0.11431086132570076
2024-05-22_the,NONCAND,True,7.480000019073486,373.9499969482422,4.671837289902393,6.219251321039732,0.2084002745806771
2024-05-23_tha,A,True,7.585000038146973,372.25,3.691026874001455,3.2801581904906914,0.2186767701097108
2024-05-23_thd,A,True,7.599999904632568,371.8999938964844,4.3803842993834685,3.421052674507501,0.23794030469492308
2024-05-23_the,NONCAND,True,7.570000171661377,374.5,4.7570372375797305,5.055482051805679,0.2149529960031344
2024-05-24_tha,NONCAND,False,5.769999980926514,377.0500030517578,4.457986142302257,0.7244367441624843,0.29949908841837886
2024-05-24_the,NONCAND,False,6.090000152587891,376.1000061035156,5.887374980973493,3.97536935852328,0.18752651828194394
2024-05-31_tha,NONCAND,False,18.770000457763672,367.0,2.6690612003837866,3.2786360415108966,0.22889255243036338
2024-05-31_thd,NONCAND,False,18.545000076293945,367.29998779296875,2.5166870120614986,3.8322997955038405,0.25072085629352575
2024-05-31_the,NONCAND,False,19.170000076293945,361.9499969482422,4.51302922083963,4.250391219390761,0.23029665371106442
2024-06-03_thd,NONCAND,False,16.209999084472656,294.79998779296875,4.828256247890856,3.771746048928849,0.33968458456444023
2024-06-03_the,NONCAND,False,15.930000305175781,293.79998779296875,5.386500904942919,6.328311240976314,0.2776432347470791
2025-04-16_tha,NONCAND,True,15.195000171661377,530.25,1.5898289803702823,0.481737408180605,0.291430856865681
2025-04-21_tha,REJ,True,27.329999923706055,401.8999938964844,1.942065384302137,0.8686425198050554,0.3820091812427526
2025-04-21_thd,NONCAND,True,23.039999961853027,404.79998779296875,3.0989968165738664,3.7348090339614433,0.4796714701195357
2025-04-21_the,NONCAND,True,31.639999389648438,399.79998779296875,2.378804027278703,1.1453856099585302,0.43975548992011537
2025-05-17_tha,A,True,13.550000190734863,495.6000061035156,4.27516213342924,2.5261992264328956,0.30106714230409315
2025-05-17_thd,NONCAND,True,15.244999885559082,502.1499938964844,5.054279989648145,1.4470318245719678,0.3142751161980427
2025-05-17_the,A,True,13.369999885559082,494.29998779296875,5.664932196751359,3.5871354084154876,0.29494273771144214
2025-05-25_tha,NONCAND,True,9.779999732971191,441.20001220703125,3.5223470374126054,4.104294590589458,0.3180232439907971
2025-05-27_thd,NONCAND,False,20.260000228881836,427.3999938964844,0.565685259236072,4.437808439499815,0.9374483891266882
2025-05-29_tha,NONCAND,False,4.079999923706055,728.2000122070312,2.8582973173234474,0.7352941313966888,0.30483975589625834
2025-05-29_thd,NONCAND,False,4.050000190734863,730.5999755859375,3.3877620749879966,3.5629627951651304,0.26700271091005545
2025-05-29_the,NONCAND,False,4.179999828338623,722.5999755859375,4.45209503205247,0.5861244259844322,0.2924188859977103
2025-05-31_the,NONCAND,False,2.0299999713897705,717.5,4.834492756244482,3.413793151561283,0.2870036587067182
2025-06-01_tha,NONCAND,False,3.9600000381469727,693.4000244140625,2.92331507303917,3.05808077862209,0.3204558275896853
2025-06-01_thd,NONCAND,False,4.039999961853027,693.0,3.2748274593053712,3.3193069620350277,0.390827261524283
2025-06-01_the,NONCAND,False,3.930000066757202,691.7999877929688,4.8230294143608665,4.941475743033309,0.26465743687100507
2025-06-02_tha,NONCAND,False,1.6699999570846558,740.7999877929688,3.5114260679314513,0.4071856392062946,0.3303996793512081
2025-06-03_tha,NONCAND,False,3.465000033378601,576.6499938964844,2.418959513119679,3.128427098290759,0.2880215871712811
2025-06-03_thd,NONCAND,False,3.450000047683716,576.75,3.052481318867983,4.382608635078531,0.3068356755806039
2025-06-03_the,NONCAND,False,3.5899999141693115,575.3999938964844,4.120760673498632,4.782729919360725,0.223635456122442
2025-06-04_thd,NONCAND,False,4.489999771118164,603.2999877929688,2.573460962858525,3.1959912542325934,0.5113967955985892
2025-06-04_the,NONCAND,False,4.329999923706055,573.7999877929688,4.755535605970838,4.7944573593044035,0.5429732503689181
2025-06-05_tha,NONCAND,True,4.419999837875366,592.9000244140625,2.6268606156928085,4.468325955752423,0.2891000212681106
2025-06-06_thd,NONCAND,False,5.674999952316284,423.0500030517578,4.793584922703015,2.4281938530018157,0.23809471810735472
2025-06-06_the,NONCAND,False,5.800000190734863,432.0500030517578,5.044379890560943,5.298275687833468,0.2092881083618764
2025-06-07_tha,NONCAND,True,8.650000095367432,432.0,2.4042235092844053,2.877456615674492,0.2831772345083731
2025-06-07_thd,NONCAND,True,8.670000076293945,432.0,5.298928606863331,0.5086505145551379,0.3081178135342068
2025-06-07_the,NONCAND,True,8.779999732971191,431.1000061035156,3.0455286087640063,6.218679004620324,0.21247242286276966
2025-06-08_tha,NONCAND,True,8.130000114440918,432.0,3.256331112902721,0.8868388559052087,0.29717028582537613
2025-06-08_thd,NONCAND,True,8.130000114440918,431.79998779296875,5.447519467331259,0.54243541671872,0.3168786594768249
2025-06-08_the,NONCAND,True,8.650000095367432,432.0,3.2058287691565193,6.3121386587315085,0.21808475918240017
2025-06-09_the,NONCAND,False,10.865000247955322,454.1000061035156,3.4422120995330507,0.6166589827055797,0.4871458564810941
2025-06-10_tha,NONCAND,False,5.139999866485596,434.1000061035156,3.042490923163256,3.001945603269062,0.2650678430849566
2025-06-10_thd,NONCAND,False,5.289999961853027,434.0500030517578,4.1707614269203335,3.9319470982971416,0.24146593212146805
2025-06-11_thd,A,True,6.880000114440918,421.20001220703125,3.765525866128247,2.2325581023988375,0.2542400648694142
2025-06-27_tha,NONCAND,True,2.034999966621399,710.9000244140625,2.971176247744909,3.9606880256521997,0.282594073039221
2025-06-28_tha,NONCAND,False,2.2899999618530273,587.75,2.999081515834117,1.6855895477293181,0.2754407304238888
2025-06-28_thd,NONCAND,False,2.2899999618530273,588.25,3.883945121664274,3.7641922024421555,0.2514100210544053
2025-07-01_thd,NONCAND,True,2.940000057220459,510.70001220703125,4.53895800054074,0.42857142023025396,0.29164896384249706
2025-07-02_thd,NONCAND,False,7.0400002002716064,390.34999084472656,2.9789800500888974,6.7656248075337295,0.3025058227516974
2025-07-02_the,NONCAND,False,4.769999980926514,398.20001220703125,3.957151432785704,0.8637316596382336,0.2704124904258957
2025-07-03_tha,NONCAND,True,26.170000076293945,384.3999938964844,0.4996053384479721,1.3393198279640046,0.8878387687411395
2025-07-04_thd,NONCAND,False,6.099999904632568,366.0,2.8105117111598736,6.086885341064037,0.2564878098951663
2025-07-05_tha,NONCAND,False,8.119999885559082,441.6000061035156,3.016495277374182,2.125615793504609,0.2889536130054638
2025-07-05_thd,NONCAND,False,8.149999618530273,441.29998779296875,4.42017441358388,1.8613497803740604,0.27139077071789547
2025-07-06_tha,NONCAND,False,11.34000015258789,442.3999938964844,2.135789428713771,3.631393249196946,0.3220978310514016
2025-07-07_tha,NONCAND,False,10.970000267028809,444.8999938964844,2.2805633267984478,3.728349954824353,0.30569487236772164
2025-07-08_tha,NONCAND,True,4.679999828338623,528.7000122070312,2.910411974074322,1.032051319906699,0.3217191064508744
2025-07-08_thd,NONCAND,True,4.679999828338623,529.0,3.744681609806381,4.525641191640555,0.26918126414538784
2025-07-10_thd,REJ,True,8.609999656677246,386.1000061035156,4.759200548412597,2.264808452678313,0.27346318387413576
2025-07-11_tha,NONCAND,True,12.0,436.20001220703125,2.853968938191732,0.3575,0.31684101517609314
2025-07-11_thd,NONCAND,False,12.0,436.20001220703125,3.8275391260782876,5.489999999999999,0.28202079707826033
2025-07-11_the,NONCAND,False,11.739999771118164,436.0,4.24842127905762,0.5374787157597202,0.34654094101092137
2025-07-12_tha,NONCAND,True,7.619999885559082,503.1000061035156,2.2083380422567838,2.6745407225822695,0.22835513046218997
2025-07-12_thd,NONCAND,True,7.610000133514404,502.8999938964844,3.1495014796049983,3.4257555246533893,0.223747084703484
2025-07-13_the,NONCAND,False,4.115000009536743,592.8500061035156,4.366907362244034,5.108140935913723,0.2330204052616968
2025-07-14_tha,NONCAND,True,5.139999866485596,528.5,2.758176945739177,2.94552536834048,0.21959661016401077
2025-07-14_thd,A,True,5.130000114440918,533.0500183105469,4.918070826582788,2.563352769327009,0.245070971901673
2025-07-15_thd,NONCAND,False,4.400000095367432,552.2000122070312,6.568723666262113,2.5249999452721,0.2198351680539214
2025-07-22_tha,NONCAND,False,13.699999809265137,480.79998779296875,2.208505786540815,2.4328467491991743,0.3359366262613414
2025-07-22_thd,NONCAND,False,13.710000038146973,480.79998779296875,3.5789093151721096,4.132020411551855,0.27552786271456403
2025-07-23_tha,NONCAND,False,13.479999542236328,498.1000061035156,2.8117119982703684,2.471068333172501,0.26108345304584846
2025-07-23_thd,NONCAND,False,13.390000343322754,512.5,3.7820968911713764,4.189693693919554,0.24384589962842987
2025-08-08_the,NONCAND,False,16.309999465942383,462.8999938964844,3.770985308737306,4.343960902509221,0.4557810406922803
2025-08-09_tha,NONCAND,False,13.164999961853027,458.70001220703125,3.5659329423159964,2.99582226466248,0.41253420836127064
2025-08-09_thd,NONCAND,False,11.809999942779541,459.3999938964844,5.421412249546934,3.639288755989989,0.2663245877951342
2025-08-09_the,NONCAND,False,13.289999961853027,458.70001220703125,5.622475427099348,4.632054189367859,0.360900639771369
