encounter_id,probe,date,Dn_1d,Dn_radial,Dn_shift,EB_1d,EB_radial
2007-08-08_tha,tha,2007-08-08,0.657700,0.160500,-0.497200,2.404500,2.864000
2007-08-10_tha,tha,2007-08-10,1.122600,1.061700,-0.060900,1.724700,1.962500
2007-08-11_thc,thc,2007-08-11,1.081300,1.015400,-0.065900,1.108900,1.261900
2007-08-11_thd,thd,2007-08-11,1.030800,0.967300,-0.063500,1.036300,1.352300
2007-08-12_tha,tha,2007-08-12,0.031800,0.080200,0.048400,3.116800,2.834300
2007-08-12_thc,thc,2007-08-12,0.084000,0.033400,-0.050600,3.600100,3.585700
2007-08-09_tha,tha,2007-08-09,1.140800,1.078500,-0.062300,1.750800,1.990800
2007-08-12_thd,thd,2007-08-12,0.050000,0.033900,-0.016100,3.583500,3.576400
2007-08-13_thb,thb,2007-08-13,0.023100,0.011000,-0.012100,3.599600,3.483800
2007-08-13_thd,thd,2007-08-13,0.010400,0.010200,-0.000200,3.821000,4.235400
2007-08-13_the,the,2007-08-13,0.015700,0.013100,-0.002600,4.329600,3.466600
2007-08-11_thb,thb,2007-08-11,1.127000,1.083700,-0.043300,1.437700,1.638500
2007-08-11_tha,tha,2007-08-11,1.291800,1.309900,0.018100,2.314700,2.490400
2007-08-15_tha,tha,2007-08-15,0.060300,0.139900,0.079600,3.978400,3.910900
2007-08-15_thb,thb,2007-08-15,1.742700,1.679600,-0.063100,0.726000,0.863500
2007-08-12_thb,thb,2007-08-12,0.838600,0.127800,-0.710800,2.996900,3.591900
2007-08-15_thc,thc,2007-08-15,1.353200,1.353600,0.000400,1.456500,1.460300
2007-08-15_the,the,2007-08-15,1.532100,0.149400,-1.382700,0.960000,2.147200
2007-08-13_thc,thc,2007-08-13,0.016400,0.010000,-0.006400,3.564000,3.642700
2007-08-13_tha,tha,2007-08-13,0.030900,0.023400,-0.007500,4.318000,3.884600
2007-08-16_thb,thb,2007-08-16,0.122900,0.905800,0.782900,2.660600,2.170700
2007-08-16_thc,thc,2007-08-16,0.759100,0.870200,0.111100,1.973200,1.617300
2007-08-16_thd,thd,2007-08-16,0.021100,0.939000,0.917900,3.338300,2.056200
2007-08-17_thc,thc,2007-08-17,0.030600,0.990800,0.960200,2.989500,1.676700
2007-08-11_the,the,2007-08-11,1.054900,0.172400,-0.882500,0.919200,3.272400
2007-08-19_thb,thb,2007-08-19,0.029000,0.793600,0.764600,3.436600,1.756800
2007-08-15_thd,thd,2007-08-15,1.383600,0.291700,-1.091900,1.376000,2.062100
2007-08-19_thd,thd,2007-08-19,0.029500,0.948700,0.919200,2.834400,1.387300
2007-08-19_the,the,2007-08-19,0.031000,1.029300,0.998300,2.903800,1.381300
2007-08-16_tha,tha,2007-08-16,0.018600,0.614500,0.595900,2.907000,2.219200
2007-08-17_thb,thb,2007-08-17,0.069600,1.010500,0.940900,4.054800,2.037100
2007-08-17_tha,tha,2007-08-17,0.044400,1.030500,0.986100,2.776400,1.507900
2007-08-19_tha,tha,2007-08-19,0.032700,0.966900,0.934200,2.308600,1.272600
2007-08-22_tha,tha,2007-08-22,1.106300,1.100900,-0.005400,1.305200,1.349900
2007-08-16_the,the,2007-08-16,0.019800,0.933100,0.913300,3.309800,2.175900
2007-08-22_thd,thd,2007-08-22,1.020700,1.000000,-0.020700,1.436500,1.639400
2007-08-22_thc,thc,2007-08-22,1.024000,0.989700,-0.034300,1.291200,1.644700
2007-08-22_the,the,2007-08-22,1.006200,0.963500,-0.042700,1.548500,1.838300
2007-08-17_the,the,2007-08-17,0.023600,0.987200,0.963600,2.798400,1.567500
2007-08-22_thb,thb,2007-08-22,1.008900,0.987200,-0.021700,1.259700,1.492500
2007-08-25_thb,thb,2007-08-25,0.021600,1.046100,1.024500,2.911400,1.195300
2007-08-25_tha,tha,2007-08-25,0.131300,3.359300,3.228000,7.359100,2.952800
2007-08-25_thc,thc,2007-08-25,0.025400,1.065600,1.040200,2.827700,1.194700
2007-08-26_thd,thd,2007-08-26,0.678700,0.645700,-0.033000,1.735100,1.667700
2007-08-26_the,the,2007-08-26,0.728800,0.644900,-0.083900,1.590100,1.585500
2007-08-27_thb,thb,2007-08-27,0.742500,0.624600,-0.117900,1.449100,1.420500
2007-08-25_the,the,2007-08-25,0.022300,0.984100,0.961800,2.735100,1.265900
2007-08-17_thd,thd,2007-08-17,0.031500,0.978300,0.946800,3.401000,1.727300
2007-08-26_thb,thb,2007-08-26,0.896800,0.710300,-0.186500,1.310400,1.360000
2007-08-26_thc,thc,2007-08-26,0.676000,0.633800,-0.042200,1.627000,1.611400
2007-08-25_thd,thd,2007-08-25,0.023900,1.042000,1.018100,2.776600,1.196700
2007-08-26_tha,tha,2007-08-26,0.726000,0.648700,-0.077300,1.037600,1.098100
2008-06-28_thb,thb,2008-06-28,0.168000,1.104700,0.936700,4.244600,1.467600
2008-07-02_thb,thb,2008-07-02,0.098300,1.813200,1.714900,10.710900,1.509800
2008-07-12_thc,thc,2008-07-12,0.997600,0.999000,0.001400,3.704800,1.522400
2008-07-14_thc,thc,2008-07-14,1.116700,2.410200,1.293500,7.885900,2.702800
2008-07-16_thc,thc,2008-07-16,0.126700,0.803000,0.676300,5.436700,2.633300
2008-07-20_thc,thc,2008-07-20,0.019100,1.289600,1.270500,4.312900,1.233100
2008-07-18_thc,thc,2008-07-18,0.044800,0.868800,0.824000,3.779300,1.696900
2008-07-24_thc,thc,2008-07-24,3.633000,3.303200,-0.329800,3.281500,3.266200
2008-08-18_the,the,2008-08-18,1.380900,1.205600,-0.175300,1.710200,1.768500
2008-08-18_thd,thd,2008-08-18,0.752400,0.733600,-0.018800,1.340200,1.578700
2008-08-26_thc,thc,2008-08-26,5.653500,4.823500,-0.830000,4.453100,6.142100
2008-08-28_thb,thb,2008-08-28,0.086400,5.233800,5.147400,12.470600,6.507100
2008-08-30_thc,thc,2008-08-30,0.030400,1.088100,1.057700,3.040600,1.275600
2008-08-28_thc,thc,2008-08-28,0.022100,1.114100,1.092000,3.558200,1.848200
2008-09-01_thb,thb,2008-09-01,0.041200,1.339300,1.298100,3.355600,0.705700
2008-09-05_thb,thb,2008-09-05,0.805100,1.653700,0.848600,11.884100,8.563600
2008-09-03_thc,thc,2008-09-03,0.020800,0.528100,0.507300,5.441800,3.011900
2008-09-05_thc,thc,2008-09-05,0.194800,0.289300,0.094500,3.440300,3.098300
2008-09-07_thc,thc,2008-09-07,0.761300,3.833900,3.072600,12.211700,4.590800
2008-09-08_thc,thc,2008-09-08,3.326500,3.870300,0.543800,6.561700,5.821000
2008-09-09_thb,thb,2008-09-09,0.489300,3.756600,3.267300,17.301500,7.517500
2008-09-06_thc,thc,2008-09-06,4.221700,4.211300,-0.010400,6.033300,6.090800
2008-09-10_thc,thc,2008-09-10,0.037900,0.122500,0.084600,4.170900,3.187000
2008-09-09_thc,thc,2008-09-09,0.258800,1.401700,1.142900,5.794900,1.950600
2008-09-12_thb,thb,2008-09-12,0.053500,1.178800,1.125300,7.036200,4.344300
2008-09-04_thc,thc,2008-09-04,0.515000,0.499600,-0.015400,10.670700,10.730700
2008-09-13_thb,thb,2008-09-13,0.060000,0.512900,0.452900,5.814000,3.432100
2008-09-14_the,the,2008-09-14,3.587400,3.426900,-0.160500,2.090900,2.535900
2008-09-14_thd,thd,2008-09-14,4.590900,5.479800,0.888900,2.598200,2.722100
2008-09-16_thb,thb,2008-09-16,0.550800,5.512400,4.961600,17.150700,6.178300
2008-09-14_thc,thc,2008-09-14,0.420100,4.376900,3.956800,9.702800,2.908100
2008-09-18_thc,thc,2008-09-18,0.117800,0.878100,0.760300,6.002100,2.667900
2008-09-16_thc,thc,2008-09-16,0.500200,1.126000,0.625800,5.377300,1.714100
2008-09-15_thc,thc,2008-09-15,0.282900,3.848100,3.565200,11.191000,2.551500
2008-09-20_thb,thb,2008-09-20,0.136600,2.370700,2.234100,15.069200,4.255100
2008-09-20_thc,thc,2008-09-20,0.068400,0.924100,0.855700,4.372200,1.645100
2008-09-21_thb,thb,2008-09-21,0.074900,1.045400,0.970500,6.530800,1.770300
2008-09-17_thb,thb,2008-09-17,0.359700,1.189300,0.829600,6.004900,1.647100
2008-09-24_thb,thb,2008-09-24,0.018100,0.823500,0.805400,5.348100,1.843100
2008-09-25_thb,thb,2008-09-25,0.018000,0.814500,0.796500,5.357800,1.842900
2008-09-29_thb,thb,2008-09-29,0.025400,0.985400,0.960000,5.262800,1.526800
2008-09-30_thc,thc,2008-09-30,0.072500,1.118400,1.045900,3.802800,0.966300
2008-09-28_thb,thb,2008-09-28,0.025700,0.962900,0.937200,4.734600,1.646300
2009-07-23_thc,thc,2009-07-23,0.553500,0.911500,0.358000,4.383400,1.759600
2009-07-25_thb,thb,2009-07-25,3.923900,4.002400,0.078500,4.739800,4.700200
2009-07-13_thb,thb,2009-07-13,0.151500,1.300600,1.149100,16.454800,0.887600
2009-07-17_thb,thb,2009-07-17,0.062000,0.782600,0.720600,7.282300,3.102500
2009-07-21_thb,thb,2009-07-21,6.058700,6.126000,0.067300,5.652200,5.822800
2009-08-07_thc,thc,2009-08-07,5.298800,5.557900,0.259100,3.819000,3.897500
2009-07-30_thc,thc,2009-07-30,1.016400,1.045500,0.029100,1.609100,1.580000
2009-08-05_thc,thc,2009-08-05,1.518900,1.464700,-0.054200,1.506000,1.565300
2009-08-10_thc,thc,2009-08-10,3.456000,2.915500,-0.540500,5.917400,7.051800
2009-08-08_thc,thc,2009-08-08,5.296500,5.570900,0.274400,3.932800,3.973100
2009-09-03_tha,tha,2009-09-03,0.080900,1.231000,1.150100,8.437600,2.234100
2009-09-13_tha,tha,2009-09-13,1.048800,1.240600,0.191800,1.851800,1.466200
2009-09-13_thd,thd,2009-09-13,0.818100,2.105100,1.287000,1.651200,2.150300
2009-09-14_tha,tha,2009-09-14,1.231000,1.282700,0.051700,1.328600,1.338100
2009-09-17_tha,tha,2009-09-17,1.163600,1.165600,0.002000,0.986500,1.018500
2009-09-13_the,the,2009-09-13,0.974000,0.874500,-0.099500,1.773600,1.755700
2009-09-15_tha,tha,2009-09-15,1.044100,1.080600,0.036500,1.173400,1.115800
2009-09-25_thc,thc,2009-09-25,5.806600,5.980500,0.173900,5.082500,5.055100
2009-09-26_thd,thd,2009-09-26,0.736800,0.720000,-0.016800,2.428400,2.413200
2009-10-01_thc,thc,2009-10-01,2.821100,3.203500,0.382400,4.225400,3.808800
2009-09-27_thd,thd,2009-09-27,0.916200,0.905100,-0.011100,1.866400,1.764100
2009-09-27_the,the,2009-09-27,0.989300,0.978700,-0.010600,1.357200,1.426300
2009-10-05_thc,thc,2009-10-05,0.125400,4.414400,4.289000,3.886600,4.381800
2009-10-02_thc,thc,2009-10-02,1.305600,2.714800,1.409200,2.029400,3.243900
2009-09-26_the,the,2009-09-26,0.971300,0.994700,0.023400,1.365900,1.160100
2009-10-12_thb,thb,2009-10-12,3.449200,2.922400,-0.526800,7.220400,7.662000
2009-10-13_thc,thc,2009-10-13,0.021800,0.976800,0.955000,4.901500,2.072100
2009-10-16_thc,thc,2009-10-16,3.133100,3.621300,0.488200,5.834300,6.243900
2009-10-22_tha,tha,2009-10-22,1.235300,1.469900,0.234600,1.567300,1.377300
2009-10-20_thc,thc,2009-10-20,0.020900,1.047600,1.026700,5.556800,1.453200
2009-10-23_tha,tha,2009-10-23,0.680500,1.715000,1.034500,3.062800,8.038800
2009-11-11_thb,thb,2009-11-11,8.314300,6.253700,-2.060600,3.839900,5.625100
2009-11-12_thb,thb,2009-11-12,0.014300,0.012000,-0.002300,4.247400,2.748600
2009-12-01_thb,thb,2009-12-01,4.408500,2.625700,-1.782800,4.578900,1.937500
2010-10-11_the,the,2010-10-11,0.006000,1.296700,1.290700,2.057500,1.496700
2010-10-11_tha,tha,2010-10-11,0.493100,1.282200,0.789100,1.913300,1.554600
2010-10-23_thd,thd,2010-10-23,1.366700,1.328400,-0.038300,1.210500,1.199900
2010-10-23_the,the,2010-10-23,1.370100,1.400900,0.030800,1.253400,1.256400
2010-10-23_tha,tha,2010-10-23,1.377100,1.401700,0.024600,1.258200,1.230800
2010-10-11_thd,thd,2010-10-11,0.007000,1.306500,1.299500,2.208500,1.527300
2010-11-10_the,the,2010-11-10,1.962000,2.182500,0.220500,2.046000,1.973300
2010-11-10_tha,tha,2010-11-10,1.576500,1.920100,0.343600,2.929800,2.835900
2013-01-13_thd,thd,2013-01-13,0.690000,0.910900,0.220900,1.914000,1.750100
2013-01-18_thd,thd,2013-01-18,4.777500,4.815000,0.037500,1.091500,0.993300
2013-01-19_tha,tha,2013-01-19,1.257700,1.240600,-0.017100,1.218000,1.271000
2013-01-26_tha,tha,2013-01-26,0.751000,0.862500,0.111500,1.361900,1.205700
2013-01-26_thd,thd,2013-01-26,0.491800,0.723900,0.232100,2.174100,1.413700
2013-01-26_the,the,2013-01-26,0.708700,0.788400,0.079700,1.558800,1.346500
2014-02-16_tha,tha,2014-02-16,0.049200,2.016200,1.967000,2.724400,0.975900
2014-02-15_the,the,2014-02-15,0.965900,6.477500,5.511600,17.544100,4.201500
2014-02-19_the,the,2014-02-19,0.325600,0.577600,0.252000,1.385600,0.159900
2014-02-23_the,the,2014-02-23,0.229600,3.166200,2.936600,10.336800,8.464800
2014-02-27_the,the,2014-02-27,1.970000,1.726800,-0.243200,1.027700,0.969100
2014-02-28_tha,tha,2014-02-28,0.602900,0.759100,0.156200,2.073900,1.740500
2014-02-27_thd,thd,2014-02-27,1.818600,2.047300,0.228700,2.296600,2.309400
2014-02-23_thd,thd,2014-02-23,39.995600,102.696000,62.700400,1.700900,0.645900
2014-03-20_the,the,2014-03-20,0.982500,0.983300,0.000800,1.444000,1.458500
2014-03-25_thd,thd,2014-03-25,2.726600,2.753600,0.027000,1.051100,0.943000
2014-03-26_the,the,2014-03-26,0.532900,0.785100,0.252200,2.372200,2.112200
2014-04-05_tha,tha,2014-04-05,0.181700,9.194900,9.013200,15.999700,3.748900
2015-03-17_tha,tha,2015-03-17,0.708600,2.409000,1.700400,3.354700,1.458300
2015-03-17_the,the,2015-03-17,0.468300,1.009200,0.540900,2.374600,1.045500
2015-04-14_thd,thd,2015-04-14,0.246100,11.200600,10.954500,14.473600,4.205700
2015-04-14_the,the,2015-04-14,0.040500,8.341000,8.300500,9.286700,2.572400
2015-04-15_tha,tha,2015-04-15,0.972400,4.100800,3.128400,15.835500,4.641200
2015-04-15_the,the,2015-04-15,0.220200,1.313900,1.093700,5.130000,1.044200
2015-04-15_thd,thd,2015-04-15,0.282300,1.217800,0.935500,5.353100,1.287600
2015-04-16_thd,thd,2015-04-16,0.266300,1.345400,1.079100,3.837000,1.429800
2015-04-16_the,the,2015-04-16,0.283700,1.277700,0.994000,3.898600,0.909500
2015-04-20_thd,thd,2015-04-20,0.053800,1.519900,1.466100,3.056900,0.896400
2015-04-20_the,the,2015-04-20,0.055300,1.790300,1.735000,3.810200,0.548800
2015-04-14_tha,tha,2015-04-14,0.093600,6.152800,6.059200,12.380700,4.307600
2015-04-16_tha,tha,2015-04-16,0.200000,1.048800,0.848800,4.348500,1.074700
2015-04-21_tha,tha,2015-04-21,0.118700,1.380400,1.261700,3.989200,1.823800
2015-05-01_tha,tha,2015-05-01,1.035700,1.042400,0.006700,1.339300,1.301100
2015-05-06_the,the,2015-05-06,1.116900,1.342700,0.225800,1.229800,1.156100
2015-05-07_thd,thd,2015-05-07,5.946600,5.805700,-0.140900,0.386500,0.418000
2015-04-20_tha,tha,2015-04-20,0.126600,5.344000,5.217400,11.028900,1.674500
2015-05-20_thd,thd,2015-05-20,0.823600,0.814900,-0.008700,1.331400,1.376000
2015-05-20_tha,tha,2015-05-20,0.743800,0.694700,-0.049100,1.565200,1.673400
2015-05-07_the,the,2015-05-07,0.082200,0.086400,0.004200,3.900900,3.960800
2015-06-08_the,the,2015-06-08,1.236900,1.808100,0.571200,2.219800,1.346800
2015-06-08_tha,tha,2015-06-08,0.271800,1.825500,1.553700,2.376500,1.398200
2015-06-08_thd,thd,2015-06-08,0.340100,1.509500,1.169400,2.100800,1.357700
2015-06-23_tha,tha,2015-06-23,1.346100,0.373500,-0.972600,1.485100,0.919200
2016-06-11_tha,tha,2016-06-11,1.003900,0.922500,-0.081400,2.097400,2.314600
2016-06-22_tha,tha,2016-06-22,6.750800,1.417000,-5.333800,4.935200,0.638000
2016-06-25_tha,tha,2016-06-25,0.864500,0.766900,-0.097600,1.367300,1.896500
2016-06-15_tha,tha,2016-06-15,0.704700,3.108600,2.403900,11.267700,2.447100
2016-06-23_tha,tha,2016-06-23,2.180500,0.817100,-1.363400,4.095500,2.065200
2016-06-26_tha,tha,2016-06-26,1.084800,1.100400,0.015600,1.135000,1.187800
2016-06-24_thd,thd,2016-06-24,0.687400,0.756600,0.069200,3.526400,1.417800
2016-06-27_tha,tha,2016-06-27,1.185000,1.152300,-0.032700,1.271700,1.277900
2016-06-24_tha,tha,2016-06-24,1.278300,1.158200,-0.120100,1.747200,1.781700
2016-06-30_tha,tha,2016-06-30,1.024900,0.963000,-0.061900,0.780500,0.875200
2016-07-03_thd,thd,2016-07-03,1.669400,2.097500,0.428100,1.274300,1.340800
2016-07-02_the,the,2016-07-02,0.693900,0.577800,-0.116100,1.188700,2.143500
2016-07-20_thd,thd,2016-07-20,6.904400,6.834700,-0.069700,2.440700,2.092800
2016-07-28_tha,tha,2016-07-28,0.116300,0.057500,-0.058800,17.054200,10.808500
2016-07-24_tha,tha,2016-07-24,1.299700,1.092600,-0.207100,1.343300,1.304100
2016-07-24_the,the,2016-07-24,1.375500,1.092100,-0.283400,1.505000,1.746600
2016-08-03_tha,tha,2016-08-03,0.133600,0.907800,0.774200,1.828300,1.364200
2016-07-25_tha,tha,2016-07-25,0.532000,0.012600,-0.519400,3.482900,5.228800
2016-07-28_the,the,2016-07-28,0.235200,0.337700,0.102500,2.792000,2.350200
2016-08-02_tha,tha,2016-08-02,2.766300,1.792600,-0.973700,1.383600,1.542200
2016-08-02_thd,thd,2016-08-02,0.594400,1.389600,0.795200,9.633800,1.776700
2017-08-04_the,the,2017-08-04,0.151000,1.305700,1.154700,4.649200,2.810700
2017-08-06_tha,tha,2017-08-06,1.313400,1.372300,0.058900,1.273400,1.639800
2017-08-07_tha,tha,2017-08-07,0.034000,0.030600,-0.003400,4.098400,3.136200
2017-08-08_tha,tha,2017-08-08,1.071000,0.914000,-0.157000,1.477500,1.841700
2017-08-10_tha,tha,2017-08-10,1.212000,1.017800,-0.194200,1.528800,1.599000
2017-08-05_tha,tha,2017-08-05,1.530500,1.328800,-0.201700,1.787400,1.876300
2017-08-17_the,the,2017-08-17,1.681700,1.545100,-0.136600,1.532000,1.737100
2017-08-16_the,the,2017-08-16,1.071100,1.064900,-0.006200,1.448400,1.589800
2017-08-12_the,the,2017-08-12,1.070900,1.242100,0.171200,1.449000,1.306100
2017-08-22_the,the,2017-08-22,1.267000,1.299100,0.032100,2.474800,2.631500
2017-08-22_thd,thd,2017-08-22,1.694700,1.891400,0.196700,0.491500,0.460200
2017-08-19_the,the,2017-08-19,2.434900,2.406100,-0.028800,3.089100,3.293700
2017-08-21_the,the,2017-08-21,0.989900,0.978400,-0.011500,1.092400,1.140300
2017-08-24_the,the,2017-08-24,0.012800,0.012800,0.000000,1.671000,1.724300
2017-08-25_tha,tha,2017-08-25,0.995700,1.356400,0.360700,2.356200,1.845900
2017-08-26_tha,tha,2017-08-26,0.027600,0.030500,0.002900,2.430300,2.477700
2017-08-25_the,the,2017-08-25,0.887500,0.913100,0.025600,1.485700,1.441300
2017-09-03_tha,tha,2017-09-03,0.816700,0.930000,0.113300,1.957900,1.572000
2017-09-01_thd,thd,2017-09-01,0.188600,0.144600,-0.044000,2.998700,3.146900
2017-09-04_tha,tha,2017-09-04,1.148400,1.239500,0.091100,1.097000,0.797600
2017-09-02_tha,tha,2017-09-02,0.889000,0.771000,-0.118000,6.460000,6.797000
2017-09-01_tha,tha,2017-09-01,1.044600,1.068900,0.024300,2.570100,2.523500
2017-08-30_tha,tha,2017-08-30,0.892600,0.874800,-0.017800,1.444700,1.524500
2017-09-06_the,the,2017-09-06,0.037100,0.030500,-0.006600,2.842200,3.081800
2017-09-05_the,the,2017-09-05,0.746800,0.783000,0.036200,2.734700,2.578400
2017-09-15_tha,tha,2017-09-15,0.669700,1.120100,0.450400,3.739100,1.319300
2017-09-15_thd,thd,2017-09-15,1.298300,1.435300,0.137000,1.164600,1.074000
2017-09-12_the,the,2017-09-12,1.254800,1.835300,0.580500,3.080800,4.521600
2017-09-11_tha,tha,2017-09-11,0.571300,1.163700,0.592400,5.431800,1.367700
2017-09-15_the,the,2017-09-15,2.864400,3.399800,0.535400,2.847600,3.384900
2017-09-16_tha,tha,2017-09-16,0.746400,0.999800,0.253400,3.633900,1.232200
2017-09-08_tha,tha,2017-09-08,0.589600,0.507800,-0.081800,2.133700,1.891700
2017-09-16_the,the,2017-09-16,0.866000,1.103700,0.237700,3.803000,4.133800
2017-09-17_the,the,2017-09-17,0.601900,0.817800,0.215900,3.912200,3.538900
2017-09-18_tha,tha,2017-09-18,1.197800,1.420700,0.222900,4.236100,1.278700
2017-09-14_tha,tha,2017-09-14,0.136100,0.478500,0.342400,2.312200,1.257700
2017-09-19_the,the,2017-09-19,0.168300,0.954800,0.786500,3.141800,2.332800
2017-09-18_the,the,2017-09-18,3.405200,4.661300,1.256100,3.759400,4.776400
2017-09-20_the,the,2017-09-20,0.176600,1.054300,0.877700,2.444200,1.468400
2017-09-07_tha,tha,2017-09-07,0.783600,0.497000,-0.286600,2.087200,1.902000
2017-09-23_the,the,2017-09-23,0.013100,0.030700,0.017600,3.981500,3.056800
2017-09-27_thd,thd,2017-09-27,0.410300,1.406600,0.996300,3.180400,1.304200
2017-09-27_the,the,2017-09-27,0.852700,1.532400,0.679700,5.321900,3.327000
2017-09-22_the,the,2017-09-22,0.430700,0.812000,0.381300,2.235600,1.908800
2017-09-28_the,the,2017-09-28,0.311100,1.151600,0.840500,4.972400,1.881400
2017-09-27_tha,tha,2017-09-27,0.334100,2.535500,2.201400,2.855700,1.593500
2017-10-12_the,the,2017-10-12,0.670800,1.104400,0.433600,5.930500,1.533700
2017-10-11_the,the,2017-10-11,0.057000,0.877200,0.820200,4.707500,2.117700
2018-08-26_tha,tha,2018-08-26,0.178700,2.609000,2.430300,1.840600,1.329600
2018-08-31_thd,thd,2018-08-31,0.884500,1.044700,0.160200,1.724200,1.487900
2018-08-26_thd,thd,2018-08-26,0.788100,1.168500,0.380400,2.728900,1.488100
2018-09-04_thd,thd,2018-09-04,0.504500,1.684800,1.180300,5.585100,0.860200
2018-09-07_the,the,2018-09-07,0.208400,1.185200,0.976800,6.138600,0.612400
2018-09-11_tha,tha,2018-09-11,0.576800,2.964000,2.387200,5.928300,2.967300
2018-09-11_thd,thd,2018-09-11,0.379400,0.733900,0.354500,3.603800,2.052900
2018-09-10_the,the,2018-09-10,0.170500,1.066000,0.895500,4.029500,1.635400
2018-09-14_thd,thd,2018-09-14,0.435500,3.464600,3.029100,8.593300,7.162900
2018-09-13_tha,tha,2018-09-13,0.112600,1.045300,0.932700,2.734600,1.235000
2018-09-10_thd,thd,2018-09-10,0.360500,0.696200,0.335700,3.283000,1.875000
2018-09-13_the,the,2018-09-13,0.530500,1.133900,0.603400,3.704500,1.098400
2018-09-14_tha,tha,2018-09-14,0.216000,1.103700,0.887700,4.382000,1.414500
2018-09-16_the,the,2018-09-16,0.554600,4.331500,3.776900,12.105800,3.468000
2018-09-17_tha,tha,2018-09-17,2.310000,2.259900,-0.050100,0.770200,0.617200
2018-09-21_tha,tha,2018-09-21,2.340400,2.432900,0.092500,7.205100,6.967000
2018-09-21_thd,thd,2018-09-21,0.914700,0.968800,0.054100,2.345000,2.162400
2018-09-17_the,the,2018-09-17,0.138400,3.293200,3.154800,9.341700,4.637800
2018-09-17_thd,thd,2018-09-17,0.325600,0.724300,0.398700,4.029700,2.388600
2018-09-23_tha,tha,2018-09-23,1.435100,1.172900,-0.262200,14.722200,15.372700
2018-09-23_thd,thd,2018-09-23,3.376400,4.446100,1.069700,6.936500,5.953100
2018-09-23_the,the,2018-09-23,0.143400,1.492000,1.348600,2.797900,1.304800
2018-09-24_the,the,2018-09-24,0.050800,0.056600,0.005800,4.138400,3.629000
2018-09-22_thd,thd,2018-09-22,0.121000,1.583900,1.462900,2.311800,1.368500
2018-09-18_thd,thd,2018-09-18,0.144200,0.850200,0.706000,4.617200,2.499300
2018-09-21_the,the,2018-09-21,5.214200,7.597200,2.383000,5.776000,4.385200
2018-09-18_tha,tha,2018-09-18,1.250500,1.345600,0.095100,2.362700,1.926700
2018-09-24_thd,thd,2018-09-24,0.234700,0.071900,-0.162800,26.051900,20.214100
2018-09-25_thd,thd,2018-09-25,0.049400,0.051300,0.001900,24.917600,25.066600
2018-09-26_tha,tha,2018-09-26,0.882300,0.868800,-0.013500,1.693700,1.657800
2018-09-26_thd,thd,2018-09-26,4.323300,4.618200,0.294900,7.389100,6.687900
2018-09-28_the,the,2018-09-28,3.783700,4.264100,0.480400,3.899400,3.754500
2018-09-26_the,the,2018-09-26,0.785800,1.132600,0.346800,2.011200,1.294500
2018-09-29_thd,thd,2018-09-29,8.770700,8.587100,-0.183600,5.367300,5.573500
2018-09-27_tha,tha,2018-09-27,0.998000,1.114400,0.116400,1.813600,1.925500
2018-09-29_the,the,2018-09-29,6.401400,6.439000,0.037600,4.986000,4.944500
2018-09-27_thd,thd,2018-09-27,6.568500,6.652700,0.084200,3.981200,3.928100
2018-09-25_the,the,2018-09-25,7.678700,6.723600,-0.955100,1.213700,1.049500
2018-10-03_the,the,2018-10-03,0.417000,0.646800,0.229800,3.709200,2.841900
2018-09-27_the,the,2018-09-27,1.160600,1.170900,0.010300,1.277400,1.296200
2018-09-22_tha,tha,2018-09-22,1.257800,1.590500,0.332700,1.973400,2.831500
2018-09-30_thd,thd,2018-09-30,2.024400,2.983100,0.958700,5.838700,3.985000
2018-09-30_the,the,2018-09-30,0.031400,0.205300,0.173900,4.368100,6.797800
2018-10-01_the,the,2018-10-01,5.965000,6.072300,0.107300,2.422300,2.479600
2018-10-04_the,the,2018-10-04,0.113900,0.118500,0.004600,2.338100,2.350100
2018-09-30_tha,tha,2018-09-30,1.454100,1.462200,0.008100,1.092100,1.070700
2018-10-01_thd,thd,2018-10-01,0.111000,5.215400,5.104400,14.204100,6.402000
2018-10-06_the,the,2018-10-06,1.532000,1.534400,0.002400,0.953400,0.958000
2018-10-15_tha,tha,2018-10-15,2.724300,2.296700,-0.427600,2.990700,2.922800
2018-10-17_the,the,2018-10-17,1.166300,1.093000,-0.073300,1.954200,2.261600
2018-10-21_tha,tha,2018-10-21,2.175300,1.781700,-0.393600,1.883800,2.316700
2018-10-23_tha,tha,2018-10-23,5.472300,1.382300,-4.090000,11.483900,3.041900
2018-10-25_thd,thd,2018-10-25,1.762100,1.915500,0.153400,2.601100,1.316700
2018-10-16_tha,tha,2018-10-16,2.831800,2.251200,-0.580600,3.086300,2.758000
2018-10-25_tha,tha,2018-10-25,0.163100,1.197900,1.034800,4.923800,1.066200
2018-10-24_tha,tha,2018-10-24,0.852400,0.793800,-0.058600,2.267300,1.844300
2018-10-30_thd,thd,2018-10-30,5.347700,5.380100,0.032400,4.589400,4.684100
2018-10-28_the,the,2018-10-28,1.505300,1.390600,-0.114700,1.381500,1.415700
2018-10-31_the,the,2018-10-31,4.740200,4.649200,-0.091000,5.391900,5.791700
2018-11-01_tha,tha,2018-11-01,0.013500,1.426200,1.412700,4.243200,0.770700
2018-11-02_thd,thd,2018-11-02,5.782400,5.999700,0.217300,3.210500,3.419000
2018-11-02_the,the,2018-11-02,3.943700,2.332100,-1.611600,3.804000,1.969500
2018-10-27_thd,thd,2018-10-27,1.795300,1.528200,-0.267100,2.811400,2.233600
2018-10-27_the,the,2018-10-27,0.134300,2.117700,1.983400,9.946300,7.536100
2018-10-30_the,the,2018-10-30,1.186600,1.124100,-0.062500,1.493100,2.100200
2018-11-03_the,the,2018-11-03,1.008000,1.119700,0.111700,2.008400,1.347300
2018-10-29_thd,thd,2018-10-29,0.794600,0.345200,-0.449400,1.476700,2.561800
2018-11-06_thd,thd,2018-11-06,0.059700,1.338200,1.278500,3.051600,0.949900
2018-11-01_thd,thd,2018-11-01,1.605200,1.465000,-0.140200,0.829600,0.730500
2018-11-04_the,the,2018-11-04,4.392200,4.436800,0.044600,4.871100,4.596800
2018-11-07_the,the,2018-11-07,0.067900,1.148200,1.080300,4.184600,1.599900
2018-11-03_thd,thd,2018-11-03,5.025800,4.856200,-0.169600,4.685300,4.989300
2018-11-08_thd,thd,2018-11-08,0.033900,0.833600,0.799700,3.744900,1.978500
2018-11-09_thd,thd,2018-11-09,0.121500,1.517900,1.396400,3.738800,1.154500
2018-11-09_the,the,2018-11-09,0.093500,1.009200,0.915700,5.943100,1.930900
2018-11-07_thd,thd,2018-11-07,0.028600,0.906200,0.877600,4.628000,2.373500
2018-11-10_thd,thd,2018-11-10,0.276000,1.197600,0.921600,3.896800,1.152000
2018-11-05_thd,thd,2018-11-05,2.548600,2.281500,-0.267100,3.658500,4.597900
2018-11-06_the,the,2018-11-06,3.032800,2.539700,-0.493100,3.480300,2.969500
2018-11-11_the,the,2018-11-11,0.912700,0.917300,0.004600,1.745000,1.371800
2018-11-12_thd,thd,2018-11-12,0.503900,1.307600,0.803700,4.641700,1.308300
2018-10-29_the,the,2018-10-29,1.436000,1.442000,0.006000,1.880900,2.369300
2019-10-04_thd,thd,2019-10-04,4.379500,4.293600,-0.085900,3.193500,2.490800
2019-10-16_tha,tha,2019-10-16,0.060700,1.955000,1.894300,4.690100,1.134500
2019-10-11_thd,thd,2019-10-11,1.159600,0.992500,-0.167100,1.110700,1.615200
2019-10-18_thd,thd,2019-10-18,1.554700,0.941700,-0.613000,1.934600,2.426400
2019-10-24_thd,thd,2019-10-24,0.338700,6.185100,5.846400,12.364300,4.612300
2019-10-26_thd,thd,2019-10-26,1.143500,4.551100,3.407600,11.778600,4.263200
2019-10-30_the,the,2019-10-30,1.326600,7.376900,6.050300,15.417000,6.075600
2019-10-25_the,the,2019-10-25,1.318800,1.255000,-0.063800,1.612700,1.595000
2019-10-29_thd,thd,2019-10-29,0.551600,5.317700,4.766100,14.478400,6.503700
2019-10-24_the,the,2019-10-24,0.228800,0.969300,0.740500,3.758700,1.288200
2019-10-30_tha,tha,2019-10-30,6.402200,5.865200,-0.537000,4.613900,5.211800
2019-10-25_tha,tha,2019-10-25,0.303000,1.249300,0.946300,3.694600,1.509800
2019-10-26_tha,tha,2019-10-26,0.749400,1.306900,0.557500,6.751600,1.662000
2019-10-29_the,the,2019-10-29,0.073000,0.930300,0.857300,2.719700,1.330600
2019-10-31_the,the,2019-10-31,0.161800,9.620300,9.458500,20.177900,7.696000
2019-10-28_thd,thd,2019-10-28,0.166800,5.587300,5.420500,4.216100,6.402100
2019-11-03_thd,thd,2019-11-03,2.443000,1.537800,-0.905200,2.738500,2.900600
2019-11-05_the,the,2019-11-05,0.046800,1.103100,1.056300,3.790400,1.597100
2019-11-03_the,the,2019-11-03,0.024400,1.122000,1.097600,5.387900,1.088400
2019-11-06_the,the,2019-11-06,0.855700,1.178000,0.322300,2.799700,1.613800
2019-11-04_thd,thd,2019-11-04,0.040900,0.745000,0.704100,3.649700,2.249800
2019-11-04_the,the,2019-11-04,0.046900,1.136400,1.089500,3.572900,1.464700
2019-10-31_thd,thd,2019-10-31,0.053400,1.016300,0.962900,0.860900,1.184700
2019-11-10_the,the,2019-11-10,1.170600,1.143000,-0.027600,1.157700,1.272900
2019-11-07_thd,thd,2019-11-07,1.045000,0.867900,-0.177100,5.236300,5.364600
2019-11-08_the,the,2019-11-08,1.006300,0.951800,-0.054500,1.429200,1.572100
2019-11-06_thd,thd,2019-11-06,1.781700,1.767500,-0.014200,2.197500,2.319800
2019-11-11_thd,thd,2019-11-11,4.248700,0.181200,-4.067500,4.736200,4.716800
2019-11-10_tha,tha,2019-11-10,0.607100,0.669300,0.062200,3.287400,2.605200
2019-11-09_the,the,2019-11-09,1.187900,1.157800,-0.030100,1.129600,1.250200
2019-11-05_thd,thd,2019-11-05,1.124700,0.328600,-0.796100,1.520800,2.543600
2019-11-05_tha,tha,2019-11-05,0.877100,0.913200,0.036100,1.198400,1.129000
2019-11-12_the,the,2019-11-12,0.261500,0.185200,-0.076300,1.538100,1.446000
2019-10-30_thd,thd,2019-10-30,0.060900,0.788000,0.727100,1.617300,1.312600
2019-11-28_tha,tha,2019-11-28,1.077100,1.183500,0.106400,1.416200,1.316100
2019-11-23_tha,tha,2019-11-23,0.915700,1.385800,0.470100,1.971700,1.691900
2019-11-22_tha,tha,2019-11-22,0.883500,1.183000,0.299500,1.984600,1.815200
2019-11-29_tha,tha,2019-11-29,2.089600,0.025700,-2.063900,9.595200,2.614000
2019-11-24_tha,tha,2019-11-24,0.901100,0.726200,-0.174900,1.200500,1.598600
2019-11-28_thd,thd,2019-11-28,1.559200,1.204000,-0.355200,1.370400,1.800800
2019-12-02_the,the,2019-12-02,1.165900,1.226400,0.060500,1.061300,1.035600
2019-11-30_tha,tha,2019-11-30,0.174600,0.026300,-0.148300,14.508300,2.394900
2019-11-30_the,the,2019-11-30,1.562300,1.444800,-0.117500,1.367600,1.649100
2019-12-01_tha,tha,2019-12-01,1.043900,4.766900,3.723000,6.119900,2.552000
2019-12-03_the,the,2019-12-03,1.102100,1.026000,-0.076100,0.974800,1.075900
2019-12-04_the,the,2019-12-04,0.804800,1.072300,0.267500,1.808600,1.482300
2019-12-03_thd,thd,2019-12-03,1.277300,1.222600,-0.054700,1.479900,1.639500
2019-12-06_thd,thd,2019-12-06,0.839200,1.365800,0.526600,2.668100,1.904500
2019-12-05_the,the,2019-12-05,0.014600,1.026000,1.011400,5.929600,1.571600
2019-12-10_thd,thd,2019-12-10,0.086700,1.161900,1.075200,2.490700,1.266800
2019-12-08_the,the,2019-12-08,0.032800,1.590100,1.557300,2.273000,0.864700
2019-12-09_the,the,2019-12-09,0.018900,1.271700,1.252800,4.062800,1.298000
2019-12-11_the,the,2019-12-11,0.121900,3.831500,3.709600,14.046100,6.062600
2019-12-15_thd,thd,2019-12-15,3.455500,3.384900,-0.070600,4.770500,4.913400
2019-12-18_the,the,2019-12-18,0.040300,1.097600,1.057300,2.496000,0.937400
2019-12-18_thd,thd,2019-12-18,0.052300,1.705000,1.652700,4.659200,1.711200
2019-12-19_thd,thd,2019-12-19,0.079400,1.366300,1.286900,4.719900,1.400200
2020-12-06_tha,tha,2020-12-06,0.036200,2.385900,2.349700,2.522200,0.620800
2020-12-09_tha,tha,2020-12-09,2.732400,2.145400,-0.587000,3.700100,2.039100
2020-12-09_the,the,2020-12-09,0.015300,1.466600,1.451300,3.588300,1.237600
2020-12-09_thd,thd,2020-12-09,0.040700,4.824600,4.783900,11.037000,4.490000
2020-12-12_tha,tha,2020-12-12,1.064200,1.066900,0.002700,1.290500,1.289800
2020-12-10_thd,thd,2020-12-10,1.245700,1.353300,0.107600,2.058000,1.790400
2020-12-13_tha,tha,2020-12-13,0.038500,0.036800,-0.001700,2.617900,2.697000
2020-12-10_the,the,2020-12-10,0.068800,0.990000,0.921200,4.105100,2.018500
2020-12-10_tha,tha,2020-12-10,1.276400,1.285200,0.008800,1.750000,1.863500
2020-12-16_thd,thd,2020-12-16,1.450800,1.786200,0.335400,1.095200,1.010400
2020-12-17_tha,tha,2020-12-17,1.031000,1.022700,-0.008300,2.138100,2.206900
2020-12-16_the,the,2020-12-16,1.866400,1.872700,0.006300,1.258500,1.024800
2020-12-18_thd,thd,2020-12-18,1.205700,1.226100,0.020400,0.991000,0.973500
2020-12-18_the,the,2020-12-18,1.086600,1.099800,0.013200,1.027100,0.975800
2020-12-16_tha,tha,2020-12-16,2.149700,2.312400,0.162700,1.730300,1.867700
2020-12-06_thd,thd,2020-12-06,0.048200,2.022600,1.974400,2.857200,0.689200
2020-12-20_tha,tha,2020-12-20,0.914200,0.925300,0.011100,0.844000,0.820400
2020-12-20_thd,thd,2020-12-20,0.946100,0.932200,-0.013900,0.828000,0.806100
2020-12-17_the,the,2020-12-17,0.394000,0.650400,0.256400,3.778200,3.431500
2020-12-21_thd,thd,2020-12-21,1.787200,1.807300,0.020100,1.617400,1.640100
2020-12-22_the,the,2020-12-22,1.241800,1.350600,0.108800,2.085400,2.184700
2020-12-17_thd,thd,2020-12-17,1.036000,1.021700,-0.014300,1.929000,2.044100
2020-12-15_thd,thd,2020-12-15,0.714700,1.373700,0.659000,2.212900,1.378200
2020-12-26_the,the,2020-12-26,0.648200,0.620700,-0.027500,2.470700,2.581700
2020-12-25_the,the,2020-12-25,1.320200,1.315800,-0.004400,1.303300,1.343300
2021-01-03_thd,thd,2021-01-03,1.415200,1.438800,0.023600,0.415600,0.391600
2021-01-04_tha,tha,2021-01-04,1.309100,1.357400,0.048300,1.082300,1.067200
2020-12-21_the,the,2020-12-21,1.127300,1.197600,0.070300,1.674300,1.756100
2021-01-06_tha,tha,2021-01-06,6.319700,6.341300,0.021600,5.710900,5.865600
2021-01-04_thd,thd,2021-01-04,1.392500,1.404600,0.012100,0.948800,0.950800
2021-01-07_thd,thd,2021-01-07,0.824400,0.803300,-0.021100,1.994300,1.960000
2021-01-07_the,the,2021-01-07,1.173000,1.184100,0.011100,1.243000,1.250000
2021-01-06_thd,thd,2021-01-06,0.798200,0.796000,-0.002200,1.854900,1.844300
2021-01-12_thd,thd,2021-01-12,0.981800,1.061100,0.079300,1.809300,1.576000
2021-01-11_tha,tha,2021-01-11,0.621000,0.904500,0.283500,1.976000,1.960500
2021-01-13_tha,tha,2021-01-13,0.041400,1.179300,1.137900,3.481000,1.737700
2021-01-09_the,the,2021-01-09,1.208200,1.198800,-0.009400,1.009100,1.027500
2021-01-14_the,the,2021-01-14,1.016900,1.086300,0.069400,1.971100,1.885900
2021-01-14_thd,thd,2021-01-14,0.024500,0.033300,0.008800,4.544100,3.431900
2021-01-15_thd,thd,2021-01-15,0.009100,1.014900,1.005800,4.201500,0.508500
2021-01-15_the,the,2021-01-15,0.712800,0.821300,0.108500,2.620400,1.827600
2021-01-16_the,the,2021-01-16,0.036800,0.951800,0.915000,3.401300,1.539800
2021-01-18_thd,thd,2021-01-18,0.011000,1.080300,1.069300,6.442600,1.711500
2021-01-13_the,the,2021-01-13,1.015400,1.078900,0.063500,1.987800,1.893700
2021-01-13_thd,thd,2021-01-13,0.026300,0.035500,0.009200,3.701900,3.477600
2021-01-07_tha,tha,2021-01-07,0.832600,0.877100,0.044500,1.727800,1.738700
2021-01-17_thd,thd,2021-01-17,0.019300,1.057900,1.038600,7.901400,1.476100
2021-01-18_tha,tha,2021-01-18,0.009400,1.020900,1.011500,7.142900,1.754800
2021-01-17_the,the,2021-01-17,0.021800,1.001200,0.979400,6.480200,1.294600
2021-01-19_tha,tha,2021-01-19,0.028900,1.055000,1.026100,6.739000,2.489300
2021-01-18_the,the,2021-01-18,0.009300,1.195600,1.186300,5.922300,1.738900
2021-01-19_the,the,2021-01-19,0.017200,1.127800,1.110600,3.489300,1.451500
2021-01-16_tha,tha,2021-01-16,0.010700,1.103500,1.092800,5.276800,1.265000
2021-01-14_tha,tha,2021-01-14,0.026700,1.320900,1.294200,5.140700,1.796900
2021-01-20_the,the,2021-01-20,0.018800,0.960500,0.941700,3.087300,1.329900
2021-01-12_the,the,2021-01-12,0.977900,0.984800,0.006900,1.734800,1.762200
2021-01-16_thd,thd,2021-01-16,0.015700,0.977700,0.962000,4.719000,1.092700
2021-01-19_thd,thd,2021-01-19,0.018600,0.995800,0.977200,3.795500,1.831900
2021-01-23_the,the,2021-01-23,0.016000,1.095800,1.079800,4.720900,1.656400
2021-02-06_thd,thd,2021-02-06,0.041100,1.172900,1.131800,3.616400,1.806600
2021-02-06_tha,tha,2021-02-06,0.067100,1.594900,1.527800,3.962300,1.569300
2021-02-07_thd,thd,2021-02-07,0.079900,1.170000,1.090100,3.137600,1.536300
2021-02-07_the,the,2021-02-07,0.051700,0.898300,0.846600,3.829700,0.678700
2021-02-06_the,the,2021-02-06,0.208300,1.075000,0.866700,3.108800,0.773000
2021-02-07_tha,tha,2021-02-07,0.067500,1.207900,1.140400,6.282200,1.498500
2021-12-29_thd,thd,2021-12-29,0.735200,5.859600,5.124400,2.115100,1.071000
2021-12-29_tha,tha,2021-12-29,0.552400,6.824100,6.271700,3.326900,1.367900
2021-12-30_tha,tha,2021-12-30,0.505000,6.320700,5.815700,3.414400,1.421200
2021-12-30_the,the,2021-12-30,0.288500,11.781500,11.493000,3.103100,1.363000
2021-12-30_thd,thd,2021-12-30,0.573400,4.336400,3.763000,3.075600,1.202900
2022-01-14_thd,thd,2022-01-14,0.010800,1.434100,1.423300,2.053900,1.247900
2022-01-14_the,the,2022-01-14,0.121200,0.453900,0.332700,2.658700,2.365200
2022-01-14_tha,tha,2022-01-14,0.402400,0.883100,0.480700,2.445100,2.407900
2022-01-17_tha,tha,2022-01-17,0.057300,1.002400,0.945100,5.212900,1.420200
2022-01-09_tha,tha,2022-01-09,2.424800,33.396300,30.971500,2.646700,0.718700
2022-01-15_tha,tha,2022-01-15,0.778400,0.883300,0.104900,2.443300,2.466800
2022-01-15_thd,thd,2022-01-15,1.250200,1.497100,0.246900,2.193000,1.484000
2022-01-15_the,the,2022-01-15,0.144600,0.554800,0.410200,2.529000,2.334900
2022-01-19_tha,tha,2022-01-19,0.655300,9.272700,8.617400,16.275300,4.855900
2022-01-21_thd,thd,2022-01-21,0.072300,0.928600,0.856300,2.655000,1.521100
2022-01-19_thd,thd,2022-01-19,0.228900,1.874600,1.645700,5.379200,1.118100
2022-01-24_tha,tha,2022-01-24,1.097500,1.103600,0.006100,1.644000,1.694000
2022-01-21_tha,tha,2022-01-21,0.918300,1.036800,0.118500,1.638200,1.573500
2022-01-25_the,the,2022-01-25,7.835700,7.534200,-0.301500,4.537500,4.536000
2022-01-26_tha,tha,2022-01-26,1.213900,1.236500,0.022600,1.164300,1.149800
2022-01-27_the,the,2022-01-27,2.782500,2.801500,0.019000,5.797200,6.067400
2022-01-25_thd,thd,2022-01-25,9.775500,9.913500,0.138000,3.328300,3.434100
2022-01-26_the,the,2022-01-26,0.897600,1.050300,0.152700,1.282500,0.973700
2022-02-01_thd,thd,2022-02-01,0.670300,0.605800,-0.064500,1.564200,1.666200
2022-02-01_tha,tha,2022-02-01,0.938600,0.942000,0.003400,1.529200,1.596900
2022-02-01_the,the,2022-02-01,0.826200,0.794000,-0.032200,1.833700,1.846300
2022-01-27_thd,thd,2022-01-27,3.195200,3.206600,0.011400,5.429300,5.552300
2022-01-22_tha,tha,2022-01-22,1.069600,1.106300,0.036700,1.648900,1.483900
2022-01-28_the,the,2022-01-28,0.771900,0.787500,0.015600,1.551800,1.575900
2022-01-28_thd,thd,2022-01-28,0.786700,0.748000,-0.038700,1.666500,1.732100
2022-01-26_thd,thd,2022-01-26,1.088700,1.048600,-0.040100,1.013400,1.019500
2022-02-15_thd,thd,2022-02-15,0.178200,1.023200,0.845000,2.195300,1.670800
2022-02-16_tha,tha,2022-02-16,0.953700,0.985600,0.031900,1.978000,1.965500
2022-02-15_tha,tha,2022-02-15,0.067000,0.071600,0.004600,2.262000,2.170600
2022-02-13_tha,tha,2022-02-13,0.936600,0.955300,0.018700,1.705200,1.702700
2022-02-21_tha,tha,2022-02-21,0.821100,0.892900,0.071800,1.233400,1.168700
2022-02-21_the,the,2022-02-21,0.919100,0.906700,-0.012400,1.204800,1.226500
2022-02-20_tha,tha,2022-02-20,0.879200,0.891300,0.012100,1.278100,1.279400
2022-02-16_thd,thd,2022-02-16,1.064600,1.162600,0.098000,1.775300,1.602300
2022-02-19_thd,thd,2022-02-19,1.363600,1.387800,0.024200,1.793000,1.825300
2022-02-22_thd,thd,2022-02-22,1.250400,1.291500,0.041100,1.636300,1.638200
2022-02-22_tha,tha,2022-02-22,1.053500,1.191500,0.138000,1.812400,1.411200
2022-02-26_thd,thd,2022-02-26,0.023900,1.073100,1.049200,4.462800,1.450900
2022-02-20_the,the,2022-02-20,0.958900,0.949400,-0.009500,1.419500,1.457600
2022-02-21_thd,thd,2022-02-21,0.516400,0.704100,0.187700,1.659600,1.511300
2022-02-19_tha,tha,2022-02-19,1.584600,1.626000,0.041400,1.401400,1.392100
2022-02-27_thd,thd,2022-02-27,0.054800,0.775400,0.720600,3.405400,2.335700
2022-02-28_the,the,2022-02-28,0.687500,0.685500,-0.002000,1.572900,1.573600
2022-02-23_the,the,2022-02-23,0.779700,0.739300,-0.040400,0.984600,1.124800
2022-02-27_the,the,2022-02-27,0.525700,0.705900,0.180200,2.404100,2.151000
2022-02-23_thd,thd,2022-02-23,0.525900,0.609600,0.083700,1.676100,1.715800
2022-02-20_thd,thd,2022-02-20,0.862400,0.835100,-0.027300,2.056100,2.016400
2022-03-05_thd,thd,2022-03-05,0.219200,3.204500,2.985300,2.127600,3.214700
2022-03-05_the,the,2022-03-05,0.130800,1.030100,0.899300,2.281100,5.039700
2022-02-27_tha,tha,2022-02-27,0.064000,0.578900,0.514900,2.705800,1.669200
2022-03-04_thd,thd,2022-03-04,0.078000,1.160600,1.082600,3.796700,1.111200
2022-02-25_the,the,2022-02-25,0.036800,0.749100,0.712300,2.049200,1.612400
2022-03-04_the,the,2022-03-04,0.062600,1.388000,1.325400,4.183000,1.521400
2022-03-11_the,the,2022-03-11,0.158100,1.504400,1.346300,2.279000,0.987700
2022-02-26_the,the,2022-02-26,1.128100,1.180600,0.052500,1.562900,1.254700
2022-03-13_tha,tha,2022-03-13,0.515300,4.424300,3.909000,7.862000,4.338100
2022-03-13_the,the,2022-03-13,0.421700,4.834200,4.412500,7.481300,4.449900
2022-03-13_thd,thd,2022-03-13,0.312300,4.758000,4.445700,9.916300,4.784300
2023-02-15_the,the,2023-02-15,0.157800,1.368400,1.210600,3.546500,0.810400
2023-02-15_tha,tha,2023-02-15,0.136000,1.309500,1.173500,3.473700,1.275400
2023-02-15_thd,thd,2023-02-15,0.143000,1.356500,1.213500,3.548700,0.791400
2023-02-24_tha,tha,2023-02-24,0.146500,0.526900,0.380400,3.565500,2.234900
2023-02-24_the,the,2023-02-24,0.313200,1.200800,0.887600,3.886000,1.064800
2023-02-24_thd,thd,2023-02-24,0.202700,0.970400,0.767700,4.310200,1.456400
2023-02-27_tha,tha,2023-02-27,4.766700,4.677100,-0.089600,5.850800,5.394200
2023-02-27_the,the,2023-02-27,1.476900,6.767700,5.290800,19.899100,5.444600
2023-02-23_tha,tha,2023-02-23,0.101100,1.389800,1.288700,3.717500,1.057600
2023-03-03_the,the,2023-03-03,0.120000,1.038800,0.918800,2.236300,1.120900
2023-03-05_thd,thd,2023-03-05,0.419200,0.862600,0.443400,2.913600,1.948400
2023-03-02_thd,thd,2023-03-02,0.253800,1.150700,0.896900,4.094300,2.097200
2023-03-03_tha,tha,2023-03-03,0.320500,0.974400,0.653900,1.793600,1.281800
2023-02-27_thd,thd,2023-02-27,1.692200,6.287000,4.594800,17.692700,5.625900
2023-03-06_tha,tha,2023-03-06,0.613400,0.763800,0.150400,1.681500,1.596100
2023-03-05_tha,tha,2023-03-05,0.785500,0.793800,0.008300,1.611900,1.547100
2023-03-11_thd,thd,2023-03-11,0.501200,0.524800,0.023600,1.930900,1.861500
2023-03-10_thd,thd,2023-03-10,0.157600,0.137800,-0.019800,1.561000,1.572100
2023-03-11_tha,tha,2023-03-11,0.743800,0.677000,-0.066800,1.895700,2.276100
2023-03-13_thd,thd,2023-03-13,0.547000,0.530100,-0.016900,1.629800,1.664300
2023-03-02_tha,tha,2023-03-02,0.129500,0.898600,0.769100,4.190900,1.449900
2023-03-12_the,the,2023-03-12,2.286200,2.388500,0.102300,7.079300,6.925800
2023-03-04_tha,tha,2023-03-04,0.080000,0.079000,-0.001000,2.321700,2.110600
2023-03-13_the,the,2023-03-13,0.573000,0.555500,-0.017500,1.580400,1.618700
2023-03-09_tha,tha,2023-03-09,0.776100,0.733000,-0.043100,1.333200,1.494700
2023-03-02_the,the,2023-03-02,0.377000,0.727600,0.350600,3.745800,2.310100
2023-03-10_tha,tha,2023-03-10,0.335500,0.024500,-0.311000,1.486500,1.614200
2023-03-18_the,the,2023-03-18,0.809100,0.826400,0.017300,1.973200,1.992000
2023-04-02_tha,tha,2023-04-02,0.880600,0.881100,0.000500,1.224400,1.315400
2023-04-02_thd,thd,2023-04-02,1.020900,0.919500,-0.101400,1.157500,1.221900
2023-04-04_tha,tha,2023-04-04,1.096400,1.114100,0.017700,1.719200,1.674700
2023-04-03_tha,tha,2023-04-03,1.181500,1.098300,-0.083200,1.321600,1.464800
2023-04-01_tha,tha,2023-04-01,0.708200,0.709300,0.001100,1.814500,1.836900
2023-04-06_tha,tha,2023-04-06,0.031500,0.679300,0.647800,2.272300,1.714100
2023-04-05_tha,tha,2023-04-05,0.814400,1.023500,0.209100,2.174400,1.538100
2023-04-03_thd,thd,2023-04-03,1.207400,1.082800,-0.124600,1.399000,1.436200
2023-04-06_thd,thd,2023-04-06,0.698200,0.745500,0.047300,1.863900,2.020200
2023-04-04_thd,thd,2023-04-04,1.189700,1.229400,0.039700,2.051000,2.052900
2023-04-10_thd,thd,2023-04-10,0.307900,0.445100,0.137200,6.138900,6.648200
2023-04-11_thd,thd,2023-04-11,0.927400,1.083000,0.155600,1.700100,1.159200
2023-04-12_the,the,2023-04-12,1.059500,1.128800,0.069300,1.489600,1.298800
2023-04-12_thd,thd,2023-04-12,0.025500,1.281500,1.256000,2.243000,0.707500
2023-04-13_thd,thd,2023-04-13,0.056100,1.125800,1.069700,2.911200,1.214800
2023-04-11_tha,tha,2023-04-11,0.044800,0.975800,0.931000,3.096900,1.254600
2023-04-13_the,the,2023-04-13,0.932300,1.132200,0.199900,1.744100,1.430900
2023-04-06_the,the,2023-04-06,0.651400,1.839300,1.187900,3.165000,4.918900
2023-04-14_the,the,2023-04-14,0.021100,0.964400,0.943300,2.067600,1.456500
2023-04-17_thd,thd,2023-04-17,0.015700,0.952500,0.936800,4.090900,1.823200
2023-04-17_the,the,2023-04-17,0.017600,1.142000,1.124400,3.800900,1.337700
2023-04-11_the,the,2023-04-11,1.022200,1.055300,0.033100,1.468100,1.395200
2023-04-17_tha,tha,2023-04-17,0.021400,0.997800,0.976400,4.627900,1.441700
2023-04-05_the,the,2023-04-05,0.801900,0.860000,0.058100,2.051900,1.943700
2023-04-15_the,the,2023-04-15,0.014900,0.623900,0.609000,2.924400,2.371000
2023-04-19_thd,thd,2023-04-19,0.176900,1.288700,1.111800,2.234900,1.354400
2023-04-19_the,the,2023-04-19,0.072900,1.090500,1.017600,2.152400,1.086200
2023-04-14_thd,thd,2023-04-14,0.026000,1.142800,1.116800,2.216900,1.481900
2023-04-10_tha,tha,2023-04-10,0.700900,1.889700,1.188800,7.409400,6.148200
2023-04-24_tha,tha,2023-04-24,2.666200,0.192200,-2.474000,1.705600,1.036200
2023-04-24_thd,thd,2023-04-24,0.862400,0.645600,-0.216800,1.210200,1.341100
2024-03-03_the,the,2024-03-03,0.006700,1.699000,1.692300,2.160800,1.119600
2024-03-03_tha,tha,2024-03-03,0.006900,1.981400,1.974500,2.405800,0.972900
2024-03-03_thd,thd,2024-03-03,0.012200,1.438500,1.426300,2.021500,1.086000
2024-03-23_thd,thd,2024-03-23,0.105300,0.525300,0.420000,4.260700,2.092700
2024-03-25_tha,tha,2024-03-25,2.284000,3.777800,1.493800,35.804100,10.424700
2024-04-14_tha,tha,2024-04-14,0.011800,0.894700,0.882900,3.033000,1.274400
2024-04-15_tha,tha,2024-04-15,0.013800,0.895200,0.881400,2.735500,1.275500
2024-04-17_tha,tha,2024-04-17,1.168000,1.227300,0.059300,2.069700,1.907200
2024-04-18_tha,tha,2024-04-18,0.983800,0.994100,0.010300,1.760800,1.753500
2024-04-18_thd,thd,2024-04-18,0.037600,0.930500,0.892900,3.054400,1.835000
2024-04-18_the,the,2024-04-18,0.036000,0.799700,0.763700,2.641300,1.862700
2024-04-19_thd,thd,2024-04-19,1.298300,1.653400,0.355100,1.522800,1.326800
2024-04-19_the,the,2024-04-19,1.541500,1.232200,-0.309300,1.128900,1.285700
2024-04-16_tha,tha,2024-04-16,4.451700,4.831800,0.380100,5.334500,4.790500
2024-04-16_the,the,2024-04-16,0.027100,3.390700,3.363600,3.374800,4.879900
2024-04-17_thd,thd,2024-04-17,0.036900,0.984600,0.947700,4.011300,2.720800
2024-04-17_the,the,2024-04-17,0.026900,1.283400,1.256500,4.840900,1.065400
2024-04-27_thd,thd,2024-04-27,0.494900,0.487500,-0.007400,1.188700,1.252700
2024-04-28_thd,thd,2024-04-28,1.316700,1.296800,-0.019900,1.053700,1.087300
2024-04-15_the,the,2024-04-15,0.674400,0.898800,0.224400,2.110200,1.332100
2024-04-28_the,the,2024-04-28,1.130500,1.131700,0.001200,0.930300,0.917800
2024-04-27_the,the,2024-04-27,0.586500,0.578400,-0.008100,2.686300,2.618400
2024-04-26_the,the,2024-04-26,1.126100,2.912700,1.786600,1.370300,1.594400
2024-05-07_thd,thd,2024-05-07,1.047400,1.052300,0.004900,1.195200,1.236800
2024-05-16_tha,tha,2024-05-16,1.119000,0.990000,-0.129000,1.286700,1.217800
2024-05-18_tha,tha,2024-05-18,1.655200,1.690700,0.035500,1.090600,1.072600
2024-05-16_thd,thd,2024-05-16,0.505200,0.576300,0.071100,0.720900,0.753300
2024-05-18_thd,thd,2024-05-18,1.646000,1.701500,0.055500,0.999500,0.995600
2024-05-16_the,the,2024-05-16,0.947900,0.954400,0.006500,1.249800,1.270200
2024-05-18_the,the,2024-05-18,1.196500,1.238400,0.041900,1.316300,1.310000
2024-05-19_the,the,2024-05-19,0.663700,0.699600,0.035900,1.242900,1.265800
2024-05-17_tha,tha,2024-05-17,0.545000,0.515100,-0.029900,1.796500,1.815900
2024-05-19_tha,tha,2024-05-19,0.638100,0.706100,0.068000,1.266800,1.286100
2024-05-22_the,the,2024-05-22,1.263500,1.222900,-0.040600,0.731600,0.814900
2024-05-23_tha,tha,2024-05-23,0.970900,1.150600,0.179700,1.252000,1.071700
2024-05-23_the,the,2024-05-23,1.223500,1.186100,-0.037400,0.770700,0.857200
2024-05-24_the,the,2024-05-24,0.462700,0.559600,0.096900,1.403100,1.345800
2024-05-31_tha,tha,2024-05-31,0.080600,1.217400,1.136800,5.549700,1.700400
2024-05-31_the,the,2024-05-31,1.436000,1.565600,0.129600,2.825000,2.735300
2024-05-20_the,the,2024-05-20,1.285200,1.132400,-0.152800,0.974400,1.116100
2024-05-19_thd,thd,2024-05-19,0.787900,0.786000,-0.001900,1.227100,1.294700
2024-05-24_tha,tha,2024-05-24,0.362300,0.522800,0.160500,2.014900,1.584900
2024-05-23_thd,thd,2024-05-23,1.165300,1.045100,-0.120200,1.016000,1.455900
2024-06-03_the,the,2024-06-03,0.012900,1.140100,1.127200,1.212900,1.272900
2024-05-31_thd,thd,2024-05-31,0.102500,1.697500,1.595000,2.616600,1.311900
2024-06-08_thd,thd,2024-06-08,0.913200,3.675200,2.762000,19.375200,8.212100
2024-06-08_the,the,2024-06-08,0.354200,3.968600,3.614400,2.754900,0.373300
2024-06-28_the,the,2024-06-28,0.180300,3.983500,3.803200,12.797400,2.061200
2024-06-28_thd,thd,2024-06-28,0.266400,0.403900,0.137500,1.818400,10.327100
2025-05-27_thd,thd,2025-05-27,0.547200,7.339300,6.792100,18.479800,5.021000
2025-05-29_tha,tha,2025-05-29,0.259900,1.103500,0.843600,3.586700,1.594300
2025-05-29_the,the,2025-05-29,0.327700,1.019800,0.692100,3.173800,1.639400
2025-05-27_the,the,2025-05-27,0.671700,7.658500,6.986800,12.841400,1.604000
2025-06-01_tha,tha,2025-06-01,1.606500,1.104900,-0.501600,5.782800,1.467800
2025-06-01_thd,thd,2025-06-01,1.057200,0.992000,-0.065200,3.798100,1.572500
2025-06-01_the,the,2025-06-01,0.480400,1.034900,0.554500,3.119100,1.553200
2025-05-29_thd,thd,2025-05-29,0.187300,1.150800,0.963500,3.877700,1.347100
2025-06-02_thd,thd,2025-06-02,0.093600,0.060500,-0.033100,1.464700,1.017100
2025-06-03_thd,thd,2025-06-03,0.555100,1.537400,0.982300,1.972400,1.226800
2025-06-04_thd,thd,2025-06-04,1.017900,1.449900,0.432000,2.440400,2.021100
2025-06-04_the,the,2025-06-04,0.373900,2.031400,1.657500,2.562800,0.890300
2025-06-03_tha,tha,2025-06-03,1.352900,1.360700,0.007800,1.322700,1.286500
2025-06-05_tha,tha,2025-06-05,0.585400,0.623600,0.038200,2.323800,2.283600
2025-05-27_tha,tha,2025-05-27,0.307100,6.597600,6.290500,16.850100,4.267700
2025-06-02_tha,tha,2025-06-02,0.127000,0.074700,-0.052300,1.300600,0.979600
2025-06-09_the,the,2025-06-09,5.211900,0.741600,-4.470300,3.096900,4.524900
2025-06-09_thd,thd,2025-06-09,1.613800,1.357300,-0.256500,1.188700,1.717400
2025-06-07_thd,thd,2025-06-07,0.368400,0.050800,-0.317600,1.438000,1.155300
2025-06-06_thd,thd,2025-06-06,0.852600,1.108700,0.256100,1.527900,1.284100
2025-06-11_thd,thd,2025-06-11,1.435100,1.150700,-0.284400,0.799800,1.352200
2025-06-08_the,the,2025-06-08,0.262100,0.046100,-0.216000,1.154700,0.729400
2025-06-11_tha,tha,2025-06-11,1.408200,1.083100,-0.325100,0.813100,1.401300
2025-06-07_the,the,2025-06-07,0.315200,0.051700,-0.263500,1.162800,0.780800
2025-06-08_tha,tha,2025-06-08,0.535000,0.068200,-0.466800,1.317100,1.283200
2025-06-07_tha,tha,2025-06-07,0.388600,0.059500,-0.329100,1.363700,1.217400
2025-06-08_thd,thd,2025-06-08,0.633200,0.058300,-0.574900,1.233300,1.205400
2025-06-17_the,the,2025-06-17,1.005900,0.912800,-0.093100,1.104600,1.404600
2025-06-03_the,the,2025-06-03,0.191700,1.170500,0.978800,1.517400,1.012000
2025-07-02_thd,thd,2025-07-02,0.910700,1.376600,0.465900,1.643200,1.527900
2025-07-01_the,the,2025-07-01,0.805200,0.505800,-0.299400,1.393200,2.180800
2025-07-07_tha,tha,2025-07-07,0.338700,1.580000,1.241300,1.732900,0.958100
2025-07-05_tha,tha,2025-07-05,0.138700,0.852600,0.713900,1.697000,1.321900
2025-07-03_tha,tha,2025-07-03,6.030200,2.939400,-3.090800,4.946700,6.839100
2025-07-11_thd,thd,2025-07-11,0.094500,1.131900,1.037400,2.749800,1.319500
2025-07-11_the,the,2025-07-11,3.061000,0.429500,-2.631500,3.265100,2.195200
2025-07-06_tha,tha,2025-07-06,1.324800,1.660800,0.336000,1.207000,1.021900
2025-07-08_thd,thd,2025-07-08,0.097600,0.679900,0.582300,2.277200,1.713800
2025-07-12_thd,thd,2025-07-12,0.081900,1.246700,1.164800,2.090600,1.203600
2025-07-10_the,the,2025-07-10,0.024800,1.177800,1.153000,0.657100,0.563300
2025-07-05_thd,thd,2025-07-05,0.924300,0.707600,-0.216700,1.284000,1.340600
2025-07-23_thd,thd,2025-07-23,0.524400,1.048400,0.524000,2.221600,1.259800
2025-07-13_the,the,2025-07-13,0.159400,1.124000,0.964600,2.801900,1.130500
2025-07-22_tha,tha,2025-07-22,0.243600,1.189700,0.946100,2.391300,1.446600
2025-07-22_thd,thd,2025-07-22,1.119000,1.184200,0.065200,1.753600,1.527100
2025-08-08_the,the,2025-08-08,3.820300,4.391100,0.570800,5.515600,4.796400
2025-08-09_thd,thd,2025-08-09,0.108400,0.934300,0.825900,2.378600,1.226100
2025-08-09_the,the,2025-08-09,0.133000,1.025800,0.892800,2.000600,1.315800
