eid,sza_med,Dn_1d,Dn_radial,dDn,EB_1d,EB_radial
2007-08-08_tha,15.417819418249039,0.6577,0.1605,-0.4972,2.4045,2.864
2007-08-10_tha,15.752343246925221,1.1226,1.0617,-0.060899999999999954,1.7247,1.9625
2007-08-11_thc,16.023938743055304,1.0813,1.0154,-0.06589999999999985,1.1089,1.2619
2007-08-11_thd,15.97801896209619,1.0308,0.9673,-0.06349999999999989,1.0363,1.3523
2007-08-12_tha,15.156220166272364,0.0318,0.0802,0.04839999999999999,3.1168,2.8343
2007-08-12_thc,15.505922928301965,0.084,0.0334,-0.050600000000000006,3.6001,3.5857
2007-08-09_tha,15.728814313871096,1.1408,1.0785,-0.06230000000000002,1.7508,1.9908
2007-08-12_thd,15.446323148434997,0.05,0.0339,-0.016100000000000003,3.5835,3.5764
2007-08-13_thb,15.448874573263767,0.0231,0.011,-0.0121,3.5996,3.4838
2007-08-13_thd,15.558823548312212,0.0104,0.0102,-0.0001999999999999988,3.821,4.2354
2007-08-13_the,15.612290783814132,0.0157,0.0131,-0.002599999999999998,4.3296,3.4666
2007-08-11_thb,16.016530256696427,1.127,1.0837,-0.043299999999999894,1.4377,1.6385
2007-08-11_tha,15.770123135319617,1.2918,1.3099,0.018100000000000005,2.3147,2.4904
2007-08-15_tha,15.539742675905474,0.0603,0.1399,0.0796,3.9784,3.9109
2007-08-15_thb,15.787127799047447,1.7427,1.6796,-0.06309999999999993,0.726,0.8635
2007-08-12_thb,15.542715220376087,0.8386,0.1278,-0.7108,2.9969,3.5919
2007-08-15_thc,16.259409294072604,1.3532,1.3536,0.00039999999999995595,1.4565,1.4603
2007-08-15_the,15.879631476287528,1.5321,0.1494,-1.3827,0.96,2.1472
2007-08-13_thc,15.497249423262186,0.0164,0.01,-0.006400000000000001,3.564,3.6427
2007-08-13_tha,15.438507015729437,0.0309,0.0234,-0.0075,4.318,3.8846
2007-08-16_thb,15.277901594588098,0.1229,0.9058,0.7829,2.6606,2.1707
2007-08-16_thc,15.541610479359385,0.7591,0.8702,0.11109999999999998,1.9732,1.6173
2007-08-16_thd,15.288916331712961,0.0211,0.939,0.9178999999999999,3.3383,2.0562
2007-08-17_thc,15.0639481385307,0.0306,0.9908,0.9602,2.9895,1.6767
2007-08-11_the,16.111291787908797,1.0549,0.1724,-0.8825,0.9192,3.2724
2007-08-19_thb,15.96821337126184,0.029,0.7936,0.7646,3.4366,1.7568
2007-08-15_thd,15.764561288498529,1.3836,0.2917,-1.0918999999999999,1.376,2.0621
2007-08-19_thd,16.293067487831287,0.0295,0.9487,0.9192,2.8344,1.3873
2007-08-19_the,16.043900998071525,0.031,1.0293,0.9983000000000001,2.9038,1.3813
2007-08-16_tha,14.841689726147699,0.0186,0.6145,0.5959000000000001,2.907,2.2192
2007-08-17_thb,15.033181521850157,0.0696,1.0105,0.9409,4.0548,2.0371
2007-08-17_tha,15.054487120000022,0.0444,1.0305,0.9861,2.7764,1.5079
2007-08-19_tha,15.283177388607202,0.0327,0.9669,0.9342,2.3086,1.2726
2007-08-22_tha,19.960868394484905,1.1063,1.1009,-0.005400000000000071,1.3052,1.3499
2007-08-16_the,15.537067538587788,0.0198,0.9331,0.9133,3.3098,2.1759
2007-08-22_thd,17.653005359492052,1.0207,1.0,-0.02069999999999994,1.4365,1.6394
2007-08-22_thc,18.142832791694097,1.024,0.9897,-0.0343,1.2912,1.6447
2007-08-22_the,17.836870141409957,1.0062,0.9635,-0.04269999999999996,1.5485,1.8383
2007-08-17_the,15.828049608206024,0.0236,0.9872,0.9636,2.7984,1.5675
2007-08-22_thb,17.452298491170207,1.0089,0.9872,-0.02169999999999994,1.2597,1.4925
2007-08-25_thb,14.327719601826637,0.0216,1.0461,1.0245,2.9114,1.1953
2007-08-25_tha,14.28261746852237,0.1313,3.3593,3.228,7.3591,2.9528
2007-08-25_thc,14.33329612481136,0.0254,1.0656,1.0402,2.8277,1.1947
2007-08-26_thd,16.597267141385995,0.6787,0.6457,-0.03299999999999992,1.7351,1.6677
2007-08-26_the,16.685900615889217,0.7288,0.6449,-0.08389999999999997,1.5901,1.5855
2007-08-27_thb,15.566875689919222,0.7425,0.6246,-0.1179,1.4491,1.4205
2007-08-25_the,14.454810814744736,0.0223,0.9841,0.9618,2.7351,1.2659
2007-08-17_thd,15.609889969978783,0.0315,0.9783,0.9468,3.401,1.7273
2007-08-26_thb,16.747145002431743,0.8968,0.7103,-0.1865,1.3104,1.36
2007-08-26_thc,16.3585063829066,0.676,0.6338,-0.042200000000000015,1.627,1.6114
2007-08-25_thd,14.380365802855799,0.0239,1.042,1.0181,2.7766,1.1967
2007-08-26_tha,19.0454264282782,0.726,0.6487,-0.07729999999999992,1.0376,1.0981
2008-06-28_thb,28.01995698602074,0.168,1.1047,0.9367,4.2446,1.4676
2008-07-02_thb,27.09239718770253,0.0983,1.8132,1.7148999999999999,10.7109,1.5098
2008-07-12_thc,22.353124197994035,0.9976,0.999,0.0013999999999999568,3.7048,1.5224
2008-07-14_thc,22.118607036606708,1.1167,2.4102,1.2935,7.8859,2.7028
2008-07-16_thc,21.873378671659438,0.1267,0.803,0.6763,5.4367,2.6333
2008-07-20_thc,21.282870265855856,0.0191,1.2896,1.2705000000000002,4.3129,1.2331
2008-07-18_thc,21.594958434387017,0.0448,0.8688,0.8240000000000001,3.7793,1.6969
2008-07-24_thc,20.539881873968017,3.633,3.3032,-0.3298000000000001,3.2815,3.2662
2008-08-18_the,16.35858229549617,1.3809,1.2056,-0.1753,1.7102,1.7685
2008-08-18_thd,15.90828494670081,0.7524,0.7336,-0.018799999999999928,1.3402,1.5787
2008-08-26_thc,14.80467103072116,5.6535,4.8235,-0.8300000000000001,4.4531,6.1421
2008-08-28_thb,12.127900141181884,0.0864,5.2338,5.147399999999999,12.4706,6.5071
2008-08-30_thc,13.214293668577694,0.0304,1.0881,1.0577,3.0406,1.2756
2008-08-28_thc,14.391625476480153,0.0221,1.1141,1.092,3.5582,1.8482
2008-09-01_thb,14.472069112431795,0.0412,1.3393,1.2981,3.3556,0.7057
2008-09-05_thb,9.06497210726978,0.8051,1.6537,0.8485999999999999,11.8841,8.5636
2008-09-03_thc,11.14016362509749,0.0208,0.5281,0.5073,5.4418,3.0119
2008-09-05_thc,10.143907056950686,0.1948,0.2893,0.0945,3.4403,3.0983
2008-09-07_thc,9.137439251914197,0.7613,3.8339,3.0726,12.2117,4.5908
2008-09-08_thc,5.5983480459951025,3.3265,3.8703,0.5438000000000001,6.5617,5.821
2008-09-09_thb,8.375378763029248,0.4893,3.7566,3.2673,17.3015,7.5175
2008-09-06_thc,6.3918151353711625,4.2217,4.2113,-0.010400000000000631,6.0333,6.0908
2008-09-10_thc,4.79040934058547,0.0379,0.1225,0.0846,4.1709,3.187
2008-09-09_thc,8.138750146932532,0.2588,1.4017,1.1429,5.7949,1.9506
2008-09-12_thb,7.5068492339992705,0.0535,1.1788,1.1253,7.0362,4.3443
2008-09-04_thc,7.167590057010759,0.515,0.4996,-0.015400000000000025,10.6707,10.7307
2008-09-13_thb,8.687448850187344,0.06,0.5129,0.4529,5.814,3.4321
2008-09-14_the,8.112536921352378,3.5874,3.4269,-0.1605000000000003,2.0909,2.5359
2008-09-14_thd,7.40774336474662,4.5909,5.4798,0.8888999999999996,2.5982,2.7221
2008-09-16_thb,9.603573335822059,0.5508,5.5124,4.961600000000001,17.1507,6.1783
2008-09-14_thc,3.172378172710324,0.4201,4.3769,3.9568,9.7028,2.9081
2008-09-18_thc,1.5883466594028344,0.1178,0.8781,0.7603,6.0021,2.6679
2008-09-16_thc,2.376490156610757,0.5002,1.126,0.6257999999999999,5.3773,1.7141
2008-09-15_thc,5.550476025181976,0.2829,3.8481,3.5652,11.191,2.5515
2008-09-20_thb,11.58340919766757,0.1366,2.3707,2.2340999999999998,15.0692,4.2551
2008-09-20_thc,0.7905594014414252,0.0684,0.9241,0.8557,4.3722,1.6451
2008-09-21_thb,11.693348940979018,0.0749,1.0454,0.9705000000000001,6.5308,1.7703
2008-09-17_thb,9.938306446297483,0.3597,1.1893,0.8296,6.0049,1.6471
2008-09-24_thb,14.242083338923827,0.0181,0.8235,0.8054,5.3481,1.8431
2008-09-25_thb,14.229757546143643,0.018,0.8145,0.7965,5.3578,1.8429
2008-09-29_thb,16.194014374652806,0.0254,0.9854,0.9600000000000001,5.2628,1.5268
2008-09-30_thc,6.982406049223068,0.0725,1.1184,1.0459,3.8028,0.9663
2008-09-28_thb,16.32719634340572,0.0257,0.9629,0.9372,4.7346,1.6463
2009-07-23_thc,13.935932390614786,0.5535,0.9115,0.358,4.3834,1.7596
2009-07-25_thb,10.608577838548403,3.9239,4.0024,0.07849999999999957,4.7398,4.7002
2009-07-13_thb,11.832502463096706,0.1515,1.3006,1.1491,16.4548,0.8876
2009-07-17_thb,11.313379225161087,0.062,0.7826,0.7205999999999999,7.2823,3.1025
2009-07-21_thb,10.83194839013048,6.0587,6.126,0.06730000000000036,5.6522,5.8228
2009-08-07_thc,12.524762201543437,5.2988,5.5579,0.2591000000000001,3.819,3.8975
2009-07-30_thc,16.131001325320856,1.0164,1.0455,0.029100000000000126,1.6091,1.58
2009-08-05_thc,12.392115468966242,1.5189,1.4647,-0.054200000000000026,1.506,1.5653
2009-08-10_thc,12.017830564509667,3.456,2.9155,-0.5404999999999998,5.9174,7.0518
2009-08-08_thc,12.518075654992236,5.2965,5.5709,0.2744,3.9328,3.9731
2009-09-03_tha,15.790985666138466,0.0809,1.231,1.1501000000000001,8.4376,2.2341
2009-09-13_tha,12.268933528361504,1.0488,1.2406,0.19179999999999997,1.8518,1.4662
2009-09-13_thd,6.752865745965303,0.8181,2.1051,1.2870000000000001,1.6512,2.1503
2009-09-14_tha,12.159474908868178,1.231,1.2827,0.05169999999999986,1.3286,1.3381
2009-09-17_tha,10.344085036657866,1.1636,1.1656,0.0020000000000000018,0.9865,1.0185
2009-09-13_the,7.193773738970186,0.974,0.8745,-0.09949999999999992,1.7736,1.7557
2009-09-15_tha,11.822339034077897,1.0441,1.0806,0.03649999999999998,1.1734,1.1158
2009-09-25_thc,6.03545903187414,5.8066,5.9805,0.17389999999999972,5.0825,5.0551
2009-09-26_thd,1.3379062373945136,0.7368,0.72,-0.016800000000000037,2.4284,2.4132
2009-10-01_thc,1.2111052926580195,2.8211,3.2035,0.3824000000000001,4.2254,3.8088
2009-09-27_thd,0.9154634530992996,0.9162,0.9051,-0.011099999999999999,1.8664,1.7641
2009-09-27_the,1.3562778299982863,0.9893,0.9787,-0.010599999999999943,1.3572,1.4263
2009-10-05_thc,1.860273950900073,0.1254,4.4144,4.289,3.8866,4.3818
2009-10-02_thc,0.4381501883917706,1.3056,2.7148,1.4091999999999998,2.0294,3.2439
2009-09-26_the,1.7803702242870139,0.9713,0.9947,0.023399999999999976,1.3659,1.1601
2009-10-12_thb,18.507124370635854,3.4492,2.9224,-0.5267999999999997,7.2204,7.662
2009-10-13_thc,3.144210961893503,0.0218,0.9768,0.955,4.9015,2.0721
2009-10-16_thc,13.448138769810665,3.1331,3.6213,0.48819999999999997,5.8343,6.2439
2009-10-22_tha,5.890471197128214,1.2353,1.4699,0.23459999999999992,1.5673,1.3773
2009-10-20_thc,11.623389775800598,0.0209,1.0476,1.0267000000000002,5.5568,1.4532
2009-10-23_tha,6.527354168034111,0.6805,1.715,1.0345,3.0628,8.0388
2009-11-11_thb,14.489303074190852,8.3143,6.2537,-2.060599999999999,3.8399,5.6251
2009-11-12_thb,22.96306291857283,0.0143,0.012,-0.0023,4.2474,2.7486
2009-12-01_thb,22.06427909021081,4.4085,2.6257,-1.7828,4.5789,1.9375
2010-10-11_the,6.760087490333914,0.006,1.2967,1.2907,2.0575,1.4967
2010-10-11_tha,5.4206613637687,0.4931,1.2822,0.7891,1.9133,1.5546
2010-10-23_thd,12.013498908508618,1.3667,1.3284,-0.0383,1.2105,1.1999
2010-10-23_the,11.60554987947604,1.3701,1.4009,0.03079999999999994,1.2534,1.2564
2010-10-23_tha,11.280146573091102,1.3771,1.4017,0.024599999999999955,1.2582,1.2308
2010-10-11_thd,7.169633355677843,0.007,1.3065,1.2995,2.2085,1.5273
2010-11-10_the,17.951870835038733,1.962,2.1825,0.22050000000000014,2.046,1.9733
2010-11-10_tha,19.245990957565578,1.5765,1.9201,0.3435999999999999,2.9298,2.8359
2013-01-13_thd,14.32049284474317,0.69,0.9109,0.2209000000000001,1.914,1.7501
2013-01-18_thd,13.050727314211368,4.7775,4.815,0.03750000000000053,1.0915,0.9933
2013-01-19_tha,12.96150242914092,1.2577,1.2406,-0.017100000000000115,1.218,1.271
2013-01-26_tha,10.152805701349287,0.751,0.8625,0.11150000000000004,1.3619,1.2057
2013-01-26_thd,10.24170734276918,0.4918,0.7239,0.23209999999999997,2.1741,1.4137
2013-01-26_the,11.058334313039405,0.7087,0.7884,0.0797,1.5588,1.3465
2014-02-16_tha,1.2571917928560143,0.0492,2.0162,1.967,2.7244,0.9759
2014-02-15_the,6.77345471632457,0.9659,6.4775,5.5116,17.5441,4.2015
2014-02-19_the,5.678448129606294,0.3256,0.5776,0.252,1.3856,0.1599
2014-02-23_the,4.072038517071109,0.2296,3.1662,2.9366,10.3368,8.4648
2014-02-27_the,3.4275350782732064,1.97,1.7268,-0.24320000000000008,1.0277,0.9691
2014-02-28_tha,1.1640081668458853,0.6029,0.7591,0.1562,2.0739,1.7405
2014-02-27_thd,5.712020270456194,1.8186,2.0473,0.2286999999999999,2.2966,2.3094
2014-02-23_thd,6.332916086179013,39.9956,102.696,62.700399999999995,1.7009,0.6459
2014-03-20_the,1.3282307030271598,0.9825,0.9833,0.0007999999999999119,1.444,1.4585
2014-03-25_thd,0.7820250072438638,2.7266,2.7536,0.027000000000000135,1.0511,0.943
2014-03-26_the,3.273189226313563,0.5329,0.7851,0.2522,2.3722,2.1122
2014-04-05_tha,6.692250658691808,0.1817,9.1949,9.013200000000001,15.9997,3.7489
2015-03-17_tha,21.990252061345203,0.7086,2.409,1.7003999999999997,3.3547,1.4583
2015-03-17_the,21.800305668423132,0.4683,1.0092,0.5409000000000002,2.3746,1.0455
2015-04-14_thd,1.077443348370188,0.2461,11.2006,10.9545,14.4736,4.2057
2015-04-14_the,0.9961243660103046,0.0405,8.341,8.3005,9.2867,2.5724
2015-04-15_tha,1.825693129826531,0.9724,4.1008,3.1283999999999996,15.8355,4.6412
2015-04-15_the,1.1329209083823466,0.2202,1.3139,1.0937000000000001,5.13,1.0442
2015-04-15_thd,1.4205277364050846,0.2823,1.2178,0.9355,5.3531,1.2876
2015-04-16_thd,1.7594910422337442,0.2663,1.3454,1.0791,3.837,1.4298
2015-04-16_the,1.4291951536783147,0.2837,1.2777,0.994,3.8986,0.9095
2015-04-20_thd,3.1063070971156463,0.0538,1.5199,1.4661,3.0569,0.8964
2015-04-20_the,2.6413852305305787,0.0553,1.7903,1.735,3.8102,0.5488
2015-04-14_tha,2.065927922517688,0.0936,6.1528,6.0592,12.3807,4.3076
2015-04-16_tha,1.584741399492827,0.2,1.0488,0.8488,4.3485,1.0747
2015-04-21_tha,0.381569925171278,0.1187,1.3804,1.2617,3.9892,1.8238
2015-05-01_tha,2.113235119214632,1.0357,1.0424,0.006699999999999928,1.3393,1.3011
2015-05-06_the,7.402036955129247,1.1169,1.3427,0.2258,1.2298,1.1561
2015-05-07_thd,9.171082886959564,5.9466,5.8057,-0.14090000000000025,0.3865,0.418
2015-04-20_tha,0.6267495602104176,0.1266,5.344,5.2174000000000005,11.0289,1.6745
2015-05-20_thd,12.411381762233605,0.8236,0.8149,-0.008700000000000041,1.3314,1.376
2015-05-20_tha,6.6479738875842695,0.7438,0.6947,-0.04910000000000003,1.5652,1.6734
2015-05-07_the,7.6913030146366435,0.0822,0.0864,0.004200000000000009,3.9009,3.9608
2015-06-08_the,15.198460212279018,1.2369,1.8081,0.5711999999999999,2.2198,1.3468
2015-06-08_tha,11.000413121641182,0.2718,1.8255,1.5536999999999999,2.3765,1.3982
2015-06-08_thd,17.172865167397486,0.3401,1.5095,1.1694,2.1008,1.3577
2015-06-23_tha,14.972775303210208,1.3461,0.3735,-0.9726000000000001,1.4851,0.9192
2016-06-11_tha,20.666267111067274,1.0039,0.9225,-0.08140000000000003,2.0974,2.3146
2016-06-22_tha,21.475538517395414,6.7508,1.417,-5.3338,4.9352,0.638
2016-06-25_tha,21.89586907580214,0.8645,0.7669,-0.09760000000000002,1.3673,1.8965
2016-06-15_tha,19.768072137705182,0.7047,3.1086,2.4039,11.2677,2.4471
2016-06-23_tha,21.33645153184056,2.1805,0.8171,-1.3634,4.0955,2.0652
2016-06-26_tha,22.47649844780251,1.0848,1.1004,0.015600000000000058,1.135,1.1878
2016-06-24_thd,24.259631396406554,0.6874,0.7566,0.06920000000000004,3.5264,1.4178
2016-06-27_tha,22.355516109058584,1.185,1.1523,-0.03269999999999995,1.2717,1.2779
2016-06-24_tha,21.406372656388992,1.2783,1.1582,-0.1201000000000001,1.7472,1.7817
2016-06-30_tha,22.62163898795357,1.0249,0.963,-0.061899999999999955,0.7805,0.8752
2016-07-03_thd,24.519820481325272,1.6694,2.0975,0.42810000000000015,1.2743,1.3408
2016-07-02_the,23.077460210759448,0.6939,0.5778,-0.11609999999999998,1.1887,2.1435
2016-07-20_thd,23.136849892347236,6.9044,6.8347,-0.0697000000000001,2.4407,2.0928
2016-07-28_tha,23.832881280172302,0.1163,0.0575,-0.0588,17.0542,10.8085
2016-07-24_tha,23.716123015262575,1.2997,1.0926,-0.20710000000000006,1.3433,1.3041
2016-07-24_the,21.87908752985398,1.3755,1.0921,-0.2833999999999999,1.505,1.7466
2016-08-03_tha,23.327272512556362,0.1336,0.9078,0.7742,1.8283,1.3642
2016-07-25_tha,23.943810099957062,0.532,0.0126,-0.5194000000000001,3.4829,5.2288
2016-07-28_the,21.347552241258725,0.2352,0.3377,0.10250000000000001,2.792,2.3502
2016-08-02_tha,24.455917772793168,2.7663,1.7926,-0.9737000000000002,1.3836,1.5422
2016-08-02_thd,20.373873650174463,0.5944,1.3896,0.7951999999999999,9.6338,1.7767
2017-08-04_the,20.710541540892702,0.151,1.3057,1.1547,4.6492,2.8107
2017-08-06_tha,22.023108360907894,1.3134,1.3723,0.058900000000000174,1.2734,1.6398
2017-08-07_tha,21.548979480149708,0.034,0.0306,-0.0034000000000000037,4.0984,3.1362
2017-08-08_tha,21.384655336431877,1.071,0.914,-0.15699999999999992,1.4775,1.8417
2017-08-10_tha,21.16876638389545,1.212,1.0178,-0.19419999999999993,1.5288,1.599
2017-08-05_tha,22.719347923633745,1.5305,1.3288,-0.2017,1.7874,1.8763
2017-08-17_the,15.318280849133055,1.6817,1.5451,-0.13660000000000005,1.532,1.7371
2017-08-16_the,15.458086465450862,1.0711,1.0649,-0.006199999999999983,1.4484,1.5898
2017-08-12_the,17.819132881400055,1.0709,1.2421,0.17120000000000002,1.449,1.3061
2017-08-22_the,13.136613750705772,1.267,1.2991,0.03210000000000002,2.4748,2.6315
2017-08-22_thd,10.717909822079477,1.6947,1.8914,0.19669999999999987,0.4915,0.4602
2017-08-19_the,15.041812255468756,2.4349,2.4061,-0.028799999999999937,3.0891,3.2937
2017-08-21_the,13.887176604267419,0.9899,0.9784,-0.011499999999999955,1.0924,1.1403
2017-08-24_the,12.347460613794219,0.0128,0.0128,0.0,1.671,1.7243
2017-08-25_tha,14.892614423781362,0.9957,1.3564,0.3607,2.3562,1.8459
2017-08-26_tha,14.36778846973559,0.0276,0.0305,0.0029,2.4303,2.4777
2017-08-25_the,12.653543269956993,0.8875,0.9131,0.025600000000000067,1.4857,1.4413
2017-09-03_tha,10.46802313168055,0.8167,0.93,0.11330000000000007,1.9579,1.572
2017-09-01_thd,7.086736863902113,0.1886,0.1446,-0.043999999999999984,2.9987,3.1469
2017-09-04_tha,9.596363676782492,1.1484,1.2395,0.09109999999999996,1.097,0.7976
2017-09-02_tha,11.15304703545449,0.889,0.771,-0.118,6.46,6.797
2017-09-01_tha,11.729342640726209,1.0446,1.0689,0.02429999999999999,2.5701,2.5235
2017-08-30_tha,11.884496911167963,0.8926,0.8748,-0.017799999999999927,1.4447,1.5245
2017-09-06_the,6.439010456603366,0.0371,0.0305,-0.006600000000000002,2.8422,3.0818
2017-09-05_the,7.180462333624684,0.7468,0.783,0.03620000000000001,2.7347,2.5784
2017-09-15_tha,4.278083584096113,0.6697,1.1201,0.45040000000000013,3.7391,1.3193
2017-09-15_thd,0.10157402665939712,1.2983,1.4353,0.137,1.1646,1.074
2017-09-12_the,4.052290808919849,1.2548,1.8353,0.5805,3.0808,4.5216
2017-09-11_tha,6.356711606175727,0.5713,1.1637,0.5923999999999999,5.4318,1.3677
2017-09-15_the,2.263019975898112,2.8644,3.3998,0.5354000000000001,2.8476,3.3849
2017-09-16_tha,4.092428126065209,0.7464,0.9998,0.25340000000000007,3.6339,1.2322
2017-09-08_tha,8.569473426236227,0.5896,0.5078,-0.08179999999999998,2.1337,1.8917
2017-09-16_the,3.5443603766196663,0.866,1.1037,0.2376999999999999,3.803,4.1338
2017-09-17_the,1.9971595829418478,0.6019,0.8178,0.21589999999999998,3.9122,3.5389
2017-09-18_tha,3.08890063711938,1.1978,1.4207,0.2229000000000001,4.2361,1.2787
2017-09-14_tha,4.25363354825939,0.1361,0.4785,0.3424,2.3122,1.2577
2017-09-19_the,0.8778514324037535,0.1683,0.9548,0.7865,3.1418,2.3328
2017-09-18_the,1.5774756978514306,3.4052,4.6613,1.2561,3.7594,4.7764
2017-09-20_the,0.026675635943349783,0.1766,1.0543,0.8777,2.4442,1.4684
2017-09-07_tha,8.055306407365649,0.7836,0.497,-0.28659999999999997,2.0872,1.902
2017-09-23_the,1.453330718690378,0.0131,0.0307,0.0176,3.9815,3.0568
2017-09-27_thd,5.404386014038295,0.4103,1.4066,0.9963000000000001,3.1804,1.3042
2017-09-27_the,3.0838605514324984,0.8527,1.5324,0.6797,5.3219,3.327
2017-09-22_the,1.2291060723971377,0.4307,0.812,0.38130000000000003,2.2356,1.9088
2017-09-28_the,4.021196032163189,0.3111,1.1516,0.8405,4.9724,1.8814
2017-09-27_tha,2.6874344371724637,0.3341,2.5355,2.2014,2.8557,1.5935
2017-10-12_the,9.818207114585904,0.6708,1.1044,0.4336000000000001,5.9305,1.5337
2017-10-11_the,8.87933290162847,0.057,0.8772,0.8201999999999999,4.7075,2.1177
2018-08-26_tha,9.014474559179508,0.1787,2.609,2.4303,1.8406,1.3296
2018-08-31_thd,19.872618451620802,0.8845,1.0447,0.1602,1.7242,1.4879
2018-08-26_thd,10.433229342955165,0.7881,1.1685,0.38040000000000007,2.7289,1.4881
2018-09-04_thd,4.2424149480205875,0.5045,1.6848,1.1803000000000001,5.5851,0.8602
2018-09-07_the,3.196409699972924,0.2084,1.1852,0.9768,6.1386,0.6124
2018-09-11_tha,0.4530207535383967,0.5768,2.964,2.3872,5.9283,2.9673
2018-09-11_thd,0.29515903677574024,0.3794,0.7339,0.3545,3.6038,2.0529
2018-09-10_the,0.5477835498013215,0.1705,1.066,0.8955000000000001,4.0295,1.6354
2018-09-14_thd,13.339672101664192,0.4355,3.4646,3.0290999999999997,8.5933,7.1629
2018-09-13_tha,1.3468663283736042,0.1126,1.0453,0.9326999999999999,2.7346,1.235
2018-09-10_thd,1.3006137704768626,0.3605,0.6962,0.33570000000000005,3.283,1.875
2018-09-13_the,0.560323816198601,0.5305,1.1339,0.6033999999999999,3.7045,1.0984
2018-09-14_tha,1.824470517649698,0.216,1.1037,0.8876999999999999,4.382,1.4145
2018-09-16_the,1.681992807016562,0.5546,4.3315,3.7769000000000004,12.1058,3.468
2018-09-17_tha,2.4230552447908535,2.31,2.2599,-0.05010000000000003,0.7702,0.6172
2018-09-21_tha,5.41015317578079,2.3404,2.4329,0.09250000000000025,7.2051,6.967
2018-09-21_thd,10.59360481527491,0.9147,0.9688,0.05410000000000004,2.345,2.1624
2018-09-17_the,4.293460994348956,0.1384,3.2932,3.1548000000000003,9.3417,4.6378
2018-09-17_thd,3.585729654327411,0.3256,0.7243,0.39870000000000005,4.0297,2.3886
2018-09-23_tha,6.467406604358873,1.4351,1.1729,-0.2622,14.7222,15.3727
2018-09-23_thd,5.523009676493357,3.3764,4.4461,1.0697000000000005,6.9365,5.9531
2018-09-23_the,4.057045960720378,0.1434,1.492,1.3486,2.7979,1.3048
2018-09-24_the,4.887094357447848,0.0508,0.0566,0.0058,4.1384,3.629
2018-09-22_thd,4.266573393401273,0.121,1.5839,1.4629,2.3118,1.3685
2018-09-18_thd,2.721411147731559,0.1442,0.8502,0.706,4.6172,2.4993
2018-09-21_the,3.979702117805184,5.2142,7.5972,2.383,5.776,4.3852
2018-09-18_tha,3.0252155290740688,1.2505,1.3456,0.09509999999999996,2.3627,1.9267
2018-09-24_thd,6.954408428888952,0.2347,0.0719,-0.1628,26.0519,20.2141
2018-09-25_thd,5.54810142059328,0.0494,0.0513,0.001899999999999999,24.9176,25.0666
2018-09-26_tha,7.259804891428878,0.8823,0.8688,-0.013499999999999956,1.6937,1.6578
2018-09-26_thd,6.367287922332009,4.3233,4.6182,0.29490000000000016,7.3891,6.6879
2018-09-28_the,6.307627642546491,3.7837,4.2641,0.48039999999999994,3.8994,3.7545
2018-09-26_the,6.202144807724321,0.7858,1.1326,0.3468,2.0112,1.2945
2018-09-29_thd,7.211264128471827,8.7707,8.5871,-0.1836000000000002,5.3673,5.5735
2018-09-27_tha,8.107332534512386,0.998,1.1144,0.11640000000000006,1.8136,1.9255
2018-09-29_the,7.038329353524347,6.4014,6.439,0.0376000000000003,4.986,4.9445
2018-09-27_thd,7.013098576826637,6.5685,6.6527,0.08420000000000005,3.9812,3.9281
2018-09-25_the,5.862648577364738,7.6787,6.7236,-0.9550999999999998,1.2137,1.0495
2018-10-03_the,8.512292715709593,0.417,0.6468,0.22980000000000006,3.7092,2.8419
2018-09-27_the,8.953062255162612,1.1606,1.1709,0.010299999999999976,1.2774,1.2962
2018-09-22_tha,5.819955262700879,1.2578,1.5905,0.3327,1.9734,2.8315
2018-09-30_thd,8.259608643323707,2.0244,2.9831,0.9586999999999999,5.8387,3.985
2018-09-30_the,7.967010754275855,0.0314,0.2053,0.1739,4.3681,6.7978
2018-10-01_the,8.378103899780992,5.965,6.0723,0.1073000000000004,2.4223,2.4796
2018-10-04_the,9.176627731683475,0.1139,0.1185,0.004599999999999993,2.3381,2.3501
2018-09-30_tha,9.982282930975678,1.4541,1.4622,0.008099999999999996,1.0921,1.0707
2018-10-01_thd,10.784248880430313,0.111,5.2154,5.1044,14.2041,6.402
2018-10-06_the,10.472577740944033,1.532,1.5344,0.0023999999999999577,0.9534,0.958
2018-10-15_tha,16.76841740281285,2.7243,2.2967,-0.4276,2.9907,2.9228
2018-10-17_the,15.475365154333426,1.1663,1.093,-0.07329999999999992,1.9542,2.2616
2018-10-21_tha,19.53389560385602,2.1753,1.7817,-0.39359999999999995,1.8838,2.3167
2018-10-23_tha,20.49680203404792,5.4723,1.3823,-4.09,11.4839,3.0419
2018-10-25_thd,17.648072552432218,1.7621,1.9155,0.15339999999999998,2.6011,1.3167
2018-10-16_tha,16.764537328068045,2.8318,2.2512,-0.5806,3.0863,2.758
2018-10-25_tha,20.260871456924033,0.1631,1.1979,1.0348,4.9238,1.0662
2018-10-24_tha,19.963936060930248,0.8524,0.7938,-0.058600000000000096,2.2673,1.8443
2018-10-30_thd,18.23340795823644,5.3477,5.3801,0.032399999999999984,4.5894,4.6841
2018-10-28_the,18.000723728262347,1.5053,1.3906,-0.11470000000000002,1.3815,1.4157
2018-10-31_the,19.57646379938502,4.7402,4.6492,-0.0909999999999993,5.3919,5.7917
2018-11-01_tha,22.706963031261914,0.0135,1.4262,1.4126999999999998,4.2432,0.7707
2018-11-02_thd,18.732118365960194,5.7824,5.9997,0.21729999999999983,3.2105,3.419
2018-11-02_the,19.49782967342011,3.9437,2.3321,-1.6116000000000001,3.804,1.9695
2018-10-27_thd,17.505026381091096,1.7953,1.5282,-0.2670999999999999,2.8114,2.2336
2018-10-27_the,18.986071263843964,0.1343,2.1177,1.9834,9.9463,7.5361
2018-10-30_the,19.322073502330728,1.1866,1.1241,-0.0625,1.4931,2.1002
2018-11-03_the,20.09990108793714,1.008,1.1197,0.11169999999999991,2.0084,1.3473
2018-10-29_thd,17.47206637406469,0.7946,0.3452,-0.44939999999999997,1.4767,2.5618
2018-11-06_thd,20.094726943126652,0.0597,1.3382,1.2785,3.0516,0.9499
2018-11-01_thd,19.41764620684923,1.6052,1.465,-0.14019999999999988,0.8296,0.7305
2018-11-04_the,20.839754097010303,4.3922,4.4368,0.04459999999999997,4.8711,4.5968
2018-11-07_the,20.809042339531576,0.0679,1.1482,1.0803,4.1846,1.5999
2018-11-03_thd,19.39001824346405,5.0258,4.8562,-0.16959999999999997,4.6853,4.9893
2018-11-08_thd,19.953052557245112,0.0339,0.8336,0.7997,3.7449,1.9785
2018-11-09_thd,20.409726397634625,0.1215,1.5179,1.3964,3.7388,1.1545
2018-11-09_the,22.147964566092416,0.0935,1.0092,0.9157000000000001,5.9431,1.9309
2018-11-07_thd,20.08655768277671,0.0286,0.9062,0.8776,4.628,2.3735
2018-11-10_thd,20.91122299438397,0.276,1.1976,0.9216,3.8968,1.152
2018-11-05_thd,19.155822237523886,2.5486,2.2815,-0.2671000000000001,3.6585,4.5979
2018-11-06_the,22.47814455680804,3.0328,2.5397,-0.4931000000000001,3.4803,2.9695
2018-11-11_the,23.46277854112857,0.9127,0.9173,0.0046000000000000485,1.745,1.3718
2018-11-12_thd,20.461252098195104,0.5039,1.3076,0.8037000000000001,4.6417,1.3083
2018-10-29_the,18.614480637529752,1.436,1.442,0.006000000000000005,1.8809,2.3693
2019-10-04_thd,27.93178539874187,4.3795,4.2936,-0.08590000000000053,3.1935,2.4908
2019-10-16_tha,19.90208440125536,0.0607,1.955,1.8943,4.6901,1.1345
2019-10-11_thd,24.975128490613415,1.1596,0.9925,-0.16709999999999992,1.1107,1.6152
2019-10-18_thd,22.18292005164772,1.5547,0.9417,-0.613,1.9346,2.4264
2019-10-24_thd,14.37458813833343,0.3387,6.1851,5.8464,12.3643,4.6123
2019-10-26_thd,13.928902242614893,1.1435,4.5511,3.4076,11.7786,4.2632
2019-10-30_the,17.500789955499258,1.3266,7.3769,6.0503,15.417,6.0756
2019-10-25_the,18.61894413719266,1.3188,1.255,-0.06380000000000008,1.6127,1.595
2019-10-29_thd,14.566972405689377,0.5516,5.3177,4.766100000000001,14.4784,6.5037
2019-10-24_the,15.97434410522244,0.2288,0.9693,0.7405,3.7587,1.2882
2019-10-30_tha,20.467388283250834,6.4022,5.8652,-0.5369999999999999,4.6139,5.2118
2019-10-25_tha,18.883988296630967,0.303,1.2493,0.9463000000000001,3.6946,1.5098
2019-10-26_tha,19.01857690468713,0.7494,1.3069,0.5575,6.7516,1.662
2019-10-29_the,17.0001923674314,0.073,0.9303,0.8573000000000001,2.7197,1.3306
2019-10-31_the,16.639822797822838,0.1618,9.6203,9.4585,20.1779,7.696
2019-10-28_thd,14.571605451263636,0.1668,5.5873,5.4205,4.2161,6.4021
2019-11-03_thd,15.713344930288526,2.443,1.5378,-0.9052,2.7385,2.9006
2019-11-05_the,17.558434615259653,0.0468,1.1031,1.0563,3.7904,1.5971
2019-11-03_the,17.8036575142011,0.0244,1.122,1.0976000000000001,5.3879,1.0884
2019-11-06_the,17.52222813086995,0.8557,1.178,0.3222999999999999,2.7997,1.6138
2019-11-04_thd,15.924839512362224,0.0409,0.745,0.7041,3.6497,2.2498
2019-11-04_the,17.602005451949086,0.0469,1.1364,1.0895000000000001,3.5729,1.4647
2019-10-31_thd,15.395318161094904,0.0534,1.0163,0.9629,0.8609,1.1847
2019-11-10_the,18.230788354532653,1.1706,1.143,-0.02760000000000007,1.1577,1.2729
2019-11-07_thd,15.997505345782724,1.045,0.8679,-0.17709999999999992,5.2363,5.3646
2019-11-08_the,18.397616054861757,1.0063,0.9518,-0.05449999999999999,1.4292,1.5721
2019-11-06_thd,15.859558135387985,1.7817,1.7675,-0.01419999999999999,2.1975,2.3198
2019-11-11_thd,17.89033533419891,4.2487,0.1812,-4.067500000000001,4.7362,4.7168
2019-11-10_tha,21.178489942830208,0.6071,0.6693,0.06220000000000003,3.2874,2.6052
2019-11-09_the,18.236854231946097,1.1879,1.1578,-0.030100000000000016,1.1296,1.2502
2019-11-05_thd,15.444962835686127,1.1247,0.3286,-0.7961,1.5208,2.5436
2019-11-05_tha,21.25962719440873,0.8771,0.9132,0.03610000000000002,1.1984,1.129
2019-11-12_the,18.603461479286683,0.2615,0.1852,-0.0763,1.5381,1.446
2019-10-30_thd,14.839111588340725,0.0609,0.788,0.7271000000000001,1.6173,1.3126
2019-11-28_tha,21.626657314528686,1.0771,1.1835,0.10640000000000005,1.4162,1.3161
2019-11-23_tha,21.60641008843775,0.9157,1.3858,0.47009999999999996,1.9717,1.6919
2019-11-22_tha,21.716084513880464,0.8835,1.183,0.2995000000000001,1.9846,1.8152
2019-11-29_tha,21.287250697385407,2.0896,0.0257,-2.0639,9.5952,2.614
2019-11-24_tha,21.355189830747815,0.9011,0.7262,-0.17490000000000006,1.2005,1.5986
2019-11-28_thd,17.627330163496175,1.5592,1.204,-0.35519999999999996,1.3704,1.8008
2019-12-02_the,19.031500163464408,1.1659,1.2264,0.0605,1.0613,1.0356
2019-11-30_tha,21.292609852126073,0.1746,0.0263,-0.14830000000000002,14.5083,2.3949
2019-11-30_the,19.11522256223056,1.5623,1.4448,-0.11749999999999994,1.3676,1.6491
2019-12-01_tha,20.844833447768156,1.0439,4.7669,3.723,6.1199,2.552
2019-12-03_the,19.175452411430403,1.1021,1.026,-0.07610000000000006,0.9748,1.0759
2019-12-04_the,18.895810977682853,0.8048,1.0723,0.26750000000000007,1.8086,1.4823
2019-12-03_thd,16.631391060448117,1.2773,1.2226,-0.05470000000000019,1.4799,1.6395
2019-12-06_thd,16.21113972045833,0.8392,1.3658,0.5266,2.6681,1.9045
2019-12-05_the,19.103391718599816,0.0146,1.026,1.0114,5.9296,1.5716
2019-12-10_thd,16.260633051758838,0.0867,1.1619,1.0752,2.4907,1.2668
2019-12-08_the,18.893363053127047,0.0328,1.5901,1.5573000000000001,2.273,0.8647
2019-12-09_the,18.58603646273136,0.0189,1.2717,1.2528000000000001,4.0628,1.298
2019-12-11_the,17.91829416487625,0.1219,3.8315,3.7096,14.0461,6.0626
2019-12-15_thd,21.882709556451985,3.4555,3.3849,-0.07059999999999977,4.7705,4.9134
2019-12-18_the,17.829634567810707,0.0403,1.0976,1.0573,2.496,0.9374
2019-12-18_thd,16.19451644540445,0.0523,1.705,1.6527,4.6592,1.7112
2019-12-19_thd,14.57728091286101,0.0794,1.3663,1.2869000000000002,4.7199,1.4002
2020-12-06_tha,11.850535461352038,0.0362,2.3859,2.3497,2.5222,0.6208
2020-12-09_tha,10.911118672969527,2.7324,2.1454,-0.5870000000000002,3.7001,2.0391
2020-12-09_the,12.119070855179874,0.0153,1.4666,1.4512999999999998,3.5883,1.2376
2020-12-09_thd,10.337456455126746,0.0407,4.8246,4.7839,11.037,4.49
2020-12-12_tha,11.13214695211652,1.0642,1.0669,0.0026999999999999247,1.2905,1.2898
2020-12-10_thd,10.27646350858964,1.2457,1.3533,0.10759999999999992,2.058,1.7904
2020-12-13_tha,10.954105662541041,0.0385,0.0368,-0.0017000000000000001,2.6179,2.697
2020-12-10_the,12.137725697483356,0.0688,0.99,0.9212,4.1051,2.0185
2020-12-10_tha,10.906585182719342,1.2764,1.2852,0.008799999999999919,1.75,1.8635
2020-12-16_thd,10.296298629217944,1.4508,1.7862,0.3353999999999999,1.0952,1.0104
2020-12-17_tha,9.874965703397782,1.031,1.0227,-0.008299999999999974,2.1381,2.2069
2020-12-16_the,11.827009475500256,1.8664,1.8727,0.006299999999999972,1.2585,1.0248
2020-12-18_thd,10.127666489583394,1.2057,1.2261,0.020399999999999974,0.991,0.9735
2020-12-18_the,11.66708905641854,1.0866,1.0998,0.0132000000000001,1.0271,0.9758
2020-12-16_tha,10.106924661505353,2.1497,2.3124,0.16269999999999962,1.7303,1.8677
2020-12-06_thd,11.170376805894017,0.0482,2.0226,1.9744000000000002,2.8572,0.6892
2020-12-20_tha,9.8793296116054,0.9142,0.9253,0.011099999999999999,0.844,0.8204
2020-12-20_thd,10.430230831766972,0.9461,0.9322,-0.013900000000000023,0.828,0.8061
2020-12-17_the,11.540843228306208,0.394,0.6504,0.25639999999999996,3.7782,3.4315
2020-12-21_thd,10.304223584059912,1.7872,1.8073,0.020100000000000007,1.6174,1.6401
2020-12-22_the,11.250715453770468,1.2418,1.3506,0.10880000000000001,2.0854,2.1847
2020-12-17_thd,10.01863923899442,1.036,1.0217,-0.01429999999999998,1.929,2.0441
2020-12-15_thd,10.527676040561149,0.7147,1.3737,0.6589999999999999,2.2129,1.3782
2020-12-26_the,10.911716196580011,0.6482,0.6207,-0.02749999999999997,2.4707,2.5817
2020-12-25_the,10.775707140477877,1.3202,1.3158,-0.0043999999999999595,1.3033,1.3433
2021-01-03_thd,9.168365099419457,1.4152,1.4388,0.023600000000000065,0.4156,0.3916
2021-01-04_tha,7.190744471747754,1.3091,1.3574,0.04830000000000001,1.0823,1.0672
2020-12-21_the,11.637110644984606,1.1273,1.1976,0.07030000000000003,1.6743,1.7561
2021-01-06_tha,7.313255688498781,6.3197,6.3413,0.021600000000000286,5.7109,5.8656
2021-01-04_thd,9.129210104876394,1.3925,1.4046,0.0121,0.9488,0.9508
2021-01-07_thd,8.494372268392253,0.8244,0.8033,-0.021100000000000008,1.9943,1.96
2021-01-07_the,9.00499691230783,1.173,1.1841,0.011099999999999888,1.243,1.25
2021-01-06_thd,8.833704524841115,0.7982,0.796,-0.0021999999999999797,1.8549,1.8443
2021-01-12_thd,8.211596062366054,0.9818,1.0611,0.07929999999999993,1.8093,1.576
2021-01-11_tha,5.929978938057895,0.621,0.9045,0.2835,1.976,1.9605
2021-01-13_tha,5.486231135881799,0.0414,1.1793,1.1379,3.481,1.7377
2021-01-09_the,8.644635159877655,1.2082,1.1988,-0.009399999999999853,1.0091,1.0275
2021-01-14_the,7.915424097097494,1.0169,1.0863,0.06940000000000013,1.9711,1.8859
2021-01-14_thd,7.957795500976315,0.0245,0.0333,0.008800000000000002,4.5441,3.4319
2021-01-15_thd,7.312462125670419,0.0091,1.0149,1.0057999999999998,4.2015,0.5085
2021-01-15_the,7.420624899439386,0.7128,0.8213,0.10850000000000004,2.6204,1.8276
2021-01-16_the,7.249158542505866,0.0368,0.9518,0.915,3.4013,1.5398
2021-01-18_thd,7.526796713310608,0.011,1.0803,1.0693000000000001,6.4426,1.7115
2021-01-13_the,7.920870958731141,1.0154,1.0789,0.06349999999999989,1.9878,1.8937
2021-01-13_thd,7.801051685793513,0.0263,0.0355,0.009199999999999996,3.7019,3.4776
2021-01-07_tha,6.229989110096459,0.8326,0.8771,0.044499999999999984,1.7278,1.7387
2021-01-17_thd,7.325823457523271,0.0193,1.0579,1.0386,7.9014,1.4761
2021-01-18_tha,4.611331497927143,0.0094,1.0209,1.0114999999999998,7.1429,1.7548
2021-01-17_the,7.377389752646954,0.0218,1.0012,0.9794,6.4802,1.2946
2021-01-19_tha,4.411076412515865,0.0289,1.055,1.0261,6.739,2.4893
2021-01-18_the,7.457597166896383,0.0093,1.1956,1.1863,5.9223,1.7389
2021-01-19_the,7.306016492103584,0.0172,1.1278,1.1105999999999998,3.4893,1.4515
2021-01-16_tha,4.323080662039166,0.0107,1.1035,1.0928,5.2768,1.265
2021-01-14_tha,4.953980108676862,0.0267,1.3209,1.2942,5.1407,1.7969
2021-01-20_the,6.865920265085111,0.0188,0.9605,0.9417,3.0873,1.3299
2021-01-12_the,8.397355988367035,0.9779,0.9848,0.006900000000000017,1.7348,1.7622
2021-01-16_thd,7.132093119517189,0.0157,0.9777,0.962,4.719,1.0927
2021-01-19_thd,7.499204691034471,0.0186,0.9958,0.9772000000000001,3.7955,1.8319
2021-01-23_the,5.768482778755097,0.016,1.0958,1.0798,4.7209,1.6564
2021-02-06_thd,12.402517084731018,0.0411,1.1729,1.1318000000000001,3.6164,1.8066
2021-02-06_tha,16.001817389493798,0.0671,1.5949,1.5278,3.9623,1.5693
2021-02-07_thd,8.2060557263048,0.0799,1.17,1.0900999999999998,3.1376,1.5363
2021-02-07_the,5.529606871083663,0.0517,0.8983,0.8466,3.8297,0.6787
2021-02-06_the,14.79173409162634,0.2083,1.075,0.8666999999999999,3.1088,0.773
2021-02-07_tha,9.959781983126602,0.0675,1.2079,1.1404,6.2822,1.4985
2021-12-29_thd,14.666494183143929,0.7352,5.8596,5.1244000000000005,2.1151,1.071
2021-12-29_tha,9.568466190014675,0.5524,6.8241,6.271699999999999,3.3269,1.3679
2021-12-30_tha,9.91205705191085,0.505,6.3207,5.8157000000000005,3.4144,1.4212
2021-12-30_the,14.963751297443418,0.2885,11.7815,11.492999999999999,3.1031,1.363
2021-12-30_thd,17.178654929277936,0.5734,4.3364,3.7630000000000003,3.0756,1.2029
2022-01-14_thd,11.572965626514481,0.0108,1.4341,1.4233,2.0539,1.2479
2022-01-14_the,9.937195854838958,0.1212,0.4539,0.3327,2.6587,2.3652
2022-01-14_tha,7.120666351052717,0.4024,0.8831,0.4807,2.4451,2.4079
2022-01-17_tha,6.663654401293456,0.0573,1.0024,0.9450999999999999,5.2129,1.4202
2022-01-09_tha,6.689222452276427,2.4248,33.3963,30.971499999999995,2.6467,0.7187
2022-01-15_tha,6.963257126318603,0.7784,0.8833,0.1049,2.4433,2.4668
2022-01-15_thd,12.120661630307445,1.2502,1.4971,0.24690000000000012,2.193,1.484
2022-01-15_the,10.079023565416984,0.1446,0.5548,0.41019999999999995,2.529,2.3349
2022-01-19_tha,7.223757421486224,0.6553,9.2727,8.6174,16.2753,4.8559
2022-01-21_thd,11.489939252439926,0.0723,0.9286,0.8563,2.655,1.5211
2022-01-19_thd,11.619318736407962,0.2289,1.8746,1.6457000000000002,5.3792,1.1181
2022-01-24_tha,6.330729494202441,1.0975,1.1036,0.006099999999999994,1.644,1.694
2022-01-21_tha,6.894255699983136,0.9183,1.0368,0.11849999999999994,1.6382,1.5735
2022-01-25_the,8.842866308849917,7.8357,7.5342,-0.3014999999999999,4.5375,4.536
2022-01-26_tha,6.719431050328865,1.2139,1.2365,0.022599999999999953,1.1643,1.1498
2022-01-27_the,9.174468978890426,2.7825,2.8015,0.018999999999999684,5.7972,6.0674
2022-01-25_thd,10.764522057920537,9.7755,9.9135,0.13800000000000168,3.3283,3.4341
2022-01-26_the,9.081537519777719,0.8976,1.0503,0.15270000000000006,1.2825,0.9737
2022-02-01_thd,10.209418691174355,0.6703,0.6058,-0.0645,1.5642,1.6662
2022-02-01_tha,6.013576923435528,0.9386,0.942,0.0033999999999999586,1.5292,1.5969
2022-02-01_the,8.06360484110095,0.8262,0.794,-0.032200000000000006,1.8337,1.8463
2022-01-27_thd,11.142084600498473,3.1952,3.2066,0.011400000000000077,5.4293,5.5523
2022-01-22_tha,8.104064179907885,1.0696,1.1063,0.036699999999999955,1.6489,1.4839
2022-01-28_the,9.028223564572274,0.7719,0.7875,0.015599999999999947,1.5518,1.5759
2022-01-28_thd,11.04882921721472,0.7867,0.748,-0.03869999999999996,1.6665,1.7321
2022-01-26_thd,11.016777956070234,1.0887,1.0486,-0.040100000000000025,1.0134,1.0195
2022-02-15_thd,8.700809680460946,0.1782,1.0232,0.8450000000000001,2.1953,1.6708
2022-02-16_tha,4.963374622833305,0.9537,0.9856,0.03190000000000004,1.978,1.9655
2022-02-15_tha,4.8712568124811515,0.067,0.0716,0.004599999999999993,2.262,2.1706
2022-02-13_tha,6.555787979677832,0.9366,0.9553,0.01870000000000005,1.7052,1.7027
2022-02-21_tha,4.53711705649462,0.8211,0.8929,0.07179999999999997,1.2334,1.1687
2022-02-21_the,6.399195177075825,0.9191,0.9067,-0.012400000000000078,1.2048,1.2265
2022-02-20_tha,4.81605203927098,0.8792,0.8913,0.0121,1.2781,1.2794
2022-02-16_thd,8.599561248065612,1.0646,1.1626,0.09800000000000009,1.7753,1.6023
2022-02-19_thd,8.575664756024386,1.3636,1.3878,0.0242,1.793,1.8253
2022-02-22_thd,7.75121924530724,1.2504,1.2915,0.041100000000000136,1.6363,1.6382
2022-02-22_tha,4.1948797707463195,1.0535,1.1915,0.1379999999999999,1.8124,1.4112
2022-02-26_thd,7.613978263474653,0.0239,1.0731,1.0492,4.4628,1.4509
2022-02-20_the,5.72835824673153,0.9589,0.9494,-0.009499999999999953,1.4195,1.4576
2022-02-21_thd,8.749889137258846,0.5164,0.7041,0.18769999999999998,1.6596,1.5113
2022-02-19_tha,4.9340675773755995,1.5846,1.626,0.04139999999999988,1.4014,1.3921
2022-02-27_thd,7.278516116519351,0.0548,0.7754,0.7206,3.4054,2.3357
2022-02-28_the,7.274752359287306,0.6875,0.6855,-0.0020000000000000018,1.5729,1.5736
2022-02-23_the,5.030989171548256,0.7797,0.7393,-0.04039999999999999,0.9846,1.1248
2022-02-27_the,4.748392993250574,0.5257,0.7059,0.18020000000000003,2.4041,2.151
2022-02-23_thd,7.4949211920272685,0.5259,0.6096,0.0837,1.6761,1.7158
2022-02-20_thd,8.207129997210394,0.8624,0.8351,-0.027300000000000102,2.0561,2.0164
2022-03-05_thd,6.47220949800129,0.2192,3.2045,2.9853,2.1276,3.2147
2022-03-05_the,3.967821406479616,0.1308,1.0301,0.8993,2.2811,5.0397
2022-02-27_tha,4.0481621941715735,0.064,0.5789,0.5148999999999999,2.7058,1.6692
2022-03-04_thd,6.326813242092379,0.078,1.1606,1.0826,3.7967,1.1112
2022-02-25_the,5.166563276879457,0.0368,0.7491,0.7122999999999999,2.0492,1.6124
2022-03-04_the,3.860595425297359,0.0626,1.388,1.3254,4.183,1.5214
2022-03-11_the,2.3425602570990542,0.1581,1.5044,1.3463,2.279,0.9877
2022-02-26_the,5.089661547877523,1.1281,1.1806,0.05249999999999999,1.5629,1.2547
2022-03-13_tha,4.1018076754323705,0.5153,4.4243,3.909,7.862,4.3381
2022-03-13_the,2.770875489196468,0.4217,4.8342,4.4125,7.4813,4.4499
2022-03-13_thd,5.22982000477463,0.3123,4.758,4.4457,9.9163,4.7843
2023-02-15_the,13.687163695255064,0.1578,1.3684,1.2106000000000001,3.5465,0.8104
2023-02-15_tha,13.93273770627879,0.136,1.3095,1.1735000000000002,3.4737,1.2754
2023-02-15_thd,15.395070799935768,0.143,1.3565,1.2135,3.5487,0.7914
2023-02-24_tha,13.140702481018531,0.1465,0.5269,0.38040000000000007,3.5655,2.2349
2023-02-24_the,11.3444886858882,0.3132,1.2008,0.8876000000000002,3.886,1.0648
2023-02-24_thd,13.441090264083856,0.2027,0.9704,0.7677,4.3102,1.4564
2023-02-27_tha,13.246185779971343,4.7667,4.6771,-0.0895999999999999,5.8508,5.3942
2023-02-27_the,11.652192346855456,1.4769,6.7677,5.290799999999999,19.8991,5.4446
2023-02-23_tha,13.115491606677658,0.1011,1.3898,1.2887,3.7175,1.0576
2023-03-03_the,9.979242659255119,0.12,1.0388,0.9188,2.2363,1.1209
2023-03-05_thd,11.589693365063326,0.4192,0.8626,0.4434,2.9136,1.9484
2023-03-02_thd,12.166167634977567,0.2538,1.1507,0.8969,4.0943,2.0972
2023-03-03_tha,11.944979281775353,0.3205,0.9744,0.6539,1.7936,1.2818
2023-02-27_thd,13.40663138536662,1.6922,6.287,4.5948,17.6927,5.6259
2023-03-06_tha,11.943027888991192,0.6134,0.7638,0.1504000000000001,1.6815,1.5961
2023-03-05_tha,12.055460769044165,0.7855,0.7938,0.008299999999999974,1.6119,1.5471
2023-03-11_thd,9.535926843147445,0.5012,0.5248,0.023600000000000065,1.9309,1.8615
2023-03-10_thd,9.8743051402303,0.1576,0.1378,-0.019799999999999984,1.561,1.5721
2023-03-11_tha,10.506723123475032,0.7438,0.677,-0.06679999999999997,1.8957,2.2761
2023-03-13_thd,9.328535544811484,0.547,0.5301,-0.016900000000000026,1.6298,1.6643
2023-03-02_tha,12.237077667280946,0.1295,0.8986,0.7690999999999999,4.1909,1.4499
2023-03-12_the,8.122391305174842,2.2862,2.3885,0.10230000000000006,7.0793,6.9258
2023-03-04_tha,11.979590500182757,0.08,0.079,-0.0010000000000000009,2.3217,2.1106
2023-03-13_the,8.109887542075068,0.573,0.5555,-0.01749999999999996,1.5804,1.6187
2023-03-09_tha,11.094374856868411,0.7761,0.733,-0.04310000000000003,1.3332,1.4947
2023-03-02_the,10.512295831114294,0.377,0.7276,0.3506,3.7458,2.3101
2023-03-10_tha,10.658990488326511,0.3355,0.0245,-0.311,1.4865,1.6142
2023-03-18_the,6.460356207912158,0.8091,0.8264,0.017299999999999982,1.9732,1.992
2023-04-02_tha,4.943370926035005,0.8806,0.8811,0.0004999999999999449,1.2244,1.3154
2023-04-02_thd,2.389604693427373,1.0209,0.9195,-0.10139999999999993,1.1575,1.2219
2023-04-04_tha,4.79917024063573,1.0964,1.1141,0.01770000000000005,1.7192,1.6747
2023-04-03_tha,4.881358336731612,1.1815,1.0983,-0.08319999999999994,1.3216,1.4648
2023-04-01_tha,5.21029081129939,0.7082,0.7093,0.0010999999999999899,1.8145,1.8369
2023-04-06_tha,3.899098286260952,0.0315,0.6793,0.6478,2.2723,1.7141
2023-04-05_tha,4.519107907646732,0.8144,1.0235,0.20910000000000006,2.1744,1.5381
2023-04-03_thd,2.1966388098176486,1.2074,1.0828,-0.12460000000000004,1.399,1.4362
2023-04-06_thd,1.1647113044120017,0.6982,0.7455,0.04730000000000001,1.8639,2.0202
2023-04-04_thd,2.0595993158161594,1.1897,1.2294,0.03970000000000007,2.051,2.0529
2023-04-10_thd,0.3637036189747013,0.3079,0.4451,0.1372,6.1389,6.6482
2023-04-11_thd,0.4527546741240758,0.9274,1.083,0.15559999999999996,1.7001,1.1592
2023-04-12_the,0.2807503841581439,1.0595,1.1288,0.06929999999999992,1.4896,1.2988
2023-04-12_thd,0.5942612079780913,0.0255,1.2815,1.256,2.243,0.7075
2023-04-13_thd,1.0550612694859935,0.0561,1.1258,1.0696999999999999,2.9112,1.2148
2023-04-11_tha,2.714921853661647,0.0448,0.9758,0.931,3.0969,1.2546
2023-04-13_the,0.5477792990247389,0.9323,1.1322,0.19990000000000008,1.7441,1.4309
2023-04-06_the,1.3550133954027328,0.6514,1.8393,1.1879,3.165,4.9189
2023-04-14_the,1.144148466256849,0.0211,0.9644,0.9433,2.0676,1.4565
2023-04-17_thd,3.00520661262185,0.0157,0.9525,0.9368,4.0909,1.8232
2023-04-17_the,2.360447426591388,0.0176,1.142,1.1243999999999998,3.8009,1.3377
2023-04-11_the,0.23867450204944488,1.0222,1.0553,0.03309999999999991,1.4681,1.3952
2023-04-17_tha,0.3073693302724807,0.0214,0.9978,0.9764,4.6279,1.4417
2023-04-05_the,1.7732104876402155,0.8019,0.86,0.05810000000000004,2.0519,1.9437
2023-04-15_the,3.7850233622059615,0.0149,0.6239,0.609,2.9244,2.371
2023-04-19_thd,3.1234023022169657,0.1769,1.2887,1.1118,2.2349,1.3544
2023-04-19_the,2.526867279889236,0.0729,1.0905,1.0176,2.1524,1.0862
2023-04-14_thd,1.8005842612255705,0.026,1.1428,1.1168,2.2169,1.4819
2023-04-10_tha,2.6862745025492996,0.7009,1.8897,1.1888,7.4094,6.1482
2023-04-24_tha,2.0014022807977314,2.6662,0.1922,-2.4739999999999998,1.7056,1.0362
2023-04-24_thd,5.520463100177169,0.8624,0.6456,-0.2168000000000001,1.2102,1.3411
2024-03-03_the,28.863895820787686,0.0067,1.699,1.6923000000000001,2.1608,1.1196
2024-03-03_tha,26.45134889311306,0.0069,1.9814,1.9745000000000001,2.4058,0.9729
2024-03-03_thd,27.008811790281346,0.0122,1.4385,1.4263,2.0215,1.086
2024-03-23_thd,9.00392751048146,0.1053,0.5253,0.42,4.2607,2.0927
2024-03-25_tha,8.495641101163173,2.284,3.7778,1.4938000000000002,35.8041,10.4247
2024-04-14_tha,0.3022587124767398,0.0118,0.8947,0.8829,3.033,1.2744
2024-04-15_tha,0.2959617548983552,0.0138,0.8952,0.8814,2.7355,1.2755
2024-04-17_tha,1.4537728901792037,1.168,1.2273,0.05930000000000013,2.0697,1.9072
2024-04-18_tha,1.6872462327937359,0.9838,0.9941,0.010299999999999976,1.7608,1.7535
2024-04-18_thd,5.512325276778319,0.0376,0.9305,0.8929,3.0544,1.835
2024-04-18_the,3.3780131137701592,0.036,0.7997,0.7636999999999999,2.6413,1.8627
2024-04-19_thd,5.657355981173133,1.2983,1.6534,0.35509999999999997,1.5228,1.3268
2024-04-19_the,3.461274056308837,1.5415,1.2322,-0.30930000000000013,1.1289,1.2857
2024-04-16_tha,1.0128615414523463,4.4517,4.8318,0.38010000000000055,5.3345,4.7905
2024-04-16_the,2.6184059026493594,0.0271,3.3907,3.3636,3.3748,4.8799
2024-04-17_thd,5.327255785544945,0.0369,0.9846,0.9477,4.0113,2.7208
2024-04-17_the,3.1525341666122575,0.0269,1.2834,1.2565000000000002,4.8409,1.0654
2024-04-27_thd,8.889995107378311,0.4949,0.4875,-0.007400000000000018,1.1887,1.2527
2024-04-28_thd,9.405062532796485,1.3167,1.2968,-0.01990000000000003,1.0537,1.0873
2024-04-15_the,5.9014991081246295,0.6744,0.8988,0.22440000000000004,2.1102,1.3321
2024-04-28_the,6.797580215931406,1.1305,1.1317,0.0011999999999998678,0.9303,0.9178
2024-04-27_the,6.429451711120228,0.5865,0.5784,-0.008099999999999996,2.6863,2.6184
2024-04-26_the,6.278424227269865,1.1261,2.9127,1.7866,1.3703,1.5944
2024-05-07_thd,13.610488537374472,1.0474,1.0523,0.004899999999999904,1.1952,1.2368
2024-05-16_tha,13.501051653393759,1.119,0.99,-0.129,1.2867,1.2178
2024-05-18_tha,14.08833703750891,1.6552,1.6907,0.03550000000000009,1.0906,1.0726
2024-05-16_thd,16.21458801192021,0.5052,0.5763,0.07110000000000005,0.7209,0.7533
2024-05-18_thd,16.726297679014895,1.646,1.7015,0.055500000000000105,0.9995,0.9956
2024-05-16_the,13.386621162149451,0.9479,0.9544,0.006500000000000061,1.2498,1.2702
2024-05-18_the,14.03714399295223,1.1965,1.2384,0.04190000000000005,1.3163,1.31
2024-05-19_the,14.125514356323187,0.6637,0.6996,0.03590000000000004,1.2429,1.2658
2024-05-17_tha,13.887148846936837,0.545,0.5151,-0.029900000000000038,1.7965,1.8159
2024-05-19_tha,14.236628707210576,0.6381,0.7061,0.06799999999999995,1.2668,1.2861
2024-05-22_the,15.5101808009112,1.2635,1.2229,-0.04059999999999997,0.7316,0.8149
2024-05-23_tha,16.0821467672943,0.9709,1.1506,0.17970000000000008,1.252,1.0717
2024-05-23_the,15.494580864507716,1.2235,1.1861,-0.0374000000000001,0.7707,0.8572
2024-05-24_the,15.964120000156358,0.4627,0.5596,0.09689999999999999,1.4031,1.3458
2024-05-31_tha,18.959815383220807,0.0806,1.2174,1.1368,5.5497,1.7004
2024-05-31_the,17.89172112788645,1.436,1.5656,0.12960000000000016,2.825,2.7353
2024-05-20_the,14.320585296585737,1.2852,1.1324,-0.15279999999999982,0.9744,1.1161
2024-05-19_thd,16.813296474535008,0.7879,0.786,-0.0019000000000000128,1.2271,1.2947
2024-05-24_tha,16.538320731244006,0.3623,0.5228,0.16050000000000003,2.0149,1.5849
2024-05-23_thd,18.38409478512659,1.1653,1.0451,-0.12020000000000008,1.016,1.4559
2024-06-03_the,18.239140522035047,0.0129,1.1401,1.1272,1.2129,1.2729
2024-05-31_thd,20.720752287605446,0.1025,1.6975,1.595,2.6166,1.3119
2024-06-08_thd,22.65436584175372,0.9132,3.6752,2.7619999999999996,19.3752,8.2121
2024-06-08_the,19.955193593579853,0.3542,3.9686,3.6144,2.7549,0.3733
2024-06-28_the,25.502101649241595,0.1803,3.9835,3.8032,12.7974,2.0612
2024-06-28_thd,28.50945253451088,0.2664,0.4039,0.13749999999999996,1.8184,10.3271
2025-05-27_thd,22.131055080534317,0.5472,7.3393,6.7921,18.4798,5.021
2025-05-29_tha,23.53307631351845,0.2599,1.1035,0.8435999999999999,3.5867,1.5943
2025-05-29_the,20.663038611009682,0.3277,1.0198,0.6921,3.1738,1.6394
2025-05-27_the,20.642665812853412,0.6717,7.6585,6.986800000000001,12.8414,1.604
2025-06-01_tha,24.671046547380264,1.6065,1.1049,-0.5016,5.7828,1.4678
2025-06-01_thd,23.371014640895794,1.0572,0.992,-0.06519999999999992,3.7981,1.5725
2025-06-01_the,21.90914306070104,0.4804,1.0349,0.5545,3.1191,1.5532
2025-05-29_thd,22.396013534366254,0.1873,1.1508,0.9635,3.8777,1.3471
2025-06-02_thd,23.50168900602166,0.0936,0.0605,-0.033100000000000004,1.4647,1.0171
2025-06-03_thd,23.377052889884137,0.5551,1.5374,0.9823000000000001,1.9724,1.2268
2025-06-04_thd,23.13064396433727,1.0179,1.4499,0.43199999999999994,2.4404,2.0211
2025-06-04_the,22.026690568468734,0.3739,2.0314,1.6575000000000002,2.5628,0.8903
2025-06-03_tha,24.965074168067762,1.3529,1.3607,0.007800000000000029,1.3227,1.2865
2025-06-05_tha,24.943793680360404,0.5854,0.6236,0.03820000000000001,2.3238,2.2836
2025-05-27_tha,23.14628577938782,0.3071,6.5976,6.2905,16.8501,4.2677
2025-06-02_tha,24.924455166119206,0.127,0.0747,-0.0523,1.3006,0.9796
2025-06-09_the,23.03151493391397,5.2119,0.7416,-4.4703,3.0969,4.5249
2025-06-09_thd,24.01200781293417,1.6138,1.3573,-0.25649999999999995,1.1887,1.7174
2025-06-07_thd,24.021500909047305,0.3684,0.0508,-0.3176,1.438,1.1553
2025-06-06_thd,23.51442638080101,0.8526,1.1087,0.2561,1.5279,1.2841
2025-06-11_thd,23.79456345936599,1.4351,1.1507,-0.2844,0.7998,1.3522
2025-06-08_the,22.79876241253397,0.2621,0.0461,-0.216,1.1547,0.7294
2025-06-11_tha,26.088122145060318,1.4082,1.0831,-0.32509999999999994,0.8131,1.4013
2025-06-07_the,22.719250391805005,0.3152,0.0517,-0.26349999999999996,1.1628,0.7808
2025-06-08_tha,25.835816963568753,0.535,0.0682,-0.46680000000000005,1.3171,1.2832
2025-06-07_tha,25.91371452967013,0.3886,0.0595,-0.3291,1.3637,1.2174
2025-06-08_thd,23.865807861054133,0.6332,0.0583,-0.5749,1.2333,1.2054
2025-06-17_the,23.69785705255679,1.0059,0.9128,-0.09310000000000007,1.1046,1.4046
2025-06-03_the,22.20664290308956,0.1917,1.1705,0.9788000000000001,1.5174,1.012
2025-07-02_thd,23.143290004363365,0.9107,1.3766,0.4659000000000001,1.6432,1.5279
2025-07-01_the,23.700573536617032,0.8052,0.5058,-0.2994,1.3932,2.1808
2025-07-07_tha,26.44805841229592,0.3387,1.58,1.2413,1.7329,0.9581
2025-07-05_tha,26.232236136203447,0.1387,0.8526,0.7139,1.697,1.3219
2025-07-03_tha,26.463677185889377,6.0302,2.9394,-3.0907999999999998,4.9467,6.8391
2025-07-11_thd,21.178017227438257,0.0945,1.1319,1.0373999999999999,2.7498,1.3195
2025-07-11_the,22.31850247395304,3.061,0.4295,-2.6315,3.2651,2.1952
2025-07-06_tha,26.436535862298854,1.3248,1.6608,0.3360000000000001,1.207,1.0219
2025-07-08_thd,22.459054799840874,0.0976,0.6799,0.5822999999999999,2.2772,1.7138
2025-07-12_thd,20.875905091422975,0.0819,1.2467,1.1647999999999998,2.0906,1.2036
2025-07-10_the,22.806015046146655,0.0248,1.1778,1.153,0.6571,0.5633
2025-07-05_thd,22.339622048402692,0.9243,0.7076,-0.2167,1.284,1.3406
2025-07-23_thd,19.41359179773925,0.5244,1.0484,0.524,2.2216,1.2598
2025-07-13_the,21.940004965624574,0.1594,1.124,0.9646000000000001,2.8019,1.1305
2025-07-22_tha,25.715996774489167,0.2436,1.1897,0.9460999999999999,2.3913,1.4466
2025-07-22_thd,21.43459128371281,1.119,1.1842,0.06519999999999992,1.7536,1.5271
2025-08-08_the,29.988046497044415,3.8203,4.3911,0.5707999999999998,5.5156,4.7964
2025-08-09_thd,20.039531432736208,0.1084,0.9343,0.8259000000000001,2.3786,1.2261
2025-08-09_the,20.850299502984306,0.133,1.0258,0.8928,2.0006,1.3158
