eid,probe,bz,bz_sign,clock,cone,sza,dp,ma,bx,Dn_mem,EB_mem,n_near,beta_near,T_near,n_mem,cls
2007-08-08_tha,tha,0.07,1,86.5,25.2,15.4,1.15,11.7,-2.85,0.0949,3.2952,0.55,0.0795,647.8,202,BOUNDARY_LAYER
2007-08-09_tha,tha,1.26,1,68.1,57.1,15.7,1.84,11.4,-2.32,0.8514,2.2147,21.35,0.9786,164.9,41,CONFIRMED_PDL
2007-08-10_tha,tha,1.2,1,69.1,56.6,15.8,1.84,11.3,-2.37,1.1834,2.2647,29.68,1.0615,144.0,265,AMBIGUOUS
2007-08-11_tha,tha,-0.3,0,98.7,79.5,15.8,1.92,15.0,-0.6,0.5486,4.5966,5.92,0.4319,443.4,353,AMBIGUOUS
2007-08-11_thb,thb,0.38,1,81.7,81.0,16.0,2.02,12.3,-0.63,0.8955,1.3618,9.7,4.0804,481.8,30,AMBIGUOUS
2007-08-11_thc,thc,0.25,1,84.5,81.4,16.0,1.99,13.1,-0.56,0.0741,3.4887,0.93,0.1088,783.2,10,BOUNDARY_LAYER
2007-08-11_thd,thd,0.14,1,86.9,81.4,16.0,1.98,13.3,-0.55,0.064,3.4134,0.73,0.0892,868.4,17,BOUNDARY_LAYER
2007-08-12_tha,tha,-0.01,0,92.6,29.0,15.2,1.42,13.1,2.78,0.524,3.1595,6.15,0.4809,327.4,384,AMBIGUOUS
2007-08-12_thc,thc,-0.23,0,111.9,38.2,15.5,1.5,12.4,2.76,1.373,2.035,17.49,3.3521,253.2,14,AMBIGUOUS
2007-08-13_tha,tha,0.07,1,86.1,49.8,15.4,1.11,14.7,-1.66,0.2429,4.802,3.39,0.1196,164.4,47,AMBIGUOUS
2007-08-13_thb,thb,0.03,1,88.0,39.1,15.4,1.05,15.9,-1.77,0.1346,4.0183,1.69,0.08,209.9,22,BOUNDARY_LAYER
2007-08-13_thc,thc,0.06,1,86.2,42.5,15.5,1.06,15.6,-1.77,1.6133,2.684,24.93,1.1824,112.1,24,AMBIGUOUS
2007-08-13_thd,thd,0.12,1,82.4,44.2,15.6,1.07,15.5,-1.77,0.0568,4.9269,0.82,0.0603,360.4,8,BOUNDARY_LAYER
2007-08-15_tha,tha,-0.53,0,260.4,75.0,15.5,2.11,11.4,1.25,0.0668,4.9721,1.42,0.0654,438.1,121,BOUNDARY_LAYER
2007-08-15_thc,thc,-0.62,0,258.8,86.3,16.3,2.42,10.3,0.37,0.1217,2.1919,2.36,0.081,308.8,76,BOUNDARY_LAYER
2007-08-15_thd,thd,-0.63,0,259.1,85.7,15.8,2.4,10.2,0.43,0.1161,2.2257,2.11,0.0663,305.0,12,BOUNDARY_LAYER
2007-08-15_the,the,-0.63,0,259.1,85.7,15.9,2.4,10.2,0.43,0.1056,2.2817,1.96,0.0681,299.1,9,BOUNDARY_LAYER
2007-08-16_thb,thb,1.83,1,304.9,57.2,15.3,2.56,10.2,3.02,0.2262,2.963,4.77,0.1813,305.0,33,AMBIGUOUS
2007-08-16_thc,thc,2.09,1,309.4,52.1,15.5,2.54,10.2,3.42,0.5695,2.2192,16.39,0.3562,186.0,288,CONFIRMED_PDL
2007-08-16_thd,thd,2.12,1,310.2,50.5,15.3,2.54,10.3,3.54,0.6024,2.9145,13.69,0.248,195.0,29,CONFIRMED_PDL
2007-08-16_the,the,2.12,1,310.2,50.5,15.5,2.54,10.3,3.54,0.086,3.0098,1.93,0.0946,435.5,11,BOUNDARY_LAYER
2007-08-17_tha,tha,0.22,1,273.9,85.9,15.1,1.65,11.0,0.3,0.0663,2.3209,1.15,0.0664,384.6,198,BOUNDARY_LAYER
2007-08-17_thb,thb,0.38,1,275.5,84.5,15.0,1.55,9.7,0.43,0.1647,3.1891,2.47,0.0981,289.3,59,BOUNDARY_LAYER
2007-08-17_thc,thc,0.27,1,273.8,85.2,15.1,1.56,10.0,0.37,0.5784,2.1638,10.02,0.4852,210.8,28,CONFIRMED_PDL
2007-08-17_thd,thd,0.41,1,276.0,86.5,15.6,1.57,10.0,0.27,0.0784,2.4423,1.28,0.0775,356.0,31,BOUNDARY_LAYER
2007-08-17_the,the,0.42,1,276.1,86.6,15.8,1.57,10.0,0.27,0.1538,2.229,2.5,0.0903,286.3,39,BOUNDARY_LAYER
2007-08-19_tha,tha,2.83,1,324.4,43.7,15.3,1.67,7.7,4.34,0.9715,1.5537,20.87,0.6368,130.9,696,AMBIGUOUS
2007-08-19_thb,thb,2.67,1,302.7,83.5,16.0,1.72,8.1,0.63,0.4758,2.1514,10.35,0.1696,103.2,48,CONFIRMED_PDL
2007-08-19_thc,thc,2.73,1,303.4,78.0,16.1,1.71,8.0,1.19,0.5519,1.9411,12.23,0.2323,112.0,78,CONFIRMED_PDL
2007-08-19_thd,thd,2.73,1,303.5,76.5,16.3,1.69,7.9,1.36,0.6792,1.7965,13.62,0.2359,109.6,78,CONFIRMED_PDL
2007-08-19_the,the,2.73,1,303.6,76.4,16.0,1.69,7.9,1.37,0.7803,1.7737,14.97,0.2529,108.2,64,CONFIRMED_PDL
2007-08-21_thb,thb,0.42,1,290.4,73.4,14.5,1.82,14.1,-1.02,0.773,2.8887,31.64,1.1236,133.2,85,CONFIRMED_PDL
2007-08-21_thc,thc,0.41,1,285.3,72.1,14.6,1.76,14.4,-0.97,0.8609,2.1712,40.3,1.653,126.5,87,CONFIRMED_PDL
2007-08-21_thd,thd,0.42,1,284.4,72.7,15.6,1.74,14.5,-0.92,0.8529,2.2566,37.91,1.3726,124.0,85,CONFIRMED_PDL
2007-08-21_the,the,0.42,1,283.4,79.0,15.8,1.72,14.6,-0.59,0.93,2.2786,39.07,1.935,133.1,83,AMBIGUOUS
2007-08-22_thb,thb,2.32,1,333.2,87.2,17.5,1.35,13.5,-0.15,0.6394,3.1886,18.65,0.4399,129.4,603,CONFIRMED_PDL
2007-08-22_thc,thc,2.32,1,333.2,87.2,18.1,1.35,13.5,-0.15,0.7531,2.7925,23.8,0.8293,117.8,345,CONFIRMED_PDL
2007-08-22_thd,thd,2.32,1,333.2,87.2,17.7,1.35,13.5,-0.15,0.6074,3.1977,17.85,0.4355,114.4,664,CONFIRMED_PDL
2007-08-22_the,the,2.32,1,333.2,87.2,17.8,1.35,13.5,-0.15,0.4018,3.6272,11.88,0.2429,119.1,737,CONFIRMED_PDL
2007-08-25_tha,tha,-0.99,0,259.6,45.7,14.3,3.29,7.6,5.93,3.8764,3.5307,63.92,2.0004,126.3,101,AMBIGUOUS
2007-08-25_thb,thb,-1.31,0,258.2,55.4,14.3,3.97,8.1,4.96,0.9804,1.7454,64.69,1.0911,121.7,491,AMBIGUOUS
2007-08-25_thc,thc,-1.41,0,257.1,54.2,14.3,3.85,8.1,5.1,0.7655,1.7052,56.55,1.1127,132.6,487,AMBIGUOUS
2007-08-25_thd,thd,-1.41,0,257.1,53.8,14.4,3.81,8.0,5.15,0.7315,1.7991,51.51,0.862,125.6,474,AMBIGUOUS
2007-08-25_the,the,-1.4,0,257.2,53.4,14.5,3.8,8.0,5.18,0.715,1.7898,50.73,0.917,132.8,492,AMBIGUOUS
2007-08-26_thb,thb,3.47,1,292.6,60.3,16.7,3.65,6.1,6.53,0.254,1.8808,9.1,0.1957,309.3,454,AMBIGUOUS
2007-08-26_thc,thc,3.47,1,292.6,60.3,16.4,3.65,6.1,6.53,0.2597,1.8662,7.62,0.2222,413.3,384,AMBIGUOUS
2007-08-26_thd,thd,3.47,1,292.6,60.3,16.6,3.65,6.1,6.53,0.2949,1.8089,7.78,0.2185,354.0,365,AMBIGUOUS
2007-08-26_the,the,3.47,1,292.6,60.3,16.7,3.65,6.1,6.53,0.5904,1.6306,16.37,0.4228,291.8,421,CONFIRMED_PDL
2007-08-27_thb,thb,3.6,1,302.1,62.8,15.6,3.26,7.1,4.98,0.3127,1.7442,12.57,0.2285,264.6,505,AMBIGUOUS
2007-08-27_thc,thc,3.23,1,301.7,55.0,14.7,2.91,7.2,4.63,0.3852,1.6601,15.92,0.2783,207.0,556,AMBIGUOUS
2007-08-27_thd,thd,3.08,1,301.2,54.3,14.8,2.84,7.2,4.59,0.4205,1.5451,15.08,0.2715,207.5,534,CONFIRMED_PDL
2007-08-27_the,the,3.04,1,301.1,53.5,14.8,2.83,7.2,4.57,0.4759,1.3515,13.82,0.283,232.5,526,CONFIRMED_PDL
2007-08-30_tha,tha,0.34,1,67.0,46.1,17.4,1.54,12.4,2.53,0.0964,4.4697,1.22,0.0989,374.4,239,BOUNDARY_LAYER
2007-09-04_thc,thc,-1.21,0,158.3,31.6,26.0,1.21,10.0,-3.63,2.004,1.3774,13.45,4.7378,364.8,935,AMBIGUOUS
2007-09-04_thd,thd,-1.21,0,158.3,31.6,26.9,1.21,10.0,-3.63,2.032,1.5926,11.58,3.5753,345.4,512,AMBIGUOUS
2008-06-14_thc,thc,2.65,1,293.9,74.1,27.8,6.94,8.5,2.71,2.3651,1.1896,159.53,3.7096,134.6,411,AMBIGUOUS
2008-06-28_thb,thb,0.11,1,88.2,76.9,28.0,1.24,10.2,0.87,1.0545,1.9993,7.91,1.87,427.4,504,AMBIGUOUS
2008-07-10_thc,thc,1.57,1,300.0,80.6,22.6,1.91,11.1,0.74,1.3895,1.0658,43.08,3.3316,126.9,540,AMBIGUOUS
2008-07-12_thc,thc,-1.96,0,257.2,65.9,22.4,2.5,5.9,4.46,0.9986,2.3179,22.01,0.4795,190.8,517,AMBIGUOUS
2008-07-14_thc,thc,-0.7,0,236.3,43.2,22.1,1.3,10.8,2.69,2.5099,3.7286,8.0,2.9564,561.6,393,AMBIGUOUS
2008-07-16_thc,thc,0.86,1,298.6,76.9,21.9,1.41,14.5,-0.66,0.0871,4.5897,0.8,0.0988,719.0,91,BOUNDARY_LAYER
2008-07-18_thc,thc,-1.47,0,212.9,40.8,21.6,0.84,10.7,2.27,0.3506,3.1549,4.09,0.2692,284.8,85,AMBIGUOUS
2008-07-20_thc,thc,0.44,1,283.2,88.7,21.3,1.02,14.5,-0.06,1.1942,2.233,29.41,2.7632,118.4,457,AMBIGUOUS
2008-07-24_thc,thc,-0.78,0,115.7,40.7,20.5,0.82,10.8,-2.13,1.2409,1.9375,6.43,4.9237,495.5,709,AMBIGUOUS
2008-08-18_thd,thd,-0.65,0,116.2,50.6,15.9,3.55,11.5,-3.72,0.9188,1.2617,17.73,6.8265,560.8,714,AMBIGUOUS
2008-08-18_the,the,-0.72,0,221.6,48.8,16.4,3.87,11.6,-3.96,0.8758,2.3789,14.01,1.8967,552.7,652,AMBIGUOUS
2008-08-26_thc,thc,0.21,1,276.4,59.1,14.8,1.16,15.1,1.29,3.4521,6.9147,35.91,4.4061,119.2,255,AMBIGUOUS
2008-08-28_thb,thb,0.63,1,280.1,65.4,12.1,1.61,9.7,1.96,0.711,2.1813,28.23,0.8021,109.9,433,CONFIRMED_PDL
2008-08-28_thc,thc,0.63,1,280.1,65.4,14.4,1.61,9.7,1.96,0.4762,2.3371,20.66,0.4923,119.9,512,CONFIRMED_PDL
2008-08-30_thc,thc,0.53,1,281.1,73.0,13.2,1.46,9.9,1.28,0.9162,1.927,26.1,1.5407,143.0,376,AMBIGUOUS
2008-09-01_thb,thb,-0.5,0,255.6,51.3,14.5,1.62,12.7,2.15,0.5797,2.1072,13.99,0.7559,173.8,298,AMBIGUOUS
2008-09-03_thc,thc,0.15,1,59.0,55.6,11.1,1.42,14.3,1.65,1.1143,2.7835,38.02,1.562,106.1,479,AMBIGUOUS
2008-09-05_thb,thb,-0.27,0,264.9,52.3,9.1,1.44,10.2,2.57,0.1298,3.2385,1.06,0.0689,435.5,277,BOUNDARY_LAYER
2008-09-05_thc,thc,-0.27,0,264.9,52.3,10.1,1.44,10.2,2.57,0.1845,3.189,1.68,0.0953,451.6,363,BOUNDARY_LAYER
2008-09-06_thc,thc,1.27,1,325.9,55.5,6.4,2.6,13.6,2.38,1.08,1.3191,14.73,7.9281,573.5,12,AMBIGUOUS
2008-09-07_thc,thc,1.23,1,297.3,59.8,9.1,2.65,12.5,2.31,0.8621,2.5192,12.06,1.5837,508.1,420,CONFIRMED_PDL
2008-09-08_thc,thc,-0.43,0,252.9,46.3,5.6,1.69,14.4,2.19,0.172,4.8167,1.68,0.0674,387.9,237,BOUNDARY_LAYER
2008-09-09_thb,thb,0.4,1,285.0,49.4,8.4,1.64,14.9,1.97,0.197,4.4887,1.99,0.0951,320.2,328,BOUNDARY_LAYER
2008-09-09_thc,thc,0.4,1,285.0,49.4,8.1,1.64,14.9,1.97,0.2729,4.9063,2.38,0.0806,388.3,251,BOUNDARY_LAYER
2008-09-10_thc,thc,0.3,1,277.3,58.1,4.8,0.8,9.7,-1.69,0.2462,3.3697,2.67,0.1647,231.8,69,AMBIGUOUS
2008-09-12_thb,thb,0.84,1,320.2,49.5,7.5,0.61,15.4,1.13,0.6956,4.1482,7.15,0.3866,107.9,110,CONFIRMED_PDL
2008-09-14_thc,thc,-0.93,0,102.4,54.4,3.2,6.74,11.2,-4.63,0.5874,2.1526,46.82,0.8067,215.4,153,AMBIGUOUS
2008-09-14_the,the,-0.62,0,98.7,52.4,8.1,6.81,11.6,-4.63,0.2758,4.7602,19.71,0.1567,147.3,80,AMBIGUOUS
2008-09-15_thc,thc,-0.39,0,95.8,47.5,5.6,6.58,11.8,-4.89,0.7202,2.0318,52.31,1.2047,208.7,212,AMBIGUOUS
2008-09-16_thb,thb,-1.26,0,118.2,65.6,9.6,1.06,12.2,-1.24,0.3729,3.9375,3.13,0.3796,465.8,69,AMBIGUOUS
2008-09-16_thc,thc,-1.24,0,117.9,66.3,2.4,1.06,12.3,-1.2,0.1283,4.2097,1.16,0.1146,564.9,115,AMBIGUOUS
2008-09-17_thb,thb,-1.31,0,118.5,63.9,9.9,1.04,11.8,-1.35,0.4356,3.4344,3.69,0.5194,428.6,96,AMBIGUOUS
2008-09-18_thc,thc,-0.99,0,146.1,77.8,1.6,1.42,16.4,0.54,0.7085,2.0575,18.69,3.8093,275.8,110,AMBIGUOUS
2008-09-20_thb,thb,0.74,1,309.4,43.0,11.6,1.5,11.4,2.72,0.5475,3.3108,10.72,0.4993,174.8,19,CONFIRMED_PDL
2008-09-20_thc,thc,0.91,1,311.7,44.4,0.8,1.5,11.3,2.67,1.048,1.8794,39.79,1.7194,127.4,547,AMBIGUOUS
2008-09-21_thb,thb,0.73,1,323.3,38.7,11.7,1.5,11.4,2.91,0.5475,3.3108,10.72,0.4993,174.8,19,CONFIRMED_PDL
2008-09-24_thb,thb,1.42,1,298.5,85.9,14.2,1.26,11.8,0.24,0.5921,2.961,20.97,0.4057,96.2,267,CONFIRMED_PDL
2008-09-25_thb,thb,1.42,1,298.5,85.9,14.2,1.26,11.8,0.24,0.5862,2.9563,20.98,0.4064,96.0,266,CONFIRMED_PDL
2008-09-28_thb,thb,3.5,1,339.2,53.1,16.3,1.63,9.1,2.99,0.6211,2.519,15.8,0.4703,150.1,260,CONFIRMED_PDL
2008-09-29_thb,thb,3.59,1,339.5,53.5,16.2,1.61,8.9,2.99,0.7131,2.216,17.79,0.6172,149.0,282,CONFIRMED_PDL
2008-09-30_thc,thc,0.1,1,271.6,37.7,7.0,3.11,8.5,5.79,1.161,0.8608,36.38,8.2441,316.2,452,AMBIGUOUS
2009-06-23_thb,thb,0.53,1,285.2,78.3,15.2,2.59,25.7,0.45,0.7012,3.757,51.4,1.7214,103.2,395,CONFIRMED_PDL
2009-07-17_thb,thb,0.33,1,76.6,72.2,11.3,0.68,17.9,-0.5,0.5168,4.7572,7.3,0.427,149.1,220,CONFIRMED_PDL
2009-07-21_thb,thb,1.24,1,80.0,88.9,10.8,2.21,7.2,0.14,0.928,1.6522,25.88,0.269,85.2,96,AMBIGUOUS
2009-07-23_thc,thc,0.63,1,279.7,63.6,13.9,2.9,11.4,2.41,0.1917,2.745,3.45,0.0872,366.0,424,BOUNDARY_LAYER
2009-07-25_thb,thb,1.14,1,11.9,22.2,10.6,1.08,9.4,3.62,0.2792,3.147,2.55,0.0864,282.0,384,BOUNDARY_LAYER
2009-07-30_thc,thc,0.81,1,295.7,49.2,16.1,0.81,11.0,1.73,0.9942,2.3285,14.05,1.1666,170.0,516,AMBIGUOUS
2009-08-05_thc,thc,7.26,1,19.1,72.2,12.4,2.67,7.0,2.5,0.6413,2.0302,24.13,0.2519,131.4,425,CONFIRMED_PDL
2009-08-07_thc,thc,0.82,1,281.7,59.5,12.5,1.97,8.4,2.94,1.1172,1.6123,22.18,2.885,244.3,427,AMBIGUOUS
2009-08-08_thc,thc,0.93,1,282.7,62.4,12.5,2.0,8.7,2.62,1.266,1.5664,25.14,3.6109,261.5,67,AMBIGUOUS
2009-08-30_tha,tha,2.83,1,317.2,67.4,18.5,3.77,13.6,2.13,1.055,1.5331,56.33,3.136,183.0,631,AMBIGUOUS
2009-09-03_tha,tha,-0.38,0,101.7,70.6,15.8,3.6,12.8,-1.7,0.1564,4.0575,6.76,0.0901,146.0,71,BOUNDARY_LAYER
2009-09-13_tha,tha,-0.05,0,269.2,70.0,12.3,2.09,8.3,2.17,1.1477,1.9977,31.34,0.8073,131.2,631,AMBIGUOUS
2009-09-13_thd,thd,-4.51,0,199.1,65.7,6.8,3.87,11.7,2.68,1.2187,2.803,60.17,2.7454,217.9,58,AMBIGUOUS
2009-09-13_the,the,-4.52,0,205.6,62.7,7.2,4.03,11.4,3.06,0.7669,1.9667,86.56,2.2881,139.9,381,AMBIGUOUS
2009-09-14_tha,tha,0.12,1,271.9,67.8,12.2,2.05,8.4,2.29,1.212,1.855,31.72,0.8306,128.0,689,AMBIGUOUS
2009-09-15_tha,tha,-0.47,0,257.0,59.3,11.8,1.79,10.4,2.29,0.9572,1.4773,17.55,2.1296,259.7,836,AMBIGUOUS
2009-09-16_tha,tha,1.01,1,290.4,64.5,11.2,1.59,9.6,2.02,1.5981,0.832,13.35,1.6257,244.1,917,AMBIGUOUS
2009-09-17_tha,tha,2.53,1,317.5,72.3,10.3,1.89,11.2,1.34,1.0445,1.3746,16.86,1.6524,240.4,448,AMBIGUOUS
2009-09-25_thc,thc,2.98,1,323.2,69.7,6.0,0.96,7.9,-1.49,0.9686,1.5204,30.63,2.1369,99.5,419,AMBIGUOUS
2009-10-01_thc,thc,-0.86,0,239.0,48.0,1.2,0.58,8.4,2.16,0.107,2.4991,1.38,0.1206,253.9,82,AMBIGUOUS
2009-10-02_thc,thc,-1.05,0,226.3,46.8,0.4,0.55,8.4,2.17,0.0966,2.5221,1.21,0.1237,278.8,95,AMBIGUOUS
2009-10-05_thc,thc,-0.24,0,251.8,35.8,1.9,0.87,14.5,1.84,0.0834,4.2908,1.07,0.1579,356.3,124,AMBIGUOUS
2009-10-12_thb,thb,1.63,1,309.6,70.3,18.5,1.1,9.2,1.37,0.2569,2.7588,3.64,0.1801,260.2,431,AMBIGUOUS
2009-10-13_thc,thc,0.5,1,298.3,62.3,3.1,1.32,11.9,1.53,0.7315,2.8071,16.18,0.4723,130.6,329,CONFIRMED_PDL
2009-10-20_thc,thc,0.07,1,272.4,66.1,11.6,0.69,12.3,0.96,1.0247,2.2025,23.17,2.3907,96.5,373,AMBIGUOUS
2009-10-22_tha,tha,-4.05,0,120.7,81.1,5.9,3.25,7.4,-1.38,1.0453,1.873,44.79,0.4429,93.6,654,AMBIGUOUS
2009-10-23_tha,tha,-1.76,0,218.9,67.7,6.5,2.42,8.8,2.31,1.9979,6.7808,30.51,1.5642,257.3,40,AMBIGUOUS
2009-11-11_thc,thc,-0.25,0,99.0,45.1,29.7,1.0,13.2,1.76,0.8144,1.9072,25.49,2.2066,104.6,272,AMBIGUOUS
2009-11-13_tha,tha,2.77,1,3.1,74.7,23.3,3.13,10.8,1.51,0.9883,1.9047,75.46,2.6224,110.5,733,AMBIGUOUS
2009-12-01_thb,thb,-0.13,0,115.7,22.4,22.1,1.06,17.9,-1.9,2.2345,0.9681,53.8,23.9649,81.4,374,AMBIGUOUS
2009-12-02_thb,thb,-0.15,0,139.1,38.0,14.0,1.28,17.5,-1.82,1.9926,1.8676,55.41,6.5582,89.5,171,AMBIGUOUS
2010-10-11_tha,tha,-8.87,0,211.6,67.4,5.4,4.05,6.7,-4.26,0.5544,1.9835,32.72,0.1686,79.0,632,AMBIGUOUS
2010-10-11_thd,thd,-9.86,0,208.5,67.9,7.2,3.82,6.4,-4.35,0.5844,1.9584,35.17,0.1689,81.1,611,AMBIGUOUS
2010-10-11_the,the,-8.87,0,211.8,67.5,6.8,4.04,6.7,-4.26,0.7081,1.8928,44.72,0.3661,100.6,702,AMBIGUOUS
2010-10-23_tha,tha,2.24,1,317.8,53.6,11.3,3.57,9.3,4.3,1.3104,1.2275,19.49,4.6112,588.6,758,AMBIGUOUS
2010-10-23_thd,thd,1.38,1,302.1,57.3,12.0,3.71,9.3,3.94,1.303,1.271,19.86,4.2362,582.0,722,AMBIGUOUS
2010-10-23_the,the,2.26,1,318.1,53.4,11.6,3.55,9.3,4.31,1.3188,1.2687,20.7,4.7984,600.0,746,AMBIGUOUS
2011-11-22_tha,tha,3.07,1,338.9,84.6,26.5,3.33,10.9,-0.56,0.7345,1.4498,44.6,1.8143,140.1,832,CONFIRMED_PDL
2011-11-22_thd,thd,3.05,1,339.0,84.8,21.2,3.32,10.9,-0.54,0.8657,1.0402,54.46,3.3507,146.3,829,AMBIGUOUS
2011-11-22_the,the,-2.02,0,194.2,89.0,22.0,3.15,10.6,0.1,0.8869,0.9985,56.99,4.2803,157.2,839,AMBIGUOUS
2011-12-18_the,the,3.29,1,46.4,71.4,23.4,3.13,9.1,-2.17,0.5259,1.9984,52.97,0.7795,101.8,850,CONFIRMED_PDL
2012-12-30_tha,tha,1.88,1,283.3,65.3,19.6,3.24,6.3,4.11,0.1953,2.0534,9.62,0.154,184.7,609,AMBIGUOUS
2013-01-19_tha,tha,-0.04,0,91.2,64.3,13.0,3.51,14.7,-1.79,1.1612,1.8986,36.16,4.665,271.6,533,AMBIGUOUS
2013-01-26_tha,tha,-0.27,0,268.2,55.1,10.2,3.3,5.5,6.72,1.157,1.3261,31.43,1.8898,331.1,784,AMBIGUOUS
2013-01-26_thd,thd,1.56,1,301.8,71.2,10.2,4.59,7.9,3.13,0.7332,1.4678,45.27,1.2551,241.2,616,CONFIRMED_PDL
2013-01-26_the,the,0.0,0,270.0,64.0,11.1,4.22,7.1,4.58,0.8029,1.5677,43.94,2.2746,342.0,521,AMBIGUOUS
2014-02-16_tha,tha,7.42,1,46.8,81.6,1.3,9.5,7.9,1.99,1.8346,1.288,119.79,1.6066,224.4,463,AMBIGUOUS
2014-02-19_the,the,2.87,1,292.7,63.6,5.7,5.01,6.1,-5.56,3.273,0.7069,84.38,4.8089,350.7,473,AMBIGUOUS
2014-02-27_the,the,-7.53,0,213.1,52.2,3.4,5.77,6.1,8.43,1.8828,0.9613,126.36,7.6092,326.4,373,AMBIGUOUS
2014-02-28_tha,tha,3.78,1,295.7,60.6,1.2,3.32,6.1,5.33,0.2113,2.0747,6.33,0.135,366.4,502,AMBIGUOUS
2014-03-25_thd,thd,-1.21,0,213.7,68.0,0.8,4.57,9.5,1.69,1.9101,1.2556,35.99,2.8057,321.2,628,AMBIGUOUS
2014-03-26_the,the,4.37,1,26.4,88.9,3.3,3.4,11.2,0.11,0.2844,2.8829,11.18,0.2905,389.6,127,AMBIGUOUS
2015-03-16_tha,tha,8.45,1,352.5,53.6,22.8,7.8,7.8,-7.21,1.0426,1.8695,74.13,1.1111,167.7,590,AMBIGUOUS
2015-03-17_tha,tha,-15.23,0,151.6,66.2,22.0,10.96,4.9,-9.37,3.2655,1.6346,95.71,1.1444,383.2,601,AMBIGUOUS
2015-03-17_the,the,-15.44,0,158.2,71.1,21.8,5.8,4.5,-6.68,0.9643,1.3969,36.62,0.4275,370.0,323,AMBIGUOUS
2015-04-14_the,the,-3.91,0,188.3,47.4,1.0,8.61,10.0,7.09,9.5887,3.081,358.37,11.5376,122.9,38,AMBIGUOUS
2015-04-15_tha,tha,-1.29,0,230.5,48.0,1.8,5.99,8.9,6.59,5.3166,6.1187,41.57,2.6689,413.8,246,AMBIGUOUS
2015-04-15_thd,thd,-0.61,0,215.2,50.4,1.4,5.92,11.6,4.8,1.3532,1.1687,38.87,8.6881,518.0,509,AMBIGUOUS
2015-04-15_the,the,-1.08,0,223.9,45.0,1.1,5.92,10.8,5.99,1.5077,0.9795,60.31,15.5085,528.2,396,AMBIGUOUS
2015-04-16_tha,tha,-2.83,0,226.3,51.4,1.6,4.25,8.9,5.05,0.7719,1.6135,16.52,0.9808,420.1,644,AMBIGUOUS
2015-04-16_thd,thd,-4.47,0,218.0,76.5,1.8,4.86,9.1,1.95,1.5118,1.1376,27.38,4.4432,559.5,565,AMBIGUOUS
2015-04-16_the,the,-3.0,0,229.0,57.7,1.4,4.46,9.1,4.36,1.2085,1.3914,34.76,5.3981,577.2,464,AMBIGUOUS
2015-04-20_thd,thd,1.84,1,68.0,62.3,3.1,7.64,10.7,-3.87,1.2387,1.0461,92.49,3.1723,194.3,329,AMBIGUOUS
2015-04-20_the,the,2.27,1,48.4,48.5,2.6,7.64,17.8,-3.83,1.8407,0.6378,163.38,27.2526,233.8,264,AMBIGUOUS
2015-04-21_tha,tha,1.72,1,59.8,58.1,0.4,3.12,10.2,-3.24,1.1684,2.6608,15.26,1.1334,378.2,743,AMBIGUOUS
2015-05-01_tha,tha,7.08,1,41.1,62.8,2.1,2.44,5.0,-5.07,1.0064,1.4423,22.89,0.4537,168.5,841,AMBIGUOUS
2015-05-01_thd,thd,6.88,1,39.9,61.1,6.8,2.32,5.1,-5.17,0.9394,1.7977,22.49,0.4466,161.5,793,AMBIGUOUS
2015-05-01_the,the,7.09,1,40.7,63.3,5.9,2.43,5.1,-4.96,0.9666,1.8389,30.72,0.5448,161.2,610,AMBIGUOUS
2015-05-07_thd,thd,0.62,1,284.4,69.8,9.2,2.25,9.2,2.04,1.7516,1.183,14.21,0.3677,211.9,350,AMBIGUOUS
2015-05-29_tha,tha,5.07,1,46.1,73.0,8.8,2.48,6.5,-2.47,0.5291,1.738,25.18,0.3131,130.8,557,CONFIRMED_PDL
2015-05-29_thd,thd,5.11,1,46.3,74.3,14.8,2.48,6.5,-2.29,0.5018,1.6668,22.51,0.2735,120.2,693,CONFIRMED_PDL
2015-05-29_the,the,5.04,1,46.7,72.1,13.1,2.5,6.6,-2.6,0.2929,1.7892,17.26,0.3985,160.5,344,AMBIGUOUS
2015-06-08_tha,tha,-3.96,0,249.2,52.9,11.0,7.65,5.5,10.5,0.6217,1.7372,14.9,0.1202,263.4,294,AMBIGUOUS
2015-06-08_thd,thd,-3.93,0,249.2,53.4,17.2,7.86,5.5,10.41,1.6054,1.4074,44.1,0.5734,238.1,487,AMBIGUOUS
2015-06-08_the,the,-3.85,0,249.7,52.8,15.2,7.62,5.5,10.5,1.2739,1.5301,44.65,0.5347,252.4,368,AMBIGUOUS
2015-06-23_tha,tha,-19.3,0,161.7,81.2,15.0,3.78,3.0,3.52,0.3066,0.9785,8.16,0.1067,307.1,621,AMBIGUOUS
2015-07-11_tha,tha,-4.07,0,108.7,56.3,26.2,10.23,6.6,-9.62,1.3958,1.4093,73.75,2.6009,377.4,567,AMBIGUOUS
2015-07-11_thd,thd,-4.5,0,109.5,56.2,29.8,10.02,6.4,-9.68,1.2281,1.4811,70.21,2.7358,355.6,546,AMBIGUOUS
2015-07-11_the,the,-4.5,0,109.6,56.3,27.7,10.01,6.4,-9.63,1.1597,1.6647,93.13,2.295,342.0,409,AMBIGUOUS
2016-05-27_tha,tha,-2.06,0,195.1,59.2,16.8,5.0,23.6,1.75,1.6367,1.0825,74.66,3.0075,164.8,381,AMBIGUOUS
2016-06-10_tha,tha,-0.13,0,90.9,66.3,18.6,3.58,6.9,-4.03,0.4448,2.1352,14.44,0.1387,159.7,553,AMBIGUOUS
2016-06-11_tha,tha,1.44,1,75.6,54.4,20.7,3.45,6.8,-5.63,0.5548,3.2065,16.91,0.1748,166.2,642,CONFIRMED_PDL
2016-06-12_tha,tha,1.72,1,352.7,55.7,19.3,3.18,7.7,-4.6,0.7979,2.3959,18.33,0.7135,282.5,377,CONFIRMED_PDL
2016-06-15_tha,tha,3.09,1,51.7,45.5,19.8,4.48,9.1,-5.66,2.9667,3.6002,21.03,2.3786,491.3,121,AMBIGUOUS
2016-06-19_tha,tha,1.13,1,56.2,54.5,21.0,1.76,12.5,-2.12,0.4995,4.0849,3.68,0.2688,535.9,812,CONFIRMED_PDL
2016-06-22_tha,tha,-0.44,0,260.1,75.5,21.5,2.55,14.0,1.04,1.4975,0.6973,56.73,16.0388,139.2,722,AMBIGUOUS
2016-06-23_tha,tha,2.45,1,303.5,48.0,21.3,2.23,6.2,5.83,1.0825,2.2156,28.65,0.4401,101.3,816,AMBIGUOUS
2016-06-24_tha,tha,-0.28,0,265.9,75.8,21.4,2.15,10.3,1.26,1.0691,2.2646,13.2,0.8878,328.1,834,AMBIGUOUS
2016-06-24_thd,thd,-3.85,0,156.7,69.4,24.3,3.5,11.4,2.08,0.8061,1.8681,4.41,2.1478,1927.8,723,BOUNDARY_LAYER
2016-06-25_tha,tha,-1.08,0,247.4,70.3,21.9,1.99,10.5,1.53,0.6466,2.0368,11.59,0.7535,267.9,477,AMBIGUOUS
2016-06-26_tha,tha,-3.23,0,214.5,59.2,22.5,2.21,8.0,3.32,1.0606,1.4993,15.96,1.3746,297.3,848,AMBIGUOUS
2016-06-27_tha,tha,-2.31,0,221.2,59.6,22.4,2.14,8.6,3.03,1.1574,1.5897,16.71,1.6055,294.2,662,AMBIGUOUS
2016-06-28_tha,tha,0.24,1,275.9,59.5,22.6,1.59,10.2,2.2,1.2176,2.37,12.66,0.8717,280.4,1000,AMBIGUOUS
2016-06-29_tha,tha,0.97,1,286.4,77.9,22.7,1.35,9.5,0.9,0.1952,3.3595,5.14,0.1709,196.6,732,AMBIGUOUS
2016-07-01_thd,thd,-1.46,0,106.7,84.2,24.5,3.21,9.1,0.71,1.094,2.0,8.17,1.2815,1083.6,659,AMBIGUOUS
2016-07-03_the,the,0.53,1,277.5,45.2,23.1,2.96,8.8,4.89,0.8091,1.8107,30.6,1.4558,254.9,191,CONFIRMED_PDL
2016-07-16_tha,tha,0.13,1,82.1,70.3,23.7,1.6,13.7,-1.08,0.0444,3.3833,0.44,0.0391,596.6,130,BOUNDARY_LAYER
2016-07-17_tha,tha,1.0,1,335.3,23.4,24.0,1.7,10.8,-3.9,0.1899,3.0381,3.65,0.1483,277.8,250,AMBIGUOUS
2016-07-18_tha,tha,1.14,1,338.9,24.3,24.3,1.69,11.0,-3.82,0.1717,3.374,3.37,0.1421,289.5,256,AMBIGUOUS
2016-07-24_tha,tha,0.56,1,273.6,87.9,23.7,5.04,7.6,0.39,1.2811,1.478,56.62,1.1083,178.1,351,AMBIGUOUS
2016-07-24_the,the,-1.67,0,257.1,85.4,21.9,4.7,7.5,0.82,1.1925,1.6439,63.64,1.6773,223.5,458,AMBIGUOUS
2016-07-25_tha,tha,-0.58,0,156.7,38.9,23.9,2.74,23.5,-1.96,0.0394,5.8948,1.29,0.0583,486.6,34,BOUNDARY_LAYER
2016-07-26_tha,tha,-0.25,0,104.6,43.5,23.9,2.73,22.4,-1.96,0.0387,6.5593,1.3,0.0583,480.1,32,BOUNDARY_LAYER
2016-07-27_the,the,0.62,1,289.7,81.0,21.5,3.02,14.9,0.66,0.838,2.0605,67.12,1.9437,156.2,584,CONFIRMED_PDL
2016-07-28_thd,thd,-1.82,0,107.6,86.2,21.6,3.65,10.4,0.47,3.1146,0.8941,19.53,8.5291,1094.1,694,AMBIGUOUS
2016-07-28_the,the,-4.06,0,238.6,68.2,21.3,5.09,7.5,4.19,0.3216,2.6214,14.9,0.1664,362.9,217,AMBIGUOUS
2016-07-29_tha,tha,0.65,1,289.9,66.5,23.4,2.83,12.2,1.96,0.1037,3.2712,1.29,0.0743,738.8,591,BOUNDARY_LAYER
2016-08-02_tha,tha,-0.72,0,91.9,86.2,24.5,6.3,3.8,1.47,0.9694,1.6196,54.72,0.1485,85.6,529,AMBIGUOUS
2016-08-02_thd,thd,3.53,1,22.3,53.5,20.4,7.6,12.2,4.62,1.2383,3.4492,32.05,5.0063,1082.7,469,AMBIGUOUS
2016-08-02_the,the,1.24,1,83.5,77.5,20.5,4.42,3.9,3.89,2.4445,1.1926,70.87,0.5989,140.6,469,AMBIGUOUS
2016-08-03_tha,tha,2.94,1,82.3,84.9,23.3,6.49,3.8,2.08,0.8573,1.5544,53.64,0.1408,83.3,509,CONFIRMED_PDL
2017-07-26_tha,tha,-0.3,0,98.4,74.2,26.1,2.5,11.0,-1.33,0.9407,1.9464,8.0,2.0801,544.9,778,AMBIGUOUS
2017-08-01_tha,tha,4.55,1,322.3,60.4,23.9,1.78,6.4,3.65,0.9136,1.3801,9.92,0.3598,205.2,318,AMBIGUOUS
2017-08-02_tha,tha,4.42,1,320.6,60.0,24.0,1.72,6.3,3.71,1.1639,1.2776,11.34,0.4611,205.8,432,AMBIGUOUS
2017-08-03_thd,thd,1.22,1,276.4,67.6,18.1,7.19,7.6,5.46,1.0103,1.1446,109.66,1.2925,159.1,513,AMBIGUOUS
2017-08-05_tha,tha,-0.65,0,111.6,40.4,22.7,2.13,12.3,-3.19,1.3188,2.0069,7.08,1.8049,550.8,799,AMBIGUOUS
2017-08-06_tha,tha,-1.12,0,147.9,27.1,22.0,2.05,11.4,-3.97,0.2986,2.9287,1.82,0.0858,329.6,351,BOUNDARY_LAYER
2017-08-06_the,the,-1.86,0,146.3,51.5,19.6,2.62,10.8,-3.15,0.5452,2.8323,6.62,0.2264,375.4,343,AMBIGUOUS
2017-08-09_tha,tha,-0.66,0,134.1,64.9,21.5,1.49,11.6,-1.6,0.2188,3.105,3.84,0.2252,307.8,353,AMBIGUOUS
2017-08-12_the,the,2.0,1,284.9,54.3,17.8,3.0,5.7,6.11,1.3801,1.4569,31.73,1.8298,349.2,452,AMBIGUOUS
2017-08-16_the,the,-2.37,0,112.8,65.3,15.5,2.86,8.3,-3.04,0.7853,1.9546,36.18,1.0723,170.6,254,AMBIGUOUS
2017-08-17_thd,thd,2.13,1,63.3,45.0,13.7,3.67,8.1,-5.89,0.9029,1.8629,34.89,0.791,191.1,429,AMBIGUOUS
2017-08-18_thd,thd,1.15,1,56.4,49.3,13.3,3.41,9.1,-4.64,1.4657,1.1586,20.8,1.8183,386.5,761,AMBIGUOUS
2017-08-21_the,the,-0.69,0,192.4,56.3,13.9,1.56,13.6,-1.81,0.581,1.745,7.31,2.49,586.3,360,AMBIGUOUS
2017-08-22_thd,thd,-1.51,0,132.2,71.8,10.7,3.12,18.4,0.92,1.984,0.439,42.17,52.7672,367.6,733,AMBIGUOUS
2017-08-25_the,the,-0.24,0,95.3,43.5,12.7,1.48,9.3,-3.35,0.5601,1.6817,26.97,1.9823,189.9,331,AMBIGUOUS
2017-08-30_tha,tha,0.87,1,295.2,34.5,11.9,1.65,11.8,3.17,0.7382,2.3872,24.15,0.9876,150.2,392,CONFIRMED_PDL
2017-09-01_tha,tha,-0.04,0,268.1,36.4,11.7,2.35,13.1,-3.28,0.9234,3.4164,10.16,0.486,364.7,623,AMBIGUOUS
2017-09-02_tha,tha,-2.29,0,132.3,57.4,11.2,2.58,9.4,-3.42,2.3961,4.2219,7.8,1.5601,663.2,316,AMBIGUOUS
2017-09-03_tha,tha,0.23,1,49.0,38.0,10.5,1.53,11.7,-2.94,1.0097,1.7903,10.77,2.0851,334.0,941,AMBIGUOUS
2017-09-04_tha,tha,-1.62,0,137.6,77.4,9.6,2.1,12.2,0.89,1.2269,1.3384,18.66,3.2533,301.6,762,AMBIGUOUS
2017-09-07_tha,tha,-9.72,0,160.7,89.2,8.1,1.88,3.7,0.16,1.2452,2.2071,14.3,0.256,370.6,547,AMBIGUOUS
2017-09-08_tha,tha,-9.72,0,167.7,89.4,8.6,1.92,3.5,0.13,1.2572,2.205,14.02,0.2538,362.6,432,AMBIGUOUS
2017-09-11_tha,tha,0.16,1,73.8,80.1,6.4,2.74,22.6,-0.46,0.5873,3.6501,8.77,0.2279,225.6,258,CONFIRMED_PDL
2017-09-14_tha,tha,0.02,1,89.7,52.7,4.3,3.13,9.2,-3.96,0.3719,1.1632,12.02,1.5954,467.9,576,AMBIGUOUS
2017-09-15_tha,tha,-1.53,0,114.4,51.8,4.3,3.14,9.8,-4.0,1.2989,1.9628,12.06,1.1875,506.5,474,AMBIGUOUS
2017-09-15_thd,thd,-1.57,0,132.6,51.1,0.1,3.13,11.1,-3.58,0.9855,2.2245,11.21,0.9785,516.7,588,AMBIGUOUS
2017-09-16_tha,tha,-1.27,0,110.2,49.2,4.1,3.18,9.8,-4.26,1.1566,1.8102,12.03,1.2105,512.7,476,AMBIGUOUS
2017-09-17_the,the,-0.41,0,107.8,45.5,2.0,2.12,13.8,-2.6,0.2515,4.84,2.12,0.0803,520.0,224,BOUNDARY_LAYER
2017-09-18_tha,tha,-1.18,0,118.1,64.0,3.1,2.98,12.3,-2.15,1.4487,1.6169,12.28,1.7197,548.5,673,AMBIGUOUS
2017-09-18_the,the,-0.79,0,115.3,65.7,1.6,3.01,12.7,-1.99,1.8322,2.2883,22.72,7.0741,602.3,433,AMBIGUOUS
2017-09-19_the,the,0.48,1,55.3,27.2,0.9,1.56,11.1,-3.58,0.1125,3.7687,1.71,0.1064,483.2,388,AMBIGUOUS
2017-09-20_the,the,-1.15,0,135.5,25.3,0.0,2.01,10.0,-4.54,0.1259,3.134,2.38,0.076,281.6,374,BOUNDARY_LAYER
2017-09-22_the,the,-3.8,0,179.1,86.4,1.2,1.8,9.3,-0.32,0.7103,1.9459,29.4,1.1258,157.9,459,AMBIGUOUS
2017-09-23_the,the,-1.28,0,125.9,40.7,1.5,1.79,11.7,-3.09,0.0638,3.9449,2.93,0.1025,328.8,88,AMBIGUOUS
2017-09-27_tha,tha,-4.59,0,150.9,42.7,2.7,4.3,7.3,-7.67,2.4384,2.7655,37.64,2.6816,395.3,49,AMBIGUOUS
2017-09-27_thd,thd,-2.89,0,119.2,45.8,5.4,4.57,6.9,-7.71,1.7146,1.4029,25.32,3.0102,540.4,615,AMBIGUOUS
2017-09-27_the,the,-5.59,0,157.2,56.9,3.1,5.59,7.8,-5.84,1.915,2.966,49.93,3.2197,371.0,51,AMBIGUOUS
2017-09-28_the,the,-0.52,0,113.1,56.4,4.0,2.86,13.2,-2.53,0.1265,4.972,2.03,0.0652,611.1,293,BOUNDARY_LAYER
2017-10-11_the,the,-3.55,0,136.1,78.5,8.9,4.32,9.9,-1.46,0.888,2.3751,77.96,1.2848,179.7,397,AMBIGUOUS
2017-10-12_the,the,-1.78,0,124.6,68.0,9.8,4.59,15.5,-1.87,0.1136,4.15,4.55,0.0998,362.0,279,BOUNDARY_LAYER
2017-11-07_thd,thd,-6.04,0,129.8,68.2,29.3,9.26,7.8,-5.09,0.7046,1.2311,89.52,3.0438,222.6,495,AMBIGUOUS
2018-08-15_thd,thd,-4.23,0,156.1,74.8,21.0,4.54,9.5,-2.05,1.1532,1.6827,37.28,1.1332,232.3,489,AMBIGUOUS
2018-08-17_thd,thd,-1.41,0,111.6,65.5,25.8,3.04,9.5,-2.69,0.1845,2.1145,3.81,0.1384,382.8,22,AMBIGUOUS
2018-08-26_tha,tha,-14.99,0,161.7,75.4,9.0,6.12,4.9,-4.43,1.3298,1.4255,38.58,0.1445,120.1,562,AMBIGUOUS
2018-08-26_thd,thd,-4.64,0,115.4,72.7,10.4,4.56,5.5,-4.22,0.712,1.6495,22.4,0.2662,317.1,460,AMBIGUOUS
2018-08-31_thd,thd,0.11,1,271.7,80.6,19.9,1.9,12.0,-0.68,0.6183,2.3074,19.01,0.9327,222.6,490,CONFIRMED_PDL
2018-09-04_thd,thd,0.56,1,331.8,78.3,4.2,4.6,22.0,-0.7,1.928,1.0241,118.73,12.6749,169.1,413,AMBIGUOUS
2018-09-07_the,the,0.58,1,289.0,73.8,3.2,5.82,23.5,-0.95,1.189,1.3161,134.31,9.3471,190.5,257,AMBIGUOUS
2018-09-10_thd,thd,1.91,1,74.9,52.3,1.3,4.03,6.0,-7.44,0.5004,2.3147,16.8,0.1964,248.1,113,CONFIRMED_PDL
2018-09-10_the,the,-5.36,0,150.1,76.6,0.5,5.8,8.6,-2.27,1.1398,1.6917,91.88,1.955,212.5,337,AMBIGUOUS
2018-09-11_tha,tha,-3.24,0,133.2,41.7,0.5,4.72,7.1,-8.22,2.475,4.0397,20.05,0.9898,395.8,242,AMBIGUOUS
2018-09-11_thd,thd,1.92,1,74.9,52.3,0.3,4.01,6.0,-7.45,0.6807,2.557,21.67,0.2192,241.1,108,CONFIRMED_PDL
2018-09-13_tha,tha,-0.11,0,91.9,56.0,1.3,2.33,9.3,-3.25,1.012,1.6191,15.29,1.0715,263.7,738,AMBIGUOUS
2018-09-13_the,the,-1.68,0,122.8,70.0,0.6,3.03,12.6,-1.67,0.9913,1.6495,33.6,1.8271,314.9,424,AMBIGUOUS
2018-09-14_tha,tha,1.09,1,55.7,65.6,1.8,2.24,11.4,-1.91,1.1333,2.069,10.13,1.4394,451.3,669,AMBIGUOUS
2018-09-17_tha,tha,-1.14,0,229.6,79.2,2.4,3.19,12.1,-1.19,1.8838,0.852,45.25,2.6462,185.0,441,AMBIGUOUS
2018-09-17_thd,thd,1.88,1,315.8,72.8,3.6,2.05,12.2,1.24,0.1229,3.5557,1.92,0.0851,563.4,385,BOUNDARY_LAYER
2018-09-18_tha,tha,-1.15,0,235.4,65.6,3.0,1.67,12.4,1.55,1.4958,2.0959,11.38,2.9047,407.7,863,AMBIGUOUS
2018-09-18_thd,thd,1.88,1,315.4,65.4,2.7,1.98,12.2,1.73,0.1796,3.8361,2.47,0.1235,462.3,410,AMBIGUOUS
2018-09-21_thd,thd,0.31,1,279.4,77.2,10.6,0.88,13.9,0.52,0.6366,4.0377,12.43,0.4179,115.6,797,CONFIRMED_PDL
2018-09-22_thd,thd,-3.4,0,119.6,62.3,4.3,2.75,7.0,-3.96,1.5923,1.5665,60.37,1.3977,145.6,486,AMBIGUOUS
2018-09-23_thd,thd,0.53,1,274.2,60.8,5.5,2.77,6.9,4.13,0.2737,2.0452,7.81,0.2923,256.5,420,AMBIGUOUS
2018-09-23_the,the,-2.41,0,119.8,84.4,4.1,2.25,9.0,-0.57,1.5907,1.6484,37.85,2.3497,272.5,393,AMBIGUOUS
2018-09-24_the,the,0.82,1,325.2,47.8,4.9,4.27,19.9,-2.43,0.0771,4.0607,2.6,0.1316,576.6,135,AMBIGUOUS
2018-09-25_the,the,0.6,1,75.1,39.3,5.9,3.75,10.1,-5.06,5.256,0.9936,119.69,99.1051,269.4,369,AMBIGUOUS
2018-09-26_tha,tha,-0.05,0,94.2,47.5,7.3,1.69,11.5,-2.68,0.9237,2.183,15.46,1.5174,241.5,380,AMBIGUOUS
2018-09-26_thd,thd,0.51,1,28.8,45.7,6.4,2.1,12.8,-2.8,5.6914,7.2293,31.11,1.7583,146.6,12,AMBIGUOUS
2018-09-26_the,the,0.54,1,72.0,20.6,6.2,1.32,8.0,-4.69,0.8084,2.696,18.05,1.298,292.8,544,CONFIRMED_PDL
2018-09-27_the,the,0.41,1,74.4,21.7,9.0,1.31,8.5,-4.06,1.2512,1.7425,26.99,6.2627,273.7,248,AMBIGUOUS
2018-09-28_the,the,-2.62,0,148.8,72.9,6.3,2.36,13.2,1.17,3.2242,5.7696,30.19,4.1785,379.6,77,AMBIGUOUS
2018-09-30_thd,thd,-0.94,0,127.4,35.8,8.3,1.27,11.0,-2.84,0.5153,9.9659,2.54,0.0638,206.8,36,BOUNDARY_LAYER
2018-09-30_the,the,-1.06,0,137.7,34.7,8.0,1.12,12.7,-2.46,1.9681,4.2639,16.27,3.1713,199.8,59,AMBIGUOUS
2018-10-01_thd,thd,-0.81,0,103.0,86.8,10.8,2.68,12.1,-0.27,1.5405,3.038,25.87,1.1906,239.1,407,AMBIGUOUS
2018-10-03_the,the,-0.21,0,134.3,53.7,8.5,1.51,19.7,-1.27,0.0561,4.8821,1.37,0.0975,437.0,38,BOUNDARY_LAYER
2018-10-15_tha,tha,-0.12,0,267.2,57.8,16.8,1.7,11.9,2.03,0.7572,6.1593,2.97,0.1694,355.5,12,AMBIGUOUS
2018-10-16_tha,tha,0.06,1,271.4,59.0,16.8,1.68,11.9,1.98,0.537,6.1399,2.16,0.1553,478.4,341,CONFIRMED_PDL
2018-10-21_tha,tha,2.49,1,30.6,81.5,19.5,3.73,10.4,-0.96,1.4405,3.0032,51.05,1.2608,151.5,513,AMBIGUOUS
2018-10-23_tha,tha,1.46,1,308.1,55.3,20.5,2.19,13.3,2.18,0.2358,5.1872,6.5,0.2141,210.3,20,AMBIGUOUS
2018-10-24_tha,tha,1.44,1,307.9,56.6,20.0,2.18,13.4,2.11,0.134,3.1991,6.46,0.2136,210.8,27,AMBIGUOUS
2018-10-25_tha,tha,-0.3,0,149.0,53.1,20.3,2.5,26.3,-1.25,1.3001,2.4147,45.2,3.0537,139.8,789,AMBIGUOUS
2018-10-25_thd,thd,-0.47,0,247.7,74.7,17.6,1.51,13.1,0.87,1.8488,1.0375,45.02,22.4535,146.3,624,AMBIGUOUS
2018-10-26_tha,tha,3.37,1,319.1,78.2,20.9,2.43,9.1,1.32,2.7831,9.2526,27.75,0.7191,138.2,500,AMBIGUOUS
2018-10-29_the,the,0.71,1,293.0,63.4,18.6,1.69,12.6,-1.61,1.2283,3.3016,45.0,1.5218,113.3,562,AMBIGUOUS
2018-10-30_the,the,1.43,1,297.3,86.0,19.3,1.91,12.0,0.28,1.3674,1.8801,70.62,5.9588,124.9,530,AMBIGUOUS
2018-10-31_the,the,-0.05,0,90.8,48.3,19.6,3.1,11.5,-3.54,2.4343,2.5936,85.68,3.7074,131.0,295,AMBIGUOUS
2018-11-01_tha,tha,0.16,1,274.7,55.8,22.7,3.95,15.9,2.5,0.8827,2.0923,48.38,1.0146,139.2,470,CONFIRMED_PDL
2018-11-01_thd,thd,-0.03,0,90.5,55.6,19.4,3.18,12.4,-2.98,1.4487,0.9225,91.84,12.5878,135.7,465,AMBIGUOUS
2018-11-02_thd,thd,-0.42,0,211.8,59.5,18.7,2.4,21.4,-1.35,4.8291,6.9685,45.39,3.4038,160.7,328,AMBIGUOUS
2018-11-02_the,the,-0.05,0,91.5,35.3,19.5,2.0,13.8,-2.93,1.8604,3.7856,47.61,2.4572,146.7,265,AMBIGUOUS
2018-11-03_thd,thd,0.47,1,277.7,74.4,19.4,2.27,11.1,-1.25,1.2596,1.8324,46.87,3.4865,147.8,532,AMBIGUOUS
2018-11-03_the,the,2.53,1,321.7,83.0,20.1,2.59,14.5,0.48,1.0912,1.9177,67.0,6.1524,166.9,464,AMBIGUOUS
2018-11-04_the,the,-4.55,0,173.0,61.5,20.8,3.05,10.1,-2.77,4.0157,7.7208,52.22,1.6129,167.8,449,AMBIGUOUS
2018-11-05_the,the,-0.27,0,120.4,29.2,21.0,1.86,15.4,-2.67,0.1983,3.1468,2.85,0.2922,473.4,150,AMBIGUOUS
2018-11-06_thd,thd,-0.62,0,106.2,53.3,20.1,1.52,12.5,-2.14,1.0563,1.7122,12.99,2.1367,309.5,465,AMBIGUOUS
2018-11-07_thd,thd,0.14,1,86.8,59.6,20.1,2.46,10.9,-2.58,0.2802,2.875,9.2,0.4878,331.5,234,AMBIGUOUS
2018-11-07_the,the,-2.24,0,145.3,37.0,20.8,2.22,10.2,-4.27,0.7508,2.6444,23.88,1.2072,300.1,486,AMBIGUOUS
2018-11-08_thd,thd,0.52,1,77.1,63.5,20.0,2.45,11.2,-2.22,0.2746,2.8743,9.0,0.477,332.0,235,AMBIGUOUS
2018-11-09_thd,thd,-2.19,0,144.8,87.2,20.4,1.96,14.0,-0.17,1.0595,2.337,17.13,0.7082,225.7,404,AMBIGUOUS
2018-11-09_the,the,-2.99,0,227.8,55.6,22.1,2.5,9.8,3.15,1.0575,2.4079,41.74,1.8653,157.5,503,AMBIGUOUS
2018-11-10_thd,thd,-0.83,0,254.0,54.9,20.9,2.16,10.0,3.01,0.902,2.0849,10.97,0.8753,364.5,360,AMBIGUOUS
2018-11-11_the,the,1.77,1,316.8,55.2,23.5,2.74,12.3,2.74,0.415,2.3979,8.88,0.6713,572.2,388,CONFIRMED_PDL
2018-11-12_thd,thd,-1.2,0,226.4,77.3,20.5,2.54,13.3,0.92,1.2577,1.5991,13.31,3.9406,519.8,539,AMBIGUOUS
2018-11-19_thd,thd,0.56,1,279.2,80.5,21.4,3.84,13.4,-0.84,1.2305,0.9435,92.34,8.092,138.4,462,AMBIGUOUS
2018-12-07_thd,thd,-0.75,0,261.5,55.4,28.3,6.58,9.2,5.1,0.9037,2.1054,71.78,2.339,215.4,438,AMBIGUOUS
2019-10-04_thd,thd,-0.33,0,125.1,22.4,27.9,2.52,22.0,-2.38,3.0333,2.1752,51.94,17.7361,198.0,566,AMBIGUOUS
2019-10-11_thd,thd,-0.96,0,120.1,48.4,25.0,1.6,12.8,-2.35,0.8374,2.6345,11.63,1.0407,307.8,623,AMBIGUOUS
2019-10-16_tha,tha,3.82,1,355.4,67.2,19.9,5.04,13.6,-2.3,1.6267,1.5292,98.02,5.8324,172.8,573,AMBIGUOUS
2019-10-18_thd,thd,-0.72,0,144.8,35.4,22.2,1.32,13.5,-2.51,1.231,2.0293,21.29,3.274,168.0,272,AMBIGUOUS
2019-10-22_thd,thd,0.31,1,302.9,63.1,13.9,1.83,28.5,0.8,0.6676,4.1707,32.65,1.2376,146.8,471,CONFIRMED_PDL
2019-10-24_thd,thd,-2.04,0,109.8,64.8,14.4,5.03,9.2,-3.67,2.1571,2.2578,42.95,3.3276,355.1,408,AMBIGUOUS
2019-10-24_the,the,-0.41,0,93.8,62.8,16.0,4.27,9.2,-3.57,0.9169,1.669,31.26,2.3512,442.6,379,AMBIGUOUS
2019-10-25_tha,tha,-1.92,0,109.7,66.1,18.9,3.79,9.3,-3.0,1.3274,1.8945,22.74,1.0528,327.6,643,AMBIGUOUS
2019-10-25_the,the,-1.23,0,102.2,64.5,18.6,3.9,9.3,-3.24,0.9423,1.8422,31.01,2.3601,446.3,401,AMBIGUOUS
2019-10-26_tha,tha,-1.03,0,105.6,86.8,19.0,3.71,12.6,-0.29,0.9994,3.0477,17.31,1.0233,400.6,562,AMBIGUOUS
2019-10-27_thd,thd,0.03,1,89.3,84.9,14.7,1.46,11.9,0.32,0.6106,2.9747,5.9,0.4074,392.9,440,CONFIRMED_PDL
2019-10-29_the,the,1.36,1,356.4,62.2,17.0,2.79,9.3,-2.75,0.8023,1.6457,46.96,1.842,217.1,357,CONFIRMED_PDL
2019-10-30_tha,tha,-2.44,0,253.1,68.0,20.5,6.74,9.1,-3.68,1.3744,1.6598,17.89,0.1876,175.9,269,AMBIGUOUS
2019-10-30_thd,thd,0.39,1,271.9,70.0,14.8,1.82,3.8,-4.25,0.7562,1.4063,17.66,0.1172,60.4,400,CONFIRMED_PDL
2019-10-30_the,the,1.08,1,277.1,84.2,17.5,8.05,9.5,1.07,8.7884,1.0434,203.54,3.0367,172.8,291,AMBIGUOUS
2019-10-31_the,the,3.0,1,292.8,80.2,16.6,8.68,9.5,1.81,8.5105,1.018,196.05,2.6113,171.1,282,AMBIGUOUS
2019-11-01_the,the,1.32,1,54.3,36.6,16.8,2.06,11.9,3.33,0.9842,2.3871,37.84,2.1855,220.5,471,AMBIGUOUS
2019-11-02_thd,thd,1.44,1,309.9,53.0,15.0,0.91,12.1,1.69,0.4171,3.1737,9.72,0.3621,137.6,447,CONFIRMED_PDL
2019-11-03_tha,tha,2.4,1,337.6,74.2,20.5,1.63,15.3,0.78,0.7969,3.344,23.27,0.5149,123.5,834,CONFIRMED_PDL
2019-11-03_thd,thd,1.48,1,307.8,78.3,15.7,1.89,18.1,-0.54,0.7156,4.3897,31.06,0.786,122.3,478,CONFIRMED_PDL
2019-11-03_the,the,1.33,1,312.3,67.2,17.8,1.81,17.3,1.06,0.855,2.8512,42.01,1.4914,115.2,543,CONFIRMED_PDL
2019-11-04_thd,thd,-0.9,0,188.2,76.9,15.9,1.82,15.4,-0.72,0.8313,1.8162,20.45,3.4394,289.4,138,AMBIGUOUS
2019-11-04_the,the,-0.9,0,188.2,76.9,17.6,1.82,15.4,-0.72,1.4575,1.1857,43.0,8.9007,172.7,153,AMBIGUOUS
2019-11-05_tha,tha,-1.63,0,122.5,87.2,21.3,1.6,8.6,0.25,1.0916,1.1093,23.99,4.234,206.8,1004,AMBIGUOUS
2019-11-05_thd,thd,-0.62,0,205.8,78.8,15.4,1.83,16.1,-0.57,0.871,1.7544,21.1,3.3285,266.7,160,AMBIGUOUS
2019-11-05_the,the,-0.88,0,192.6,77.4,17.6,1.83,15.8,-0.67,1.4279,1.2764,42.85,8.7673,172.7,154,AMBIGUOUS
2019-11-06_tha,tha,-0.53,0,104.7,49.5,21.4,1.56,12.6,-2.24,1.0605,1.6452,18.81,2.9636,179.2,896,AMBIGUOUS
2019-11-06_thd,thd,-0.54,0,134.0,23.9,15.9,1.31,15.9,-2.34,1.2052,3.5446,15.45,2.0165,236.7,132,AMBIGUOUS
2019-11-06_the,the,0.62,1,64.3,39.8,17.5,1.53,12.8,-2.59,0.9238,3.0705,23.31,1.1435,196.2,234,AMBIGUOUS
2019-11-07_thd,thd,-0.81,0,108.9,87.6,16.0,0.94,12.5,-0.11,0.2479,8.1597,3.89,0.2526,226.8,507,AMBIGUOUS
2019-11-08_the,the,-1.78,0,131.0,52.8,18.4,1.36,11.9,-2.28,0.6541,2.6934,29.15,1.5954,143.9,530,AMBIGUOUS
2019-11-09_the,the,-1.35,0,122.9,72.6,18.2,1.35,11.8,0.99,0.8069,1.9468,25.49,2.3224,163.3,431,AMBIGUOUS
2019-11-10_the,the,-1.31,0,122.1,66.0,18.2,1.33,12.1,1.34,0.8083,1.9347,25.88,2.5355,159.1,468,AMBIGUOUS
2019-11-23_tha,tha,-0.87,0,101.2,50.5,21.6,1.64,7.3,-3.8,1.6157,1.6783,18.7,0.9835,191.8,279,AMBIGUOUS
2019-11-24_tha,tha,-1.88,0,114.0,58.6,21.4,1.56,7.8,2.94,0.0878,2.1643,1.05,0.0561,363.3,406,BOUNDARY_LAYER
2019-11-27_tha,tha,-0.38,0,97.1,56.0,21.8,1.49,9.5,-2.57,0.4472,3.0673,8.83,0.2056,149.1,928,AMBIGUOUS
2019-11-28_tha,tha,1.15,1,296.7,54.1,21.6,2.13,11.4,2.57,1.4668,1.4493,58.21,4.0567,123.2,846,AMBIGUOUS
2019-11-28_thd,thd,0.53,1,81.8,79.3,17.6,2.03,10.5,-0.86,1.5486,1.722,49.9,2.7921,149.5,508,AMBIGUOUS
2019-11-29_tha,tha,-1.08,0,253.8,82.4,21.3,2.22,10.1,0.7,0.8047,2.8509,18.71,0.3218,140.7,510,AMBIGUOUS
2019-11-30_tha,tha,-0.62,0,260.5,78.0,21.3,2.26,10.5,1.08,0.7693,2.6138,18.25,0.3197,141.2,514,AMBIGUOUS
2019-12-01_tha,tha,1.58,1,297.0,48.1,20.8,3.36,15.0,3.02,3.7815,4.8422,46.31,2.1693,160.6,436,AMBIGUOUS
2019-12-02_the,the,1.33,1,314.4,46.5,19.0,1.62,15.7,1.94,0.7941,3.3996,36.68,1.6748,143.2,521,CONFIRMED_PDL
2019-12-03_thd,thd,-0.85,0,116.3,69.8,16.6,1.53,17.9,-0.84,0.8312,3.3223,31.95,1.9603,128.5,462,AMBIGUOUS
2019-12-03_the,the,-1.27,0,133.0,59.0,19.2,1.52,18.9,-1.15,0.2287,4.8064,11.72,0.3009,156.3,235,AMBIGUOUS
2019-12-04_tha,tha,-0.58,0,120.4,89.1,21.2,2.6,22.3,-0.04,1.1295,1.1066,63.44,13.44,122.7,739,AMBIGUOUS
2019-12-04_the,the,1.03,1,301.3,75.5,18.9,2.12,21.4,-0.61,0.5016,4.9397,32.26,0.5625,117.4,394,CONFIRMED_PDL
2019-12-05_the,the,0.9,1,293.5,78.0,19.1,2.0,19.0,-0.52,0.6924,4.2867,44.62,0.9651,122.1,428,CONFIRMED_PDL
2019-12-06_thd,thd,0.58,1,286.6,54.2,16.2,1.16,10.5,2.42,1.6639,1.7914,35.87,6.1694,169.2,694,AMBIGUOUS
2019-12-08_the,the,0.56,1,48.8,29.3,18.9,1.82,10.4,4.1,1.6639,0.9737,43.1,6.3129,171.2,541,AMBIGUOUS
2019-12-09_thd,thd,0.04,1,271.7,46.6,15.7,1.19,8.8,3.0,0.8019,2.6355,22.77,0.7524,121.7,643,CONFIRMED_PDL
2019-12-09_the,the,1.13,1,290.5,52.0,18.6,1.95,9.9,2.96,1.3654,1.0875,81.09,31.8785,152.9,525,AMBIGUOUS
2019-12-10_thd,thd,2.88,1,299.4,87.7,16.3,1.58,7.2,-0.24,1.1015,1.5156,19.24,0.6726,167.1,606,AMBIGUOUS
2019-12-11_thd,thd,-0.74,0,139.0,80.0,16.0,1.12,12.7,0.52,0.9055,1.4147,11.45,1.8391,259.0,546,AMBIGUOUS
2019-12-11_the,the,-0.76,0,259.1,80.0,17.9,2.48,8.9,-0.95,2.0452,8.2766,21.03,0.8199,248.5,88,AMBIGUOUS
2019-12-14_thd,thd,0.9,1,282.2,43.0,15.8,2.11,7.8,4.74,1.5712,0.9725,49.85,8.2329,179.3,541,AMBIGUOUS
2019-12-18_thd,thd,1.71,1,68.4,78.5,16.2,3.6,12.0,1.12,1.8537,1.4767,36.33,4.0038,340.6,445,AMBIGUOUS
2019-12-18_the,the,-3.43,0,126.8,68.8,17.8,3.42,8.7,-2.57,1.0635,1.1539,34.49,2.3946,334.6,401,AMBIGUOUS
2019-12-19_thd,thd,0.94,1,77.8,79.2,14.6,3.49,11.7,1.09,1.5332,1.3169,35.39,3.9612,335.8,451,AMBIGUOUS
2019-12-22_thd,thd,1.19,1,74.0,71.9,25.0,0.85,6.6,-1.55,1.0594,1.6726,18.07,0.9391,127.9,827,AMBIGUOUS
2019-12-26_the,the,0.13,1,272.4,76.0,24.7,2.0,13.0,-0.92,1.1745,2.105,42.18,3.4366,201.3,569,AMBIGUOUS
2019-12-29_thd,thd,-0.65,0,261.9,79.5,28.2,1.68,9.6,0.88,1.6772,1.3498,60.34,4.9088,107.3,594,AMBIGUOUS
2020-11-22_tha,tha,-0.68,0,98.4,47.4,15.5,3.41,6.6,-6.57,1.4621,0.8111,40.37,8.6462,371.4,685,AMBIGUOUS
2020-11-22_thd,thd,-0.68,0,98.4,47.4,17.3,3.41,6.6,-6.57,1.2783,1.1637,44.21,3.6527,324.3,571,AMBIGUOUS
2020-12-06_tha,tha,-2.13,0,137.7,42.1,11.9,2.36,12.2,-3.5,2.3634,0.7926,39.91,4.624,166.9,759,AMBIGUOUS
2020-12-06_thd,thd,-1.93,0,143.7,41.1,11.2,2.58,12.7,-3.37,1.9841,1.0126,48.79,4.2186,179.4,615,AMBIGUOUS
2020-12-09_tha,tha,-1.5,0,229.8,59.0,10.9,2.64,11.0,2.85,0.1286,4.8255,2.99,0.0761,275.7,185,BOUNDARY_LAYER
2020-12-09_thd,thd,-1.88,0,210.7,54.4,10.3,2.29,10.5,3.14,1.0105,10.4094,11.95,0.2384,201.0,128,AMBIGUOUS
2020-12-09_the,the,-1.39,0,224.8,60.8,12.1,2.56,10.9,2.68,1.1834,1.6969,73.8,3.7145,162.5,516,AMBIGUOUS
2020-12-10_tha,tha,3.67,1,309.6,86.3,10.9,6.07,11.9,0.46,1.2486,1.7742,33.59,1.4798,379.3,495,AMBIGUOUS
2020-12-10_thd,thd,3.65,1,302.9,87.3,10.3,6.55,11.0,0.39,1.3207,1.8245,44.15,1.9929,403.5,395,AMBIGUOUS
2020-12-10_the,the,3.6,1,307.0,87.1,12.1,6.32,11.6,0.39,1.0002,2.0705,37.92,0.9933,347.3,336,AMBIGUOUS
2020-12-12_tha,tha,0.97,1,284.6,56.7,11.1,1.68,9.3,2.71,0.5539,2.2792,13.48,0.5241,172.6,723,CONFIRMED_PDL
2020-12-13_tha,tha,0.19,1,276.6,40.1,11.0,1.39,10.3,3.09,0.3009,2.9452,7.26,0.2196,143.1,479,AMBIGUOUS
2020-12-15_thd,thd,-1.21,0,188.5,30.3,10.5,1.83,14.4,2.98,1.3476,1.4487,79.77,7.381,86.3,626,AMBIGUOUS
2020-12-16_tha,tha,-1.04,0,199.5,44.8,10.1,1.81,15.2,2.41,2.1015,2.5417,58.1,3.6524,92.3,299,AMBIGUOUS
2020-12-16_thd,thd,-1.29,0,195.6,29.7,10.3,1.74,14.1,3.01,1.71,1.1893,79.56,7.0644,84.2,663,AMBIGUOUS
2020-12-16_the,the,-1.14,0,197.5,36.1,11.8,1.74,14.5,2.78,1.9847,1.0763,97.65,11.7206,103.8,436,AMBIGUOUS
2020-12-17_thd,thd,1.54,1,64.7,72.0,10.0,1.76,9.5,-1.51,0.5267,3.0734,29.66,0.4581,83.1,494,CONFIRMED_PDL
2020-12-17_the,the,1.71,1,59.6,71.5,11.5,1.84,10.3,-1.42,0.6904,4.217,45.19,0.5921,87.0,516,CONFIRMED_PDL
2020-12-18_thd,thd,-0.3,0,94.1,68.3,10.1,2.17,11.1,-1.74,1.2364,1.2191,81.44,5.6239,91.6,478,AMBIGUOUS
2020-12-18_the,the,-0.18,0,92.4,69.1,11.7,2.17,10.9,-1.71,0.8852,1.4498,66.65,2.834,104.5,341,AMBIGUOUS
2020-12-20_thd,thd,0.86,1,60.5,58.9,10.4,1.23,11.5,-1.75,0.3167,1.9848,7.67,0.3962,174.3,777,AMBIGUOUS
2020-12-21_the,the,-1.47,0,257.5,64.7,11.6,1.91,5.6,3.83,1.5492,1.8262,42.06,1.5461,169.8,114,AMBIGUOUS
2021-01-04_tha,tha,1.06,1,35.6,27.5,7.2,1.83,8.3,-5.02,1.5857,1.2776,55.18,2.2729,105.7,445,AMBIGUOUS
2021-01-07_tha,tha,-0.63,0,242.3,51.8,6.2,1.52,12.6,2.12,0.2611,2.8368,2.38,0.1273,303.9,593,AMBIGUOUS
2021-01-07_thd,thd,-0.56,0,253.9,44.4,8.5,1.42,10.8,2.78,0.1296,2.8011,1.48,0.1261,483.3,627,AMBIGUOUS
2021-01-09_the,the,0.32,1,274.7,78.0,8.6,1.24,9.4,0.89,1.0616,1.5188,32.32,1.439,124.1,718,AMBIGUOUS
2021-01-11_tha,tha,-5.26,0,117.6,74.6,5.9,5.19,6.1,-3.56,0.5348,1.9798,23.12,0.2436,189.2,428,AMBIGUOUS
2021-01-12_thd,thd,2.59,1,53.0,67.3,8.2,1.63,8.5,-2.05,0.7571,2.3989,15.72,0.4477,174.9,707,CONFIRMED_PDL
2021-01-12_the,the,2.49,1,55.5,69.1,8.4,1.65,8.6,-1.88,0.7684,2.5134,20.07,0.7479,230.4,545,CONFIRMED_PDL
2021-01-13_tha,tha,0.44,1,74.6,28.3,5.5,1.99,13.3,-3.32,1.3613,1.5702,30.58,3.8081,155.5,405,AMBIGUOUS
2021-01-13_thd,thd,0.21,1,81.6,26.9,7.8,1.96,13.0,-3.38,1.1613,2.3501,32.1,1.6363,171.9,442,AMBIGUOUS
2021-01-13_the,the,0.4,1,75.8,28.3,7.9,1.99,13.3,-3.32,0.7422,3.1397,23.98,0.6953,193.9,264,CONFIRMED_PDL
2021-01-14_tha,tha,0.62,1,68.6,30.2,5.0,2.04,13.2,-3.32,1.4331,1.87,30.04,2.489,150.1,335,AMBIGUOUS
2021-01-14_thd,thd,0.44,1,74.4,28.3,8.0,1.99,13.3,-3.32,1.1887,2.3172,32.1,1.6363,171.9,442,AMBIGUOUS
2021-01-14_the,the,0.44,1,74.4,28.3,7.9,1.99,13.3,-3.32,0.747,3.1289,23.98,0.6953,194.6,266,CONFIRMED_PDL
2021-01-15_thd,thd,0.74,1,68.8,75.0,7.3,1.84,19.0,-0.62,0.7272,2.1418,40.93,1.6382,124.2,256,CONFIRMED_PDL
2021-01-15_the,the,0.69,1,69.4,78.3,7.4,1.77,20.4,-0.46,0.4421,3.422,28.18,0.6665,131.1,365,CONFIRMED_PDL
2021-01-16_tha,tha,1.14,1,334.7,55.8,4.3,2.08,14.1,2.05,1.2942,1.8623,63.97,7.5887,114.4,564,AMBIGUOUS
2021-01-16_thd,thd,0.87,1,19.4,59.7,7.1,2.19,14.6,1.83,1.1488,1.183,72.98,10.5292,106.1,550,AMBIGUOUS
2021-01-16_the,the,0.94,1,5.1,54.7,7.2,2.14,14.5,2.1,0.8188,2.7826,60.22,2.3862,128.9,532,AMBIGUOUS
2021-01-17_thd,thd,-0.11,0,93.0,83.4,7.3,1.95,22.8,0.25,0.8781,3.9948,54.14,2.3543,117.0,499,AMBIGUOUS
2021-01-17_the,the,-0.1,0,92.7,85.0,7.4,1.94,22.7,0.19,0.831,3.0365,62.35,3.8394,127.8,331,AMBIGUOUS
2021-01-18_tha,tha,-0.58,0,103.2,61.6,4.6,2.55,14.5,-1.85,0.9213,2.9898,70.32,2.1889,100.6,720,AMBIGUOUS
2021-01-18_thd,thd,-0.01,0,90.2,60.1,7.5,2.47,16.1,-1.62,1.0836,3.1298,76.8,2.2018,98.9,593,AMBIGUOUS
2021-01-18_the,the,-0.3,0,96.8,62.6,7.5,2.53,14.8,-1.73,1.2953,2.1143,112.64,6.5958,101.4,497,AMBIGUOUS
2021-01-19_tha,tha,0.02,1,270.2,74.3,4.4,2.73,8.4,1.83,1.0317,2.9209,56.33,2.1248,122.2,611,AMBIGUOUS
2021-01-19_thd,thd,-0.62,0,263.9,78.7,7.5,2.72,9.1,1.2,0.9717,2.2906,61.13,1.4105,121.5,547,AMBIGUOUS
2021-01-19_the,the,-0.1,0,269.0,76.3,7.3,2.69,8.9,1.51,0.7132,2.3912,50.68,0.9093,117.0,395,AMBIGUOUS
2021-01-20_the,the,1.97,1,60.1,67.2,6.9,2.18,10.9,-1.93,0.2124,2.3842,10.93,0.2907,196.7,70,AMBIGUOUS
2021-01-21_the,the,-0.77,0,129.0,83.7,8.1,1.53,23.4,-0.22,0.645,4.4404,37.94,2.9336,160.0,319,AMBIGUOUS
2021-01-23_the,the,0.41,1,85.0,55.5,5.8,2.41,8.9,-3.61,0.9113,2.5952,51.19,1.526,121.6,489,AMBIGUOUS
2021-02-06_tha,tha,1.91,1,36.8,65.1,16.0,5.5,11.3,-3.34,1.4595,0.9806,50.87,8.154,349.4,530,AMBIGUOUS
2021-02-06_thd,thd,1.91,1,36.8,65.1,12.4,5.5,11.3,-3.34,1.8139,1.3007,72.7,3.9735,297.4,428,AMBIGUOUS
2021-02-06_the,the,1.91,1,36.8,65.1,14.8,5.5,11.3,-3.34,1.0287,0.7881,60.67,11.4259,374.2,372,AMBIGUOUS
2021-02-07_tha,tha,-2.32,0,156.9,76.3,10.0,5.51,11.3,-1.86,0.9769,1.3248,45.79,6.0335,357.7,589,AMBIGUOUS
2021-02-07_thd,thd,-0.81,0,130.8,70.0,8.2,5.54,11.3,-2.69,1.6774,1.1235,70.77,3.8441,297.8,433,AMBIGUOUS
2021-02-07_the,the,-3.18,0,147.8,77.4,5.5,5.41,11.1,-1.68,0.9097,0.6611,60.17,10.8641,348.9,379,AMBIGUOUS
2021-12-19_tha,tha,1.46,1,279.7,80.1,17.6,7.88,7.2,2.46,2.0547,0.6707,67.11,2.9647,177.4,477,AMBIGUOUS
2021-12-19_thd,thd,2.88,1,289.6,79.6,21.9,7.88,7.3,2.46,0.7317,0.2604,31.94,7.0348,158.6,390,AMBIGUOUS
2021-12-19_the,the,-1.51,0,260.5,82.3,22.7,7.88,6.7,2.01,2.6927,0.9132,90.56,0.9734,172.9,355,AMBIGUOUS
2021-12-29_tha,tha,7.6,1,45.6,80.1,9.6,8.4,8.2,1.99,7.3453,1.414,98.99,0.9543,171.0,422,AMBIGUOUS
2021-12-29_thd,thd,7.6,1,44.8,80.1,14.7,8.37,8.3,1.99,5.2941,1.2649,89.15,0.6238,152.3,329,AMBIGUOUS
2021-12-30_tha,tha,7.6,1,45.8,80.1,9.9,8.39,8.1,1.99,6.7775,1.4708,98.72,0.9423,171.0,427,AMBIGUOUS
2021-12-30_thd,thd,7.6,1,45.8,80.1,17.2,8.39,8.1,1.99,4.6347,1.3105,89.3,0.6263,152.5,326,AMBIGUOUS
2021-12-30_the,the,7.6,1,46.5,79.6,15.0,8.39,8.0,2.08,12.0579,1.5158,117.33,0.8031,161.1,326,AMBIGUOUS
2022-01-14_tha,tha,-5.47,0,214.9,85.5,7.1,4.42,7.0,0.86,1.381,1.9866,46.63,0.8212,233.7,561,AMBIGUOUS
2022-01-14_thd,thd,-8.8,0,202.9,79.6,11.6,4.35,5.3,-2.22,1.4795,1.594,64.53,0.3891,83.6,54,AMBIGUOUS
2022-01-14_the,the,-6.84,0,209.5,89.0,9.9,4.38,6.6,0.2,0.7262,2.5054,37.36,0.488,299.2,446,AMBIGUOUS
2022-01-15_tha,tha,-5.3,0,215.6,81.6,7.0,4.44,7.2,1.55,1.3781,2.057,46.3,0.7794,232.9,555,AMBIGUOUS
2022-01-15_thd,thd,-5.47,0,214.9,85.4,12.1,4.42,7.0,0.87,1.36,1.6165,55.73,0.8634,160.3,104,AMBIGUOUS
2022-01-15_the,the,-5.47,0,214.9,85.4,10.1,4.42,7.0,0.87,0.7041,2.5243,35.65,0.4801,312.4,356,AMBIGUOUS
2022-01-17_tha,tha,1.45,1,32.7,43.8,6.7,2.11,11.6,3.04,0.3787,3.5075,5.0,0.2783,446.6,743,AMBIGUOUS
2022-01-19_tha,tha,-0.01,0,269.7,40.6,7.2,2.39,16.4,-2.53,13.0844,3.3743,19.29,27.6701,541.5,253,AMBIGUOUS
2022-01-19_thd,thd,0.49,1,289.9,66.9,11.6,2.42,16.3,-1.32,1.4214,1.6245,14.62,8.375,542.5,437,AMBIGUOUS
2022-01-19_the,the,0.26,1,279.7,53.0,10.0,2.39,16.3,-2.01,6.3008,6.1254,20.84,11.1565,556.5,202,AMBIGUOUS
2022-01-21_tha,tha,-3.72,0,216.0,85.4,6.9,1.68,8.9,0.41,0.7032,1.9253,9.63,0.8014,416.4,323,AMBIGUOUS
2022-01-21_thd,thd,-3.25,0,227.7,88.6,11.5,1.78,8.9,-0.13,0.3089,2.1792,5.16,0.2067,333.3,607,AMBIGUOUS
2022-01-22_tha,tha,-3.78,0,192.1,73.2,8.1,1.44,8.9,1.38,0.9941,1.8784,12.95,0.8719,234.9,671,AMBIGUOUS
2022-01-24_tha,tha,0.85,1,285.6,74.6,6.3,1.62,10.6,-1.1,0.3246,3.3152,10.33,0.2985,168.5,646,AMBIGUOUS
2022-01-25_the,the,-2.45,0,116.4,81.8,8.8,7.11,9.8,1.4,1.7471,1.2069,301.74,8.3997,138.7,336,AMBIGUOUS
2022-01-26_tha,tha,1.7,1,353.6,45.8,6.7,2.25,9.1,-4.38,1.4306,1.5846,27.35,3.1403,242.1,507,AMBIGUOUS
2022-01-26_thd,thd,2.78,1,357.9,44.8,11.0,2.45,7.8,-5.24,1.051,1.5923,29.01,2.2557,264.6,508,AMBIGUOUS
2022-01-26_the,the,3.07,1,354.0,44.5,9.1,2.35,7.8,-5.26,1.2653,1.3608,40.52,4.4055,285.7,499,AMBIGUOUS
2022-01-27_thd,thd,0.8,1,79.1,89.3,11.1,2.98,12.6,-0.06,0.6712,3.6813,14.62,0.5362,284.4,526,CONFIRMED_PDL
2022-01-27_the,the,0.9,1,77.7,88.7,9.2,3.1,12.7,0.11,2.1048,7.5785,25.91,1.3669,266.8,9,AMBIGUOUS
2022-01-28_thd,thd,0.41,1,84.4,71.9,11.0,1.97,7.6,-1.98,0.2827,2.2287,7.7,0.2635,277.1,405,AMBIGUOUS
2022-01-28_the,the,0.21,1,87.1,70.3,9.0,1.98,7.6,-2.16,0.2797,2.231,9.73,0.3609,287.6,320,AMBIGUOUS
2022-02-01_thd,thd,-0.2,0,101.2,40.8,10.2,1.38,7.6,-4.06,0.1372,2.3606,2.57,0.1795,422.7,156,AMBIGUOUS
2022-02-01_the,the,-0.3,0,105.9,40.5,8.1,1.38,7.7,-4.07,0.2876,2.1395,6.81,0.5622,324.9,162,AMBIGUOUS
2022-02-13_tha,tha,-2.58,0,241.9,64.8,6.6,2.08,7.6,2.88,0.889,1.8682,10.69,0.6931,303.7,271,AMBIGUOUS
2022-02-16_tha,tha,-1.79,0,242.7,81.3,5.0,1.44,8.8,0.71,0.2145,2.75,4.37,0.106,219.4,503,AMBIGUOUS
2022-02-19_tha,tha,-1.14,0,258.7,49.4,4.9,2.93,6.6,5.65,1.5708,2.0103,49.27,1.8379,247.3,681,AMBIGUOUS
2022-02-20_tha,tha,3.81,1,46.1,56.0,4.8,1.67,6.0,-4.3,0.9282,1.5346,10.0,0.3255,210.2,887,AMBIGUOUS
2022-02-20_thd,thd,3.55,1,48.8,55.5,8.2,1.67,5.9,-4.38,0.2912,2.4695,3.33,0.1334,338.6,386,AMBIGUOUS
2022-02-20_the,the,3.57,1,48.6,55.5,5.7,1.67,5.9,-4.38,1.0863,1.658,16.44,0.6352,225.8,311,AMBIGUOUS
2022-02-21_tha,tha,4.17,1,42.9,53.7,4.5,1.63,5.9,-4.56,0.8805,1.415,9.57,0.3092,209.7,901,CONFIRMED_PDL
2022-02-21_thd,thd,3.83,1,46.0,56.0,8.7,1.67,6.0,-4.3,0.219,1.8541,2.97,0.1293,344.6,434,AMBIGUOUS
2022-02-21_the,the,3.83,1,46.0,56.0,6.4,1.67,6.0,-4.3,0.9704,1.4581,15.38,0.5318,230.3,598,AMBIGUOUS
2022-02-22_tha,tha,-3.79,0,141.3,69.4,4.2,2.27,9.0,-2.08,1.155,1.8608,13.42,1.3246,349.9,791,AMBIGUOUS
2022-02-22_thd,thd,-2.86,0,130.7,68.4,7.8,2.27,9.2,-2.12,1.3235,1.5196,17.7,3.0808,385.7,530,AMBIGUOUS
2022-02-23_thd,thd,-0.46,0,105.7,62.8,7.5,1.49,8.7,-2.17,0.7612,1.3196,13.38,2.6989,328.9,788,AMBIGUOUS
2022-02-23_the,the,-0.48,0,107.4,62.5,5.0,1.48,8.6,-2.19,0.3536,2.032,7.53,0.6357,351.7,581,AMBIGUOUS
2022-02-25_the,the,0.53,1,76.9,53.5,5.2,1.42,8.3,-2.98,0.5355,2.1178,12.73,0.2752,146.2,106,CONFIRMED_PDL
2022-02-26_thd,thd,1.6,1,59.9,71.0,7.6,1.74,12.5,1.23,1.0298,2.3673,29.24,1.7,164.8,723,AMBIGUOUS
2022-02-26_the,the,1.54,1,61.0,69.6,5.1,1.76,12.4,1.32,1.0494,2.0483,35.65,2.2264,187.4,570,AMBIGUOUS
2022-02-27_tha,tha,4.54,1,43.5,62.3,4.0,2.26,6.5,-3.72,0.4132,2.0367,7.82,0.1835,221.3,252,CONFIRMED_PDL
2022-02-27_thd,thd,2.76,1,46.7,50.4,7.3,2.2,6.8,-4.9,0.4762,2.9199,10.69,0.1747,222.7,197,CONFIRMED_PDL
2022-02-27_the,the,2.91,1,45.9,52.7,4.7,2.22,6.9,-4.68,0.2367,2.6614,6.53,0.2305,382.4,114,AMBIGUOUS
2022-03-04_thd,thd,-2.21,0,220.8,51.5,6.3,2.5,10.0,3.46,0.7146,2.6344,18.92,0.5349,210.8,539,AMBIGUOUS
2022-03-04_the,the,-2.1,0,222.9,49.6,3.9,2.48,9.9,3.58,1.3264,2.5256,33.95,1.7796,257.4,411,AMBIGUOUS
2022-03-05_thd,thd,-5.1,0,178.8,89.7,6.5,2.44,6.7,0.04,1.6761,5.1607,12.65,0.2428,184.8,29,AMBIGUOUS
2022-03-11_the,the,-2.65,0,198.2,52.8,2.3,2.82,7.5,4.62,1.8893,1.2156,86.12,2.295,161.2,479,AMBIGUOUS
2022-03-13_the,the,1.37,1,275.1,71.5,2.8,10.08,5.3,6.82,2.1284,2.0645,127.39,1.156,252.7,217,AMBIGUOUS
2023-02-15_tha,tha,-3.73,0,152.4,70.4,13.9,5.88,12.8,-2.2,1.4647,1.0796,123.33,4.2948,147.6,483,AMBIGUOUS
2023-02-15_thd,thd,-3.32,0,148.1,65.6,15.4,6.0,13.1,-2.66,0.8648,1.3662,89.72,2.3933,173.5,352,AMBIGUOUS
2023-02-15_the,the,-3.32,0,148.2,66.2,13.7,5.95,13.1,-2.6,0.9129,1.3116,120.81,3.663,170.5,353,AMBIGUOUS
2023-02-20_tha,tha,3.59,1,56.4,64.1,14.2,3.32,6.7,-4.26,0.1192,1.776,4.02,0.1167,393.6,297,AMBIGUOUS
2023-02-23_tha,tha,-0.6,0,251.5,60.5,13.1,3.33,8.6,-3.61,1.1662,1.683,16.75,1.1834,379.8,651,AMBIGUOUS
2023-02-23_thd,thd,-0.94,0,243.0,62.0,13.6,3.4,8.7,-3.53,0.9532,1.4888,19.16,1.3184,413.0,501,AMBIGUOUS
2023-02-24_tha,tha,4.4,1,29.7,73.1,13.1,3.78,10.1,1.92,1.2733,1.4892,28.87,2.284,344.0,580,AMBIGUOUS
2023-02-24_thd,thd,4.22,1,22.3,70.7,13.4,3.94,10.0,2.24,1.3527,1.2149,40.51,6.7311,368.4,493,AMBIGUOUS
2023-02-24_the,the,4.38,1,16.3,71.5,11.3,4.12,9.9,2.29,1.2499,1.3909,48.62,4.6147,394.5,375,AMBIGUOUS
2023-02-27_tha,tha,-5.2,0,205.4,83.0,13.2,7.74,12.3,1.03,6.2893,6.45,25.18,4.435,975.4,171,AMBIGUOUS
2023-02-27_thd,thd,-5.23,0,207.6,89.0,13.4,8.31,12.1,0.15,9.2208,4.4062,38.08,12.5496,988.0,344,AMBIGUOUS
2023-02-27_the,the,-4.7,0,206.6,88.5,11.7,8.71,12.6,0.22,8.8823,4.8273,49.27,13.3925,963.6,50,AMBIGUOUS
2023-03-02_tha,tha,2.97,1,8.2,73.9,12.2,1.91,10.6,1.27,0.5418,2.8781,5.71,0.2381,349.4,726,CONFIRMED_PDL
2023-03-02_thd,thd,3.6,1,355.9,83.2,12.2,2.34,10.7,0.63,0.5114,3.0603,5.15,0.1908,384.3,397,CONFIRMED_PDL
2023-03-02_the,the,3.6,1,355.9,83.3,10.5,2.65,11.0,0.63,0.6719,2.7813,9.99,0.2503,330.5,481,CONFIRMED_PDL
2023-03-03_tha,tha,-0.87,0,257.1,53.2,11.9,2.26,7.4,4.24,0.1289,2.0861,1.5,0.0488,375.6,469,BOUNDARY_LAYER
2023-03-03_the,the,-0.77,0,255.4,49.2,10.0,2.23,7.3,4.61,0.1301,2.0497,2.32,0.06,341.0,359,BOUNDARY_LAYER
2023-03-04_tha,tha,0.87,1,284.2,48.3,12.0,1.67,6.9,4.26,0.0953,2.2652,0.62,0.0943,902.1,468,BOUNDARY_LAYER
2023-03-05_tha,tha,-2.42,0,243.1,56.7,12.1,2.09,7.0,3.88,0.2154,2.2208,2.56,0.2166,520.4,611,AMBIGUOUS
2023-03-05_thd,thd,-2.82,0,239.0,62.6,11.6,1.97,7.2,3.17,0.256,2.7416,3.3,0.315,504.9,553,AMBIGUOUS
2023-03-06_tha,tha,-1.59,0,244.0,51.0,11.9,1.45,7.8,3.46,1.0932,1.5015,5.91,1.0936,466.2,1016,AMBIGUOUS
2023-03-09_tha,tha,-2.82,0,228.1,73.6,11.1,1.27,8.0,1.37,0.4817,1.6485,8.2,0.6074,240.3,195,AMBIGUOUS
2023-03-10_tha,tha,0.54,1,277.5,64.9,10.7,1.51,8.6,2.22,0.0455,1.7396,0.89,0.052,436.8,26,BOUNDARY_LAYER
2023-03-10_thd,thd,0.52,1,277.8,63.9,9.9,1.49,9.0,2.1,0.0525,1.6778,1.29,0.0568,334.0,107,BOUNDARY_LAYER
2023-03-11_tha,tha,1.26,1,41.6,43.9,10.5,1.33,7.2,4.04,0.4991,2.3329,11.38,0.5891,200.6,189,CONFIRMED_PDL
2023-03-11_thd,thd,-0.41,0,104.5,40.5,9.5,1.31,7.2,4.25,0.1634,2.1461,4.6,0.2843,317.1,52,AMBIGUOUS
2023-03-13_thd,thd,5.65,1,352.0,75.3,9.3,1.84,7.4,1.62,0.2306,2.0166,9.58,0.1304,107.6,80,AMBIGUOUS
2023-03-13_the,the,5.39,1,350.4,70.9,8.1,1.67,7.4,2.0,0.2473,2.0435,12.03,0.1799,99.4,442,AMBIGUOUS
2023-04-01_tha,tha,2.58,1,359.1,73.3,5.2,1.97,9.5,1.49,0.2463,2.4721,3.85,0.1454,350.1,264,AMBIGUOUS
2023-04-02_tha,tha,-1.57,0,249.1,63.7,4.9,1.66,7.6,2.66,0.1985,2.155,1.91,0.1047,368.0,626,AMBIGUOUS
2023-04-03_tha,tha,-2.13,0,242.1,62.1,4.9,1.39,6.9,2.84,1.1313,1.5554,10.5,0.8954,309.8,1023,AMBIGUOUS
2023-04-03_thd,thd,-1.95,0,245.3,55.1,2.2,1.24,6.4,3.52,1.1906,1.5982,12.79,1.0082,294.2,895,AMBIGUOUS
2023-04-04_tha,tha,1.13,1,293.1,61.4,4.8,2.3,11.3,2.28,0.8842,2.7074,13.22,0.7862,306.5,712,CONFIRMED_PDL
2023-04-04_thd,thd,1.34,1,300.8,58.9,2.1,2.36,11.3,2.48,0.8595,2.9619,14.04,1.0547,321.4,35,CONFIRMED_PDL
2023-04-05_tha,tha,-2.53,0,221.5,76.2,4.5,1.4,10.4,0.97,0.9474,2.1772,12.75,1.1529,215.9,1021,AMBIGUOUS
2023-04-05_the,the,-2.26,0,224.7,74.0,1.8,1.54,11.4,-1.08,1.0197,1.7557,21.54,3.4151,281.0,213,AMBIGUOUS
2023-04-06_tha,tha,-0.73,0,258.1,59.9,3.9,1.72,7.6,2.98,0.1201,2.4326,3.01,0.1013,310.2,248,AMBIGUOUS
2023-04-06_thd,thd,-0.73,0,256.9,57.2,1.2,1.71,7.9,3.22,0.6171,2.1107,17.22,1.013,244.7,424,AMBIGUOUS
2023-04-06_the,the,-0.57,0,260.4,50.9,1.4,1.73,8.2,3.54,0.8966,6.5874,9.49,0.3184,216.8,72,AMBIGUOUS
2023-04-07_thd,thd,-1.06,0,248.9,42.4,2.4,1.21,7.9,3.65,0.796,1.696,12.16,0.5754,168.3,461,AMBIGUOUS
2023-04-10_tha,tha,0.98,1,78.6,64.9,2.7,4.39,7.2,-4.37,0.5382,2.1021,22.07,0.3396,244.2,189,CONFIRMED_PDL
2023-04-10_thd,thd,-3.03,0,133.9,79.0,0.4,4.65,7.5,-1.96,0.271,2.0954,13.96,0.2704,368.0,32,AMBIGUOUS
2023-04-11_tha,tha,1.89,1,66.8,77.2,2.7,2.29,9.1,-1.31,0.9156,1.6518,21.45,1.2321,227.2,722,AMBIGUOUS
2023-04-11_thd,thd,2.29,1,63.4,77.5,0.5,2.34,9.1,-1.29,0.5027,2.3451,13.34,0.3271,192.9,613,CONFIRMED_PDL
2023-04-11_the,the,1.79,1,67.6,72.5,0.2,2.41,9.0,-1.84,0.9272,1.9691,28.76,1.1128,250.0,403,AMBIGUOUS
2023-04-12_thd,thd,1.6,1,66.0,62.2,0.6,1.79,7.5,-3.0,0.8329,1.7233,26.21,0.6973,117.0,615,CONFIRMED_PDL
2023-04-12_the,the,1.25,1,73.9,80.3,0.3,1.96,7.5,-1.1,1.0384,1.2965,44.65,3.7854,171.3,343,AMBIGUOUS
2023-04-13_thd,thd,-2.38,0,124.6,83.8,1.1,1.74,8.3,-0.6,0.9852,1.8192,25.18,1.199,165.2,677,AMBIGUOUS
2023-04-13_the,the,-2.34,0,127.3,66.3,0.5,1.74,8.3,-2.24,1.193,1.6404,33.91,2.795,171.7,583,AMBIGUOUS
2023-04-14_thd,thd,1.46,1,73.2,61.1,1.8,1.86,7.2,-3.21,1.2226,1.4015,36.38,1.2428,131.4,710,AMBIGUOUS
2023-04-14_the,the,1.43,1,73.4,62.9,1.1,1.87,7.0,-3.13,0.6859,1.8423,25.02,0.4339,131.0,581,CONFIRMED_PDL
2023-04-15_the,the,-1.38,0,250.1,65.4,3.8,1.84,10.0,-2.0,0.1318,3.7122,5.98,0.1711,294.8,22,AMBIGUOUS
2023-04-17_tha,tha,2.55,1,30.7,58.2,0.3,2.81,9.1,-3.43,0.7746,2.5902,50.07,1.1488,146.9,674,CONFIRMED_PDL
2023-04-17_thd,thd,2.66,1,29.6,57.7,3.0,2.93,9.5,-3.41,0.262,3.4396,17.65,0.2863,164.6,289,AMBIGUOUS
2023-04-17_the,the,3.0,1,339.6,54.4,2.4,2.92,9.2,-3.82,1.0874,2.0164,82.66,2.9676,150.3,467,AMBIGUOUS
2023-04-19_thd,thd,-6.03,0,148.3,83.0,3.1,2.06,6.6,0.93,2.2752,1.228,33.95,2.8885,233.1,705,AMBIGUOUS
2023-04-19_the,the,-6.14,0,156.7,86.3,2.5,2.01,6.7,0.48,1.2448,1.2969,22.24,0.8539,202.0,607,AMBIGUOUS
2023-04-24_tha,tha,-27.32,0,211.3,88.4,2.0,2.7,1.8,0.88,0.1288,1.1341,4.58,0.0674,390.2,418,BOUNDARY_LAYER
2023-04-24_thd,thd,-27.32,0,211.2,88.4,5.5,2.73,1.8,0.88,0.2936,1.1026,5.15,0.0896,321.8,365,BOUNDARY_LAYER
2023-04-24_the,the,-27.29,0,209.3,88.4,4.4,5.88,2.5,0.92,0.5095,1.2736,10.28,0.1087,254.4,25,AMBIGUOUS
2023-05-09_tha,tha,0.8,1,79.7,64.4,24.0,3.1,6.7,-4.64,2.2535,1.4,25.7,1.2898,390.3,318,AMBIGUOUS
2023-05-09_the,the,0.8,1,79.7,64.4,18.7,3.1,6.7,-4.64,4.3252,1.354,43.4,2.2417,376.8,520,AMBIGUOUS
2023-05-10_tha,tha,7.8,1,34.6,64.2,14.2,6.58,6.6,-6.35,0.4993,1.7997,18.56,0.365,414.5,523,CONFIRMED_PDL
2023-05-10_thd,thd,7.8,1,30.3,62.3,13.8,6.04,6.8,-6.78,0.5976,2.8805,13.09,0.141,239.6,131,CONFIRMED_PDL
2023-05-10_the,the,6.87,1,38.2,66.6,11.7,6.31,6.7,-5.77,0.6143,1.9703,31.8,0.9635,504.6,363,CONFIRMED_PDL
2023-05-12_tha,tha,2.06,1,34.1,51.6,16.0,5.84,9.2,-5.15,65.0622,1.6297,23.31,0.4707,332.4,411,AMBIGUOUS
2023-05-12_thd,thd,2.41,1,337.4,50.3,15.2,6.09,9.8,-5.47,1.0061,1.3171,30.51,1.3351,413.3,460,AMBIGUOUS
2023-05-12_the,the,1.45,1,52.7,50.5,13.3,5.77,8.6,-5.09,27.6663,1.1929,24.13,0.049,295.9,385,BOUNDARY_LAYER
2024-03-03_tha,tha,-13.43,0,178.7,81.4,26.5,7.94,6.7,2.18,1.6382,1.2725,148.03,1.4285,128.8,668,AMBIGUOUS
2024-03-03_thd,thd,-11.9,0,173.0,82.5,27.0,7.5,7.0,1.76,1.5609,1.3901,143.76,0.7903,113.0,390,AMBIGUOUS
2024-03-03_the,the,-13.57,0,182.8,81.2,28.9,8.08,6.8,2.24,1.1226,1.5286,140.09,0.7872,113.5,438,AMBIGUOUS
2024-03-23_thd,thd,-2.03,0,180.1,80.2,9.0,5.45,9.1,-1.5,1.435,1.7319,138.12,2.9539,172.8,427,AMBIGUOUS
2024-03-25_tha,tha,8.43,1,309.2,84.1,8.5,6.2,5.6,1.62,2.2559,12.8304,12.24,0.2828,561.0,297,AMBIGUOUS
2024-03-25_thd,thd,6.47,1,302.1,82.2,7.1,6.08,5.7,2.0,2.7542,2.1588,39.09,11.6005,875.4,432,AMBIGUOUS
2024-03-25_the,the,9.12,1,312.2,84.6,9.2,6.17,5.5,1.49,0.8761,8.0697,13.8,0.2257,455.0,274,CONFIRMED_PDL
2024-04-14_tha,tha,-1.53,0,203.3,27.7,0.3,1.64,10.7,3.78,0.0875,2.4124,2.22,0.087,222.2,217,BOUNDARY_LAYER
2024-04-15_tha,tha,-1.53,0,203.3,27.7,0.3,1.64,10.7,3.78,0.0875,2.4146,2.22,0.087,222.2,217,BOUNDARY_LAYER
2024-04-15_the,the,-1.53,0,203.3,27.7,5.9,1.64,10.7,3.78,0.6535,1.6332,22.36,2.6222,197.4,116,AMBIGUOUS
2024-04-17_tha,tha,3.45,1,29.2,81.3,1.5,4.34,14.3,0.77,1.195,1.9386,86.86,3.9634,186.4,545,AMBIGUOUS
2024-04-17_thd,thd,3.49,1,23.5,82.5,5.3,4.4,14.5,0.65,0.5415,3.1612,43.76,0.4527,159.9,33,CONFIRMED_PDL
2024-04-17_the,the,3.74,1,7.3,80.3,3.2,5.02,14.9,-0.84,1.2807,1.8475,128.28,4.293,188.6,177,AMBIGUOUS
2024-04-18_tha,tha,3.99,1,319.9,79.4,1.7,2.11,8.7,1.12,0.6072,2.8445,19.08,0.2577,123.4,781,CONFIRMED_PDL
2024-04-18_thd,thd,4.12,1,321.5,82.3,5.5,2.19,8.6,0.82,0.7032,2.4283,25.56,0.3657,128.3,601,CONFIRMED_PDL
2024-04-18_the,the,4.66,1,332.6,80.5,3.4,2.54,8.4,-1.06,0.4788,2.3751,20.92,0.1996,115.5,447,CONFIRMED_PDL
2024-04-19_thd,thd,-10.78,0,152.3,79.5,5.7,3.31,4.2,2.88,1.2728,1.5806,36.21,0.1976,99.7,436,AMBIGUOUS
2024-04-19_the,the,-7.74,0,146.9,77.3,3.5,4.09,4.6,3.32,1.5809,1.1098,92.12,1.7463,168.0,451,AMBIGUOUS
2024-04-26_the,the,-6.44,0,197.7,52.8,6.3,2.27,5.8,5.46,3.1858,1.595,47.28,0.3615,124.6,12,AMBIGUOUS
2024-04-27_the,the,3.5,1,48.4,81.3,6.4,1.95,5.6,-1.39,0.22,1.4633,7.53,1.192,418.0,417,AMBIGUOUS
2024-04-28_thd,thd,2.99,1,43.0,57.1,9.4,1.86,7.9,-3.31,1.1967,1.541,24.49,1.3641,190.4,218,AMBIGUOUS
2024-04-28_the,the,2.88,1,33.1,52.6,6.8,1.9,8.6,-3.35,1.0995,0.8155,30.43,6.0864,172.7,451,AMBIGUOUS
2024-05-16_tha,tha,-1.15,0,112.5,39.3,13.5,1.42,7.7,-4.15,4.0906,2.5088,57.53,2.2757,234.3,201,AMBIGUOUS
2024-05-17_tha,tha,7.37,1,27.2,69.5,13.9,2.54,6.4,3.17,0.4044,1.9281,12.15,0.1435,136.6,207,CONFIRMED_PDL
2024-05-18_tha,tha,-3.99,0,146.1,69.7,14.1,1.69,6.5,2.38,1.8157,1.2326,30.89,2.0097,212.3,890,AMBIGUOUS
2024-05-19_tha,tha,-2.28,0,105.2,76.1,14.2,1.43,4.6,-2.22,0.4827,1.4559,9.25,0.1897,130.1,825,AMBIGUOUS
2024-05-19_thd,thd,-2.38,0,106.0,75.7,16.8,1.43,4.6,-2.27,0.3419,1.4179,6.82,0.2143,249.0,633,AMBIGUOUS
2024-05-20_the,the,1.78,1,58.8,43.7,14.3,1.45,7.0,-4.36,1.4787,1.2937,32.81,0.7861,146.7,256,AMBIGUOUS
2024-05-22_the,the,2.36,1,6.5,62.2,15.5,2.05,9.4,-2.53,1.3312,1.2058,46.52,2.9191,168.8,287,AMBIGUOUS
2024-05-23_tha,tha,1.62,1,18.4,61.0,16.1,2.08,9.5,-2.48,0.8888,2.0653,24.88,0.8058,161.0,772,CONFIRMED_PDL
2024-05-23_thd,thd,1.63,1,18.3,61.0,18.4,2.08,9.7,-2.48,0.7809,2.4058,26.0,0.6209,151.2,676,CONFIRMED_PDL
2024-05-23_the,the,2.25,1,11.8,57.3,15.5,2.06,9.4,-2.84,1.0628,1.6815,38.27,1.2274,165.9,567,AMBIGUOUS
2024-05-24_tha,tha,-4.94,0,226.0,62.5,16.5,1.64,5.1,4.15,0.1626,3.06,4.18,0.1024,361.2,179,AMBIGUOUS
2024-05-24_the,the,-4.93,0,218.0,63.4,16.0,1.65,5.1,4.17,0.6753,1.6944,24.21,0.3869,130.4,121,AMBIGUOUS
2024-05-31_tha,tha,-4.84,0,180.9,76.2,19.0,5.09,11.5,-1.6,1.2283,2.0125,61.54,2.7847,148.3,614,AMBIGUOUS
2024-05-31_thd,thd,-4.77,0,182.3,76.6,20.7,5.07,11.3,-1.59,1.5228,1.4275,71.07,2.2759,176.1,500,AMBIGUOUS
2024-05-31_the,the,-5.36,0,179.5,76.3,17.9,5.14,10.8,-1.62,0.9418,1.6961,81.48,3.5354,154.7,416,AMBIGUOUS
2024-06-03_thd,thd,-1.99,0,212.5,38.5,20.8,2.8,11.0,-4.3,0.7812,1.8769,61.14,1.4379,98.4,631,AMBIGUOUS
2024-06-03_the,the,-1.91,0,217.3,34.6,18.2,2.75,10.9,-4.43,1.1749,1.4959,100.81,6.6541,102.1,525,AMBIGUOUS
2024-06-08_tha,tha,-1.03,0,160.7,74.2,21.5,5.04,14.4,1.2,2.7242,2.8393,24.6,0.4922,283.7,595,AMBIGUOUS
2024-06-08_the,the,-1.02,0,168.4,74.3,20.0,5.04,14.4,1.18,2.7269,1.9857,43.76,0.8413,321.8,400,AMBIGUOUS
2025-04-16_tha,tha,4.85,1,304.5,58.5,27.8,8.67,6.3,-8.8,0.3029,1.1626,7.32,0.1093,238.6,395,AMBIGUOUS
2025-04-21_tha,tha,5.98,1,56.9,68.8,27.4,10.05,8.4,-4.97,0.4474,1.9479,23.74,0.1646,289.2,239,CONFIRMED_PDL
2025-04-21_thd,thd,2.37,1,75.2,58.0,29.0,8.39,6.3,-8.68,1.2051,1.2205,86.05,1.0332,160.0,469,AMBIGUOUS
2025-04-21_the,the,5.98,1,56.9,68.9,28.6,10.11,8.4,-4.86,0.4815,1.1129,36.24,0.3393,280.6,144,AMBIGUOUS
2025-05-17_tha,tha,0.37,1,275.6,77.3,21.0,6.67,5.2,3.71,0.5909,1.7152,34.23,0.2789,213.3,520,CONFIRMED_PDL
2025-05-17_thd,thd,2.77,1,68.8,56.1,21.3,7.55,5.3,-9.45,0.2862,1.8866,22.06,0.2189,281.9,328,AMBIGUOUS
2025-05-17_the,the,0.01,1,270.2,74.3,19.6,6.53,5.2,4.56,0.6332,1.4315,47.96,0.3942,205.0,132,CONFIRMED_PDL
2025-05-25_tha,tha,2.17,1,64.5,44.4,23.1,3.74,8.7,-5.55,1.1651,0.8909,40.14,3.8534,275.1,658,AMBIGUOUS
2025-05-27_thd,thd,-3.56,0,159.5,67.6,22.1,7.38,17.5,-2.13,7.8452,5.5463,89.91,6.939,255.3,375,AMBIGUOUS
2025-05-29_tha,tha,-1.68,0,246.6,55.5,23.5,4.39,9.8,4.19,0.2573,3.4291,3.0,0.1408,904.6,352,AMBIGUOUS
2025-05-29_thd,thd,-1.42,0,247.6,54.0,22.4,4.36,10.0,4.24,1.0518,2.2608,14.43,1.1702,716.5,462,AMBIGUOUS
2025-05-29_the,the,-1.97,0,247.0,64.5,20.7,4.45,8.2,3.92,0.1315,3.6178,2.45,0.0907,884.2,120,BOUNDARY_LAYER
2025-05-31_the,the,-1.32,0,241.1,45.3,23.3,1.98,7.3,4.77,0.7063,1.4457,6.93,0.9233,642.2,475,AMBIGUOUS
2025-06-01_tha,tha,-1.67,0,243.9,73.1,24.7,3.83,10.6,1.87,1.0462,1.4202,12.11,3.6771,687.1,664,AMBIGUOUS
2025-06-01_thd,thd,-1.65,0,245.2,72.8,23.4,3.81,10.6,1.91,1.0136,2.1692,13.41,0.989,447.6,208,AMBIGUOUS
2025-06-01_the,the,-1.69,0,242.6,71.9,21.9,3.74,10.8,1.97,1.0245,1.4277,19.42,4.1785,728.2,337,AMBIGUOUS
2025-06-02_tha,tha,-5.43,0,129.7,57.5,24.9,2.87,5.0,6.45,0.1154,1.1697,0.68,0.0567,388.0,19,BOUNDARY_LAYER
2025-06-03_tha,tha,-7.04,0,193.5,47.2,25.0,2.33,5.6,6.38,1.2928,1.5027,10.84,0.7722,311.9,884,AMBIGUOUS
2025-06-03_thd,thd,-6.92,0,195.0,47.2,23.4,2.32,5.6,6.34,1.436,1.4529,15.12,1.011,311.7,714,AMBIGUOUS
2025-06-03_the,the,-7.29,0,188.5,50.4,22.2,2.42,5.6,6.16,1.1606,1.0972,17.17,1.0336,322.0,597,AMBIGUOUS
2025-06-04_thd,thd,-2.49,0,234.8,55.7,23.1,3.27,6.7,5.19,1.2421,2.2993,14.35,0.6572,369.1,558,AMBIGUOUS
2025-06-04_the,the,-3.25,0,231.1,54.9,22.0,2.89,6.7,5.08,1.0083,0.4987,20.76,5.5443,490.7,13,AMBIGUOUS
2025-06-05_tha,tha,0.49,1,40.6,55.2,24.9,3.3,15.5,2.12,1.7011,1.0696,19.75,12.9831,471.9,670,AMBIGUOUS
2025-06-06_thd,thd,-1.65,0,243.9,46.1,23.5,2.1,9.9,3.62,0.5067,2.661,13.78,0.3647,209.7,488,AMBIGUOUS
2025-06-06_the,the,-1.86,0,238.6,50.6,22.2,2.11,10.3,3.21,1.0502,1.858,30.73,1.3388,259.5,35,AMBIGUOUS
2025-06-07_tha,tha,8.64,1,309.3,64.7,25.9,3.4,4.3,6.59,1.1966,1.2212,24.89,0.2353,154.6,607,AMBIGUOUS
2025-06-07_thd,thd,8.64,1,309.3,64.7,24.0,3.4,4.3,6.59,0.096,1.2331,4.41,0.1087,321.0,123,AMBIGUOUS
2025-06-07_the,the,8.26,1,308.1,65.0,22.7,3.47,4.3,6.53,2.0419,0.6361,54.6,1.2521,188.8,182,AMBIGUOUS
2025-06-08_tha,tha,9.24,1,311.1,65.2,25.8,3.06,4.2,6.46,0.2724,1.3919,7.21,0.0834,171.9,521,BOUNDARY_LAYER
2025-06-08_thd,thd,9.32,1,311.3,65.2,23.9,3.0,4.2,6.46,0.0995,1.2924,4.41,0.1076,314.5,129,AMBIGUOUS
2025-06-08_the,the,8.64,1,309.3,64.8,22.8,3.4,4.3,6.58,1.9689,0.5944,54.6,1.2521,188.8,182,AMBIGUOUS
2025-06-09_the,the,-0.83,0,263.8,81.8,23.0,4.49,8.0,-1.36,0.1791,2.3499,6.7,0.274,540.4,65,AMBIGUOUS
2025-06-10_tha,tha,-0.51,0,259.7,70.5,26.2,1.97,11.3,1.46,0.9868,1.5578,15.43,1.8741,260.6,601,AMBIGUOUS
2025-06-10_thd,thd,-0.46,0,260.7,69.9,24.0,1.97,11.3,1.5,0.9426,1.654,20.8,2.3274,260.6,719,AMBIGUOUS
2025-06-11_thd,thd,0.79,1,279.9,88.7,23.8,2.51,10.3,0.13,0.5929,2.1205,15.36,0.3213,195.2,315,CONFIRMED_PDL
2025-06-27_tha,tha,0.7,1,309.8,59.1,26.6,2.05,11.9,2.16,1.3329,1.8678,8.06,1.6699,534.9,451,AMBIGUOUS
2025-06-28_tha,tha,-0.23,0,266.1,56.5,26.9,1.6,10.5,2.34,0.5626,2.5355,3.86,0.374,444.1,913,AMBIGUOUS
2025-06-28_thd,thd,-0.26,0,265.5,56.1,23.3,1.6,10.4,2.38,0.9689,1.8451,8.62,1.2631,396.0,294,AMBIGUOUS
2025-07-01_thd,thd,0.77,1,287.2,55.3,23.4,1.64,9.4,2.68,0.0942,2.9767,1.26,0.123,531.2,308,AMBIGUOUS
2025-07-02_thd,thd,-1.99,0,242.2,45.8,23.1,2.06,8.1,4.39,2.2712,1.3977,47.63,3.3381,162.6,721,AMBIGUOUS
2025-07-02_the,the,-1.79,0,246.4,47.4,23.6,1.53,6.8,4.33,0.2183,2.4359,4.12,0.0753,287.0,126,BOUNDARY_LAYER
2025-07-03_tha,tha,6.01,1,329.4,80.0,26.5,7.68,7.8,2.17,2.6808,6.7146,35.05,0.17,107.8,228,AMBIGUOUS
2025-07-04_thd,thd,-2.11,0,256.1,78.5,22.3,1.6,4.8,1.87,2.1659,1.313,37.13,0.4843,94.6,836,AMBIGUOUS
2025-07-05_tha,tha,-1.91,0,259.6,86.6,26.2,3.13,5.3,0.71,0.7045,1.4287,17.26,0.2456,143.6,743,AMBIGUOUS
2025-07-05_thd,thd,-1.69,0,260.6,87.1,22.3,3.15,5.3,0.6,0.4211,1.6242,15.17,0.2289,168.6,520,AMBIGUOUS
2025-07-06_tha,tha,-7.24,0,215.1,79.3,26.4,4.12,6.9,2.04,1.7001,1.2351,41.18,1.8015,274.5,706,AMBIGUOUS
2025-07-07_tha,tha,-6.1,0,221.3,78.7,26.4,4.1,6.9,2.19,1.6348,1.1991,40.9,1.7986,272.1,698,AMBIGUOUS
2025-07-08_tha,tha,2.29,1,293.6,65.1,26.5,2.71,6.8,3.51,0.3547,2.0306,4.83,0.1633,358.1,136,AMBIGUOUS
2025-07-08_thd,thd,2.29,1,293.7,64.9,22.5,2.7,6.8,3.56,1.2085,1.2219,21.18,1.4863,342.8,613,AMBIGUOUS
2025-07-10_thd,thd,0.14,1,78.5,63.6,21.8,2.6,36.7,0.68,0.4758,13.4899,19.5,0.4176,217.3,392,CONFIRMED_PDL
2025-07-11_tha,tha,0.02,1,89.8,50.7,25.2,4.62,6.7,-7.14,0.1252,1.9653,4.29,0.1077,444.3,134,AMBIGUOUS
2025-07-11_thd,thd,-0.06,0,90.5,50.9,21.2,4.65,6.6,-7.13,1.4344,1.2646,65.88,2.6855,243.7,363,AMBIGUOUS
2025-07-11_the,the,-2.58,0,111.5,51.1,22.3,4.44,6.4,-7.34,0.1265,2.2881,6.31,0.1282,392.7,27,AMBIGUOUS
2025-07-12_tha,tha,0.92,1,84.1,52.5,25.0,3.89,6.0,-7.18,1.2109,1.3025,20.38,0.4973,242.3,660,AMBIGUOUS
2025-07-12_thd,thd,0.92,1,84.1,52.4,20.9,3.88,5.9,-7.2,1.0877,1.4572,26.07,0.558,246.4,518,AMBIGUOUS
2025-07-13_the,the,-0.94,0,146.3,54.5,21.9,2.87,10.4,-3.36,1.1696,1.2531,21.02,2.5938,423.3,471,AMBIGUOUS
2025-07-14_tha,tha,1.45,1,71.1,50.4,25.9,2.83,6.8,-5.18,1.0682,1.3688,15.14,0.9965,328.6,686,AMBIGUOUS
2025-07-14_thd,thd,1.45,1,71.1,50.4,21.5,2.83,6.8,-5.18,0.5211,1.7252,13.15,0.6038,324.2,454,CONFIRMED_PDL
2025-07-15_thd,thd,-0.66,0,97.2,56.5,21.2,2.79,6.2,-5.13,0.3844,1.8652,11.11,0.4841,369.5,467,AMBIGUOUS
2025-07-22_tha,tha,-2.97,0,256.1,69.2,25.7,6.11,5.7,5.46,1.1014,1.8496,33.33,0.5217,261.4,588,AMBIGUOUS
2025-07-22_thd,thd,-2.97,0,256.1,69.2,21.4,6.11,5.7,5.46,1.1546,1.7668,56.65,1.0657,241.2,460,AMBIGUOUS
2025-07-23_tha,tha,-2.37,0,258.0,67.5,24.1,6.37,5.9,5.8,0.8789,1.9435,33.31,0.5196,261.3,572,AMBIGUOUS
2025-07-23_thd,thd,-1.83,0,260.4,65.7,19.4,6.48,5.9,6.26,1.1077,1.3926,56.1,1.0518,239.2,441,AMBIGUOUS
2025-08-08_the,the,-0.02,0,90.2,68.0,30.0,7.23,6.8,-5.39,1.1519,2.1058,70.85,1.319,225.4,368,AMBIGUOUS
2025-08-09_tha,tha,-7.75,0,129.4,65.6,26.1,5.57,5.7,-6.17,0.8401,1.2898,39.44,0.6394,215.0,714,AMBIGUOUS
2025-08-09_thd,thd,-8.27,0,130.0,64.2,20.0,5.17,5.4,-6.48,0.6713,1.5124,42.98,0.5067,195.1,546,AMBIGUOUS
2025-08-09_the,the,-7.59,0,128.9,65.6,20.9,5.8,5.7,-6.16,0.8239,1.8372,61.56,0.6085,225.6,456,AMBIGUOUS
